step,q1,q2,cv,q3,ch,mse,log_mse,mae,log_mae,mu_x,mu_y,sigma_x,sigma_y,xopt_runtime,xopt_error,run,best_mae
0,10.0,-10.0,0.0,10.0,0.0,2.8923974326744428e-08,-17.35859489440918,0.00017351825954392552,-8.65922737121582,-5.606640343103209e-07,-3.382152272024541e-06,0.00015706980775576085,0.0001820810721255839,0.43313189991749823,0.0,0.0,0.00017351825954392552
1,-30.0,30.0,0.006,-30.0,-0.006,1.371964935970027e-05,-11.196681022644043,0.005925097037106752,-5.128558158874512,-0.002709186403080821,0.001995606580749154,0.0021733890753239393,0.00026721879839897156,0.00213939999230206,0.0,0.0,0.00017351825954392552
2,24.576104592213632,-3.007255620849516,-0.004176754209318845,6.9431661584141215,0.004197069967783531,2.679333192645572e-05,-10.52735710144043,0.007410296238958836,-4.9048848152160645,0.0018859022529795766,-0.004758513532578945,0.0006841534050181508,0.0008476076764054596,0.002703599981032312,0.0,0.0,0.00017351825954392552
3,13.026925266555343,-8.631235106658432,0.0017469267039774896,23.72713106197247,-0.0017666527298710118,7.999558874871582e-06,-11.736124038696289,0.0037753544747829437,-5.57926082611084,-0.0007951942388899624,0.0026867093984037638,4.30415639129933e-05,0.0005438603111542761,0.0021080999867990613,0.0,0.0,0.00017351825954392552
4,4.324817803239776,-24.101807321218367,9.397797001213387e-06,-8.278682501616396,-7.406912958429388e-06,2.67953737420612e-07,-15.132451057434082,0.0004801020259037614,-7.641511917114258,-5.1884398999391124e-08,1.1845443623315077e-05,0.0006886537303216755,0.0002477556699886918,0.0026533000636845827,0.0,0.0,0.00017351825954392552
5,-1.6675954888413433,6.099471442964817,-0.0008164469355967675,9.125178633345001,-0.002459657554904308,2.2016308776073856e-06,-13.026311874389648,0.002223074436187744,-6.1088643074035645,-0.0011070406762883067,-0.0009737111977301538,5.444473208626732e-05,0.000230200428632088,0.005558700067922473,0.0,0.0,0.00017351825954392552
6,30.0,-14.99385527283717,0.006,-12.349629315288507,0.006,2.9162758437450975e-05,-10.442618370056152,0.00845156330615282,-4.773403644561768,0.0026881922967731953,0.004207753576338291,0.0029014425817877054,0.00020979267719667405,0.002087000058963895,0.0,0.0,0.00017351825954392552
7,15.715106746925123,-12.917340750546147,-0.00013362823966487535,-1.763540658958613,0.004808641692706487,4.942698978993576e-06,-12.217598915100098,0.002646274399012327,-5.934602737426758,0.0021611107513308525,-0.00012504940968938172,0.0007164556300267577,3.773094249481801e-06,0.002533299964852631,0.0,0.0,0.00017351825954392552
8,25.46851866568825,-28.157253351887498,-0.0003195298304294814,8.325031738549482,-0.0009632100794891562,1.366670403513126e-06,-13.503132820129395,0.0017746435478329659,-6.334155559539795,-0.0004386103246361017,-0.000361434678779915,0.0012808892643079162,0.000668307940941304,0.0026516999350860715,0.0,0.0,0.00017351825954392552
9,-19.768900087001704,25.750643401100362,0.00024240231947576086,13.800432538709716,0.0012839517504190392,1.2850786106355372e-06,-13.564690589904785,0.001819839933887124,-6.309006690979004,0.0005743222427554429,0.0003317125956527889,0.0008130099740810692,0.0010146001586690545,0.0020833000307902694,0.0,0.0,0.00017351825954392552
10,22.03623282904281,29.420216478091987,0.00020007224300145447,-21.026170361228033,0.00014800693451665363,1.0655641347057099e-07,-16.05459213256836,0.00046064535854384303,-7.682882308959961,6.500547169707716e-05,9.926075290422887e-05,0.00036447762977331877,0.0002282806672155857,0.002062199986539781,0.0,0.0,0.00017351825954392552
11,0.23785492637062558,27.23384758671452,-0.00038396098719182685,8.364535078256974,0.001021876864002359,8.467987413496303e-07,-13.981802940368652,0.0015526952920481563,-6.4677629470825195,0.00045779149513691664,-0.00046351447235792875,0.0004773518303409219,0.0007854268187656999,0.002904199995100498,0.0,0.0,0.00017351825954392552
12,0.3377449632076963,5.83425728512443,0.0003330505010244016,4.275829220141352,-0.0053787365651001865,6.01658439336461e-06,-12.020990371704102,0.0029166245367377996,-5.8373284339904785,-0.00242049852386117,0.000352611968992278,3.0200844776118174e-05,0.0002568270137999207,0.002640100079588592,0.0,0.0,0.00017351825954392552
13,12.671250375084854,3.528483699779413,0.00045485956313460183,-14.976220284410383,0.0005376823222211095,3.4033234896924114e-07,-14.893342971801758,0.0008876585052348673,-7.026923656463623,0.00023953081108629704,0.0002913564967457205,0.0006228220299817622,9.072045213542879e-05,0.0029751999536529183,0.0,0.0,0.00017351825954392552
14,-6.565423695185168,-23.596128613614564,0.00011913042728895368,-27.258949009890866,-0.000321924840538429,8.376243386010174e-06,-11.69011116027832,0.00224861316382885,-6.097441673278809,-0.00012707941641565412,4.744649777421728e-05,0.004088039975613356,6.013458551024087e-05,0.002882300061173737,0.0,0.0,0.00017351825954392552
15,25.55616656995684,22.255941235672267,0.00041850844141880466,6.828681379683246,0.00044889462441110466,3.6326487133919727e-06,-12.525548934936523,0.001984751084819436,-6.222261905670166,0.00020154504454694688,0.00042766513070091605,0.00010189037129748613,0.0026091914623975754,0.0022360000293701887,0.0,0.0,0.00017351825954392552
16,23.81118729138251,19.403900275161057,-0.000304466043420129,-28.415046012049704,-0.0011866011640360038,8.827120723253756e-07,-13.940266609191895,0.0013491216814145446,-6.608301639556885,-0.0005380817456170917,-0.00010368737275712192,0.0009938511066138744,0.00042085396125912666,0.0020723999477922916,0.0,0.0,0.00017351825954392552
17,3.7185694313769173,-21.83621796729281,0.00024173722418746976,12.212989089978084,0.0002116584129977488,1.5872612380007922e-07,-15.656085968017578,0.00063530751504004,-7.361401557922363,9.620180208003148e-05,0.00030935381073504686,0.0001983575348276645,0.0002611463132780045,0.00541980005800724,0.0,0.0,0.00017351825954392552
18,8.273922434185515,-19.12740362868665,0.00021426357722072756,0.0028945668275104294,-0.00021135581263219036,7.139830415781034e-08,-16.454992294311523,0.0004103980609215796,-7.798382759094238,-9.492131357546896e-05,0.00021217593166511506,2.1456073227454908e-05,0.0001851455745054409,0.005384099902585149,0.0,0.0,0.00017351825954392552
19,4.935256813823994,-11.982722888662565,-0.00011120016827787925,7.77410685459646,-0.001796182299289355,6.728960784130322e-07,-14.211674690246582,0.0009844126179814339,-6.923465251922607,-0.0008077939273789525,-0.00012873757805209607,8.659876039018854e-05,9.163522918242961e-06,0.0019887000089511275,0.0,0.0,0.00017351825954392552
20,5.834236810587906,6.909531506820598,0.0002560752907642109,-2.746547010837942,-0.00010757101811769775,1.3118085462338058e-07,-15.846689224243164,0.0005425560520961881,-7.519218921661377,-4.910282586934045e-05,0.00022739206906408072,0.0001868519320851192,0.0003452703240327537,0.0025825999910011888,0.0,0.0,0.00017351825954392552
21,7.953662219472727,-23.367021290642096,0.00017012858432653932,1.327854152781649,5.208386422050676e-05,7.495692244674501e-08,-16.406352996826172,0.000373201648471877,-7.8933916091918945,2.393379145360086e-05,0.00017616206605453044,5.741045606555417e-05,0.0002888011222239584,0.005389900063164532,0.0,0.0,0.00017351825954392552
22,21.8999469207233,-25.045868557988985,0.00022013639144613826,-25.315834004542324,0.0003119194325732085,5.1679680836969055e-06,-12.173030853271484,0.0020177559927105904,-6.205769062042236,0.00012767472071573138,0.00010127391578862444,0.003182213054969907,0.00039540164289064705,0.003719699918292463,0.0,0.0,0.00017351825954392552
23,15.742961498823917,-13.290370452907505,-0.0007867015482250682,13.630271228456813,0.0011438147187881503,1.3696375162908225e-06,-13.500964164733887,0.0017772030550986528,-6.332714557647705,0.0005135586252436042,-0.0010221177944913507,0.00029477328644134104,0.00018827992607839406,0.0020941999973729253,0.0,0.0,0.00017351825954392552
24,18.76589413870081,2.023533725216991,-0.00016662170656774568,6.2041483634260395,0.0005330254500084392,6.048669547453756e-07,-14.318257331848145,0.0011161962756887078,-6.797828674316406,0.00023804104421287775,-0.00020249230146873742,0.0004505410324782133,0.0009007848566398025,0.0024152001133188605,0.0,0.0,0.00017351825954392552
25,-14.183621342557,-23.303878932892946,-3.321346152976516e-05,12.736662733514294,0.0006881913517339988,7.772312642373436e-07,-14.067527770996094,0.0010468969121575356,-6.861924648284912,0.00031456927536055446,-3.7814501411048695e-05,0.0011355335591360927,0.00025349267525598407,0.0026413999730721116,0.0,0.0,0.00017351825954392552
26,4.9410328491224424,10.745327124637946,-7.799643852626018e-05,-18.776502350823236,0.0005449223688196494,9.894942110122429e-08,-16.1286563873291,0.00043655294575728476,-7.736600875854492,0.0002442012482788414,-4.441892451723106e-05,0.00027226307429373264,2.3602437067893334e-05,0.002153300098143518,0.0,0.0,0.00017351825954392552
27,-1.2745755201737197,-17.140811715585066,-0.00021121730054246988,-10.893643341235403,0.000779689915312447,1.0869950983760646e-06,-13.732093811035156,0.0012593138962984085,-6.677188396453857,0.00035692579695023596,-0.00015219573106151074,0.0013614590279757977,0.0001389258832205087,0.0026878000935539603,0.0,0.0,0.00017351825954392552
28,6.884354367118857,18.732684736389455,0.0001961581412751112,-2.255834197941062,-0.0002762419465938789,3.4018398764601443e-07,-14.893778800964355,0.0008169864886440337,-7.109888076782227,-0.00012585580407176167,0.00016894523287191987,0.00037011908716522157,0.0006742518162354827,0.0024970000376924872,0.0,0.0,0.00017351825954392552
29,-6.407747143184252,-21.278591043755032,0.0003829679831118903,5.884967874092888,-0.00010262443144159907,8.810560530037037e-07,-13.942144393920898,0.0011596926487982273,-6.7596001625061035,-4.113063187105581e-05,0.00042930623749271035,0.0011582834413275123,0.00022022798657417297,0.0026642000302672386,0.0,0.0,0.00017351825954392552
30,11.27355836448242,-13.01691982857183,-0.001108130419228187,23.31127408004251,-0.0006654523237190481,3.016828259205795e-06,-12.711304664611816,0.0021440384443849325,-6.145063877105713,-0.00029971805633977056,-0.0017030860763043165,6.0315880546113476e-05,0.00022215297212824225,0.002614600001834333,0.0,0.0,0.00017351825954392552
31,2.715783560324555,-12.523109298978616,4.872770995945938e-05,0.8710376416730035,0.0004661473688911348,1.1171100311457849e-07,-16.00735092163086,0.0004690911737270653,-7.664713382720947,0.0002114440721925348,4.949444701196626e-05,0.0003538413147907704,6.246400153031573e-05,0.002598899998702109,0.0,0.0,0.00017351825954392552
32,7.749379424364625,24.859810950711648,0.00019059172938150785,-13.436758206970232,0.0004185707684612525,2.8888902647850045e-07,-15.057223320007324,0.0007888092659413815,-7.144986152648926,0.00018593514687381685,0.00012198196782264858,0.0005713374121114612,0.0003904468030668795,0.0027191999834030867,0.0,0.0,0.00017351825954392552
33,6.109263741925572,10.804633900504523,9.761661891121645e-05,-11.223248567701132,-6.096694689220805e-05,7.303932392233037e-08,-16.432268142700195,0.00035283830948174,-7.949500560760498,-2.8580072466866113e-05,6.67580752633512e-05,0.00029570396873168647,0.00021929632930550724,0.0026089000748470426,0.0,0.0,0.00017351825954392552
34,5.2304231234054175,-1.121127679478045,5.2553424144279895e-05,-9.370320899966858,-3.674632555225116e-05,4.150071397646116e-09,-19.300140380859375,9.631393186282367e-05,-9.247897148132324,-1.6305531971738674e-05,3.894956535077654e-05,1.4957015991967637e-05,6.716064672218636e-05,0.002593599958345294,0.0,0.0,9.631393186282367e-05
35,11.797659666498634,1.6430306439292424,5.1736607395745395e-05,0.7347278433559657,-0.00011292445747730492,1.7227311843726056e-07,-15.57418441772461,0.0004999879747629166,-7.600926399230957,-5.2154293371131644e-05,4.287134652258828e-05,0.00034396565752103925,0.0004659590485971421,0.002616999903693795,0.0,0.0,9.631393186282367e-05
36,8.56515358230478,6.363671038272045,8.070195914486668e-05,6.984412616880354,0.00018745677939615874,2.653396506957506e-07,-15.142254829406738,0.000606024987064302,-7.4085893630981445,8.353014709427953e-05,7.938133785501122e-05,0.00020708081137854606,0.0006791461491957307,0.0020518999081104994,0.0,0.0,9.631393186282367e-05
37,1.6091573404136408,-25.055490799826305,-3.95139821169916e-05,25.88721702239631,0.0007292086387865557,2.019586133883422e-07,-15.415203094482422,0.0006546552758663893,-7.331401824951172,0.0003275433264207095,-5.599705036729574e-05,0.00013682035205420107,0.0004054094897583127,0.002618500031530857,0.0,0.0,9.631393186282367e-05
38,-4.168640207280759,-11.152677031729374,-5.2350648028049324e-05,14.616477831034564,0.0008312024587784669,1.7764175197498844e-07,-15.543497085571289,0.0006144583458080888,-7.394769668579102,0.0003750458126887679,-6.714775372529402e-05,0.00022516475291922688,0.00011936483497265726,0.0027425000444054604,0.0,0.0,9.631393186282367e-05
39,-4.292536437972355,-9.284036645663345,-4.9687951039921004e-05,13.764902138057057,0.0004027178680845316,6.688916442953996e-08,-16.52022933959961,0.00040501210605725646,-7.811593532562256,0.0001822259509935975,-6.30721915513277e-05,0.00022449216339737177,9.493573452346027e-05,0.0026223999448120594,0.0,0.0,9.631393186282367e-05
40,7.135811181846356,3.2141719819320542,3.815788441276563e-05,-7.138838232957985,-0.0001136583541759106,4.433857725416601e-08,-16.93140983581543,0.000281335785984993,-8.1759614944458,-5.183571920497343e-05,2.7290574507787824e-05,0.00019794530817307532,0.0002064736618194729,0.001989700016565621,0.0,0.0,9.631393186282367e-05
41,-14.099620048081814,-28.14847987907827,-0.0005718471459835202,19.984506148184366,-0.0004467804965585106,8.49547689085739e-07,-13.978561401367188,0.0013779818546026945,-6.587135314941406,-0.0001992241304833442,-0.0008241900941357017,0.00042420910904183984,0.0002849261509254575,0.0020342000061646104,0.0,0.0,9.631393186282367e-05
42,12.817146196063712,-8.081123168820124,5.327967699539311e-05,4.7202898307901835,1.977203545732711e-05,9.013000834556806e-08,-16.222013473510742,0.0003511645190883428,-7.9542555809021,7.583629667351488e-06,5.3444022341864184e-05,0.0003452443634159863,0.00023502936528529972,0.0019963999511674047,0.0,0.0,9.631393186282367e-05
43,5.745652304087092,4.368209115242882,0.00010797673863677301,-19.50351414757772,-0.0008271495762578407,1.5414720166972984e-07,-15.685358047485352,0.0005246595828793943,-7.552761077880859,-0.0003726368013303727,5.9822265029652044e-05,0.00014885187556501478,3.5549132007872686e-05,0.002115999930538237,0.0,0.0,9.631393186282367e-05
44,8.775654608056264,-9.802783458018755,-0.00023949350299470062,6.027005055601518,-0.0002997403889245331,1.0541617712078732e-07,-16.065349578857422,0.000525620998814702,-7.550930023193359,-0.00013526614930015057,-0.0002690963738132268,0.00012292026076465845,0.00011959676339756697,0.001983000081963837,0.0,0.0,9.631393186282367e-05
45,18.227220400150873,17.559516826904936,0.0002471390979234675,-19.738289201565998,-0.0010955902381299151,5.598164989351062e-07,-14.39565658569336,0.0010740746511146426,-6.8362956047058105,-0.0004961370141245425,0.00013188779121264815,0.0007579948869533837,0.00013410483370535076,0.0025068999966606498,0.0,0.0,9.631393186282367e-05
46,-0.7314178359358167,-15.425825006750491,-2.840903115587112e-05,22.383440021077195,-3.624856662037994e-05,1.4125077107962625e-08,-18.075313568115234,0.0001619169779587537,-8.728426933288574,-1.6603222320554778e-05,-4.061314029968344e-05,6.951869727345183e-05,0.0001398825115757063,0.002613699994981289,0.0,0.0,9.631393186282367e-05
47,2.410785825005389,-0.4494913722451357,1.1815506153225477e-05,-1.1661397044437785,0.00015483608377418016,2.0286874402586363e-08,-17.71329116821289,0.00020163119188509881,-8.50907039642334,7.025939703453332e-05,8.593772690801416e-06,0.00010855844448087737,0.00013699759438168257,0.0019887000089511275,0.0,0.0,9.631393186282367e-05
48,5.551536017019924,-15.345079388269472,-0.00015230966380802024,-3.161119105053375,-0.0003904587085230779,8.150111341365118e-08,-16.322649002075195,0.00048158573918044567,-7.638426303863525,-0.0001744931360008195,-0.0001356102293357253,0.00022855179850012064,0.00011441294918768108,0.0025025000795722008,0.0,0.0,9.631393186282367e-05
49,-4.371925942535623,-5.683685009282425,-0.00011091928279729513,24.079933055379765,-0.00028045324565816173,6.963502841017544e-08,-16.479997634887695,0.00042591773672029376,-7.761264324188232,-0.00012713165779132396,-0.00017198598652612418,0.0002152033121092245,3.8396898162318394e-05,0.0053879000479355454,0.0,0.0,9.631393186282367e-05
50,6.6112859557898505,-20.101368307511922,-6.300166061071811e-05,1.4096465082912917,-0.0002820219723160256,5.1857234950603015e-08,-16.774770736694336,0.0003636432229541242,-7.919337272644043,-0.00012604400399141014,-5.983281880617142e-05,0.00014967213792260736,0.00020586064783856273,0.002358200028538704,0.0,0.0,9.631393186282367e-05
51,-2.5433099964485337,-16.879779062535494,-0.00010665288377120456,28.963302881318036,-0.00029388858158713854,1.3116434161020152e-07,-15.84681510925293,0.0005892455810680985,-7.436667442321777,-0.0001337518187938258,-0.00017519133689347655,0.0003436533734202385,0.00021695146278943866,0.0026895999908447266,0.0,0.0,9.631393186282367e-05
52,9.279545128038313,1.7092817750591507,-5.6061287801424346e-05,1.6986218210942687,-0.00016249375659116403,1.248708656476083e-07,-15.89598560333252,0.0004656452510971576,-7.672086715698242,-7.40170362405479e-05,-6.444568134611472e-05,0.00023667998902965337,0.00041768504888750613,0.005425499984994531,0.0,0.0,9.631393186282367e-05
53,19.796893783755532,9.866581906143189,-2.677752023895448e-05,-22.308542464049204,0.0005105855005194892,6.868103810120374e-07,-14.191207885742188,0.0008404366672039032,-7.0815887451171875,0.0002252015983685851,-1.1658523362712003e-05,0.0011247809743508697,8.237216388806701e-05,0.002122799982316792,0.0,0.0,9.631393186282367e-05
54,-5.266357428975249,-4.793074845565603,-0.00013697351513539723,6.5208302645559195,-0.0002678025232526368,1.2820355266285333e-07,-15.869647026062012,0.0005145348841324449,-7.57224702835083,-0.00011864689440699294,-0.00015331753820646554,0.00042083929292857647,6.430166104109958e-05,0.002051000017672777,0.0,0.0,9.631393186282367e-05
55,2.826269702858263,-1.3960059204987232,-6.064482753947123e-05,9.808494942990277,-0.00011268799414928583,4.184323287859115e-08,-16.989336013793945,0.00026207411428913474,-8.246883392333984,-5.06849646626506e-05,-7.782866305205971e-05,9.550157301418949e-06,0.0002575708203949034,0.002131099929101765,0.0,0.0,9.631393186282367e-05
56,9.414928635780026,-23.895216461639823,-1.4030601265982996e-05,5.316927741585194,0.00013451090176265683,5.922881030073768e-08,-16.641857147216797,0.00027453445363789797,-8.200433731079102,6.0386293625924736e-05,-9.707166100270115e-06,8.742840145714581e-05,0.0003214536118321121,0.0020818000193685293,0.0,0.0,9.631393186282367e-05
57,5.405806863572409,22.896564429561494,-0.00010082373288024916,-21.443684144966127,-0.0002132602561778025,2.191946748553164e-07,-15.333305358886719,0.0004884739173576236,-7.624224662780762,-9.865786705631763e-05,-5.183654138818383e-05,0.0006421901634894311,3.376889435457997e-05,0.0021031000651419163,0.0,0.0,9.631393186282367e-05
58,8.735825130381375,29.984062995210927,-3.101321037320028e-05,-22.288201236816327,5.9063661572161244e-05,2.778811278858484e-07,-15.09607219696045,0.0004403080674819648,-7.728035926818848,2.3392318325932138e-05,-1.6289895938825794e-05,0.000742045696824789,5.920602416153997e-05,0.002129299915395677,0.0,0.0,9.631393186282367e-05
59,10.299981677254747,-26.237738065311035,-6.4325041884469e-05,22.897866244381195,-0.00013758837413917806,1.3240672558367805e-07,-15.837387084960938,0.00042445689905434847,-7.764699935913086,-6.214986206032336e-05,-8.932939817896113e-05,5.839058576384559e-05,0.0004875646554864943,0.005462000030092895,0.0,0.0,9.631393186282367e-05
60,18.414828059302355,24.236336786943816,6.064965399507821e-05,-25.557221221873267,0.00023568296080669164,2.5484848720225273e-07,-15.182596206665039,0.0005533084040507674,-7.4995951652526855,0.00010320598084945232,2.860686436179094e-05,0.0006778549868613482,0.00016513606533408165,0.0021591000258922577,0.0,0.0,9.631393186282367e-05
61,6.914839460261785,5.477498771360439,-4.976060172543076e-05,-3.2887900192885366,-0.0001398376417962161,8.325577738332868e-08,-16.301347732543945,0.0003841922152787447,-7.864367485046387,-6.369405309669673e-05,-5.089296246296726e-05,0.00020698102889582515,0.00033222936326637864,0.0020966000156477094,0.0,0.0,9.631393186282367e-05
62,-6.697898293234088,-3.044079198269591,-0.00016450552616727556,19.2424819330131,-4.0236710542176155e-05,6.314881773050729e-08,-16.57777214050293,0.00034123958903364837,-7.982925891876221,-1.843436803028453e-05,-0.000234267718042247,7.911711145425215e-05,9.795788355404511e-05,0.002645100001245737,0.0,0.0,9.631393186282367e-05
63,-3.554727022561002,-14.523018347982415,-0.00023205340491291336,25.05515858881187,9.390153187860063e-05,1.6861619656083349e-07,-15.595641136169434,0.0005915587535127997,-7.4327497482299805,4.140703094890341e-05,-0.0003630624560173601,0.00019630472525022924,0.00017787377873901278,0.0023888000287115574,0.0,0.0,9.631393186282367e-05
64,-28.988233359558535,10.057988867027847,-0.00020399750459520135,16.20478572838387,-0.0008120165135077403,1.1943585604967666e-06,-13.637901306152344,0.0014718616148456931,-6.5212273597717285,-0.00036680782795883715,-0.0002534798113629222,0.0003315929207019508,0.0013715550303459167,0.002688300097361207,0.0,0.0,9.631393186282367e-05
65,-1.571574043277003,-8.580057360632235,-5.815234554250233e-05,5.004755965850543,-0.00022520039834649782,1.0245294390642812e-07,-16.093862533569336,0.00039080175338312984,-7.8473100662231445,-9.944999328581616e-05,-6.29193673375994e-05,0.000419279036577791,3.758577076951042e-05,0.005615100031718612,0.0,0.0,9.631393186282367e-05
66,12.731238709668775,-7.229771568094579,4.986289757873272e-05,2.588335399211416,-3.1187946574628316e-05,9.820166724239243e-08,-16.136241912841797,0.00036351720336824656,-7.919683933258057,-1.5454461390618235e-05,4.741658267448656e-05,0.0003736281651072204,0.00022766421898268163,0.002618999918922782,0.0,0.0,9.631393186282367e-05
67,6.881912427650484,4.04211128696554,5.110092741191625e-05,21.289129442946546,-0.0003483244473328177,4.05521916491125e-07,-14.718091011047363,0.0007080014329403639,-7.2530646324157715,-0.00015727551362942904,6.005549221299589e-05,0.00012131664698245004,0.000860024185385555,0.0026340000331401825,0.0,0.0,9.631393186282367e-05
68,-7.226397079575569,14.997673890525002,-0.0012946980366197593,-27.490588299394034,-0.0012558812841917254,5.711775088457216e-07,-14.375565528869629,0.0011352412402629852,-6.780910015106201,-0.0005646087229251862,-0.0004960415535606444,0.00010240209667244926,4.6779983676970005e-05,0.002115100040100515,0.0,0.0,9.631393186282367e-05
69,-17.323561182728547,-5.3235611813408,8.143840087699191e-05,29.73478252861684,-0.00014709541405083,5.36639731762989e-07,-14.437938690185547,0.0009300598758272827,-6.98026180267334,-6.948494410607964e-05,0.00014912994811311364,0.0007699075504206121,0.0006529824458993971,0.0021692999871447682,0.0,0.0,9.631393186282367e-05
70,-4.714581512671554,-2.859701636333071,-3.856471444628304e-05,19.024295144407205,-0.0002759005719608943,2.171067059464349e-08,-17.645462036132812,0.00022688068565912545,-8.39108657836914,-0.00012447650078684092,-5.526570384972729e-05,7.779686711728573e-05,1.6480102203786373e-05,0.0027256999164819717,0.0,0.0,9.631393186282367e-05
71,7.508965918867073,-10.914414331519472,-5.566190133712952e-05,24.142581148925835,1.6423456462205502e-05,3.8803115387509024e-08,-17.06476593017578,0.0002557135303504765,-8.271452903747559,7.0212731770880055e-06,-9.087177750188857e-05,8.306196104967967e-05,0.00023257898283191025,0.0053909000707790256,0.0,0.0,9.631393186282367e-05
72,-0.4645310349031334,-11.695002825858516,-1.336125005141142e-05,10.699472906329948,-0.0002730077065697717,5.127669311377758e-08,-16.786029815673828,0.00029837468173354864,-8.11716079711914,-0.00012165559746790677,-1.547548163216561e-05,0.000262424728134647,6.006245166645385e-05,0.0025472999550402164,0.0,0.0,9.631393186282367e-05
73,-1.2268541586868986,-14.296252055687306,-2.8327832426249165e-05,21.86980835163057,-0.000281752435094508,2.692375566937244e-08,-17.430255889892578,0.0002579846477601677,-8.26261043548584,-0.00012703468382824212,-4.047296897624619e-05,5.946412784396671e-05,0.00012148985842941329,0.0020930999889969826,0.0,0.0,9.631393186282367e-05
74,-19.332970406243923,-24.558904993094803,0.00012091724437973004,9.89506298131623,-0.0016009964524337306,2.3567297375848284e-06,-12.958235740661621,0.0019124752143397927,-6.25935697555542,-0.0007123172981664538,0.00014932781050447375,0.00190100132022053,0.00020065893477294594,0.002620900049805641,0.0,0.0,9.631393186282367e-05
75,3.837316311959285,-19.71751359973034,-5.241591839536085e-05,16.078914796058744,-0.00013622336611410435,3.287054539669043e-08,-17.230688095092773,0.0002725320227909833,-8.207754135131836,-6.088164809625596e-05,-6.74173206789419e-05,8.246167271863669e-05,0.00020600443531293422,0.002164000063203275,0.0,0.0,9.631393186282367e-05
76,10.03841050078375,-8.187145349889024,7.651968055963797e-05,-10.360979567964247,-0.0002794826714863475,7.060467765995782e-08,-16.466169357299805,0.00035567471059039235,-7.941493988037109,-0.0001268374762730673,5.73018187424168e-05,0.00031921424670144916,2.3856622647144832e-05,0.002536199986934662,0.0,0.0,9.631393186282367e-05
77,7.550314548977333,-18.557310173391343,-2.538774612023012e-05,20.135124482424697,-8.237484299444107e-05,1.290620765814765e-08,-18.165557861328125,0.0001647390890866518,-8.71114730834961,-3.7257126678014174e-05,-3.465016925474629e-05,5.1603907195385545e-05,0.00013405967911239713,0.0026448999997228384,0.0,0.0,9.631393186282367e-05
78,11.218455729881917,-18.170692861676976,-4.8993568799314245e-05,22.186260390040914,0.0005210444535686712,6.502627059035149e-08,-16.54847526550293,0.0003768860187847167,-7.883567810058594,0.0002341793879168108,-7.262675353558734e-05,7.075398752931505e-05,6.940573803149164e-05,0.002673499984666705,0.0,0.0,9.631393186282367e-05
79,11.958165533799455,-9.17136645141561,0.00010413938489620941,-7.953781062606453,-0.0001843045281273469,1.301434338074614e-07,-15.854628562927246,0.0004096680204384029,-7.800163269042969,-8.47025730763562e-05,8.294184954138473e-05,0.0004818446468561888,2.2025449197826674e-06,0.0054151000222191215,0.0,0.0,9.631393186282367e-05
80,-21.893129936647714,0.16900125423171097,-0.0010070566792452808,9.996163616658471,0.00019691782862252296,1.785230779205449e-06,-13.235962867736816,0.0018636336317285895,-6.285227298736572,9.08975925995037e-05,-0.0012061333982273936,0.0005323684308677912,0.0006008369964547455,0.0025078998878598213,0.0,0.0,9.631393186282367e-05
81,2.965000955067696,-22.030544389951064,-9.68681990356955e-06,26.531839198104812,-0.00018767509502267657,6.472682656522011e-08,-16.553089141845703,0.0003209957794751972,-8.044082641601562,-8.509778854204342e-05,-1.0302464943379164e-05,0.00014506158186122775,0.00030612945556640625,0.002177499933168292,0.0,0.0,9.631393186282367e-05
82,-4.182911716130851,20.11775630157074,-1.4991312686540607e-05,7.458482275517437,-0.0006604271489758645,2.080208076904455e-07,-15.385627746582031,0.0006619186606258154,-7.320367813110352,-0.0002988493943121284,-2.296322963957209e-05,0.00039021027623675764,0.00029000177164562047,0.005416100029833615,0.0,0.0,9.631393186282367e-05
83,1.4960657030805575,1.3304475989606386,5.491174893476555e-05,20.25981964067388,7.717504308043098e-05,9.821116009334219e-08,-16.136146545410156,0.0003785674343816936,-7.879116535186768,3.413645026739687e-05,7.236249803099781e-05,0.00013869584654457867,0.00040544115472584963,0.0021705999970436096,0.0,0.0,9.631393186282367e-05
84,5.72419254349392,26.75778334087982,-0.0009448956477565683,-27.842388086048484,-0.000340789071744063,5.075299327472749e-07,-14.4937105178833,0.0010120902443304658,-6.895737648010254,-0.0001568646403029561,-0.00035276723792776465,0.0008280567126348615,0.00017686003411654383,0.0026023000245913863,0.0,0.0,9.631393186282367e-05
85,-3.4996195031153894,-19.982525782318003,0.00012087521844396564,24.465425988301668,-0.000266222218136892,1.0116856685726816e-07,-16.106477737426758,0.0005240262253209949,-7.553968906402588,-0.00012039644934702665,0.00019369237998034805,0.00013864361972082406,0.0002812311868183315,0.002697700052522123,0.0,0.0,9.631393186282367e-05
86,10.986567230531652,11.769069473430367,0.0020464656229460506,-17.739955170066395,-2.476703192945954e-06,1.5941379842843162e-06,-13.349177360534668,0.0015311103779822588,-6.481761932373047,-3.3591313695069402e-06,0.001196259050630033,0.0005621521268039942,0.0001008323160931468,0.002208599937148392,0.0,0.0,9.631393186282367e-05
87,-29.925338188212695,-26.997837809754202,-0.0003461727995652686,20.85759121064741,0.0010680026628732274,6.557128244821797e-07,-14.237543106079102,0.0013489831471815705,-6.608404159545898,0.0004829463141504675,-0.0005064879078418016,0.0005510435439646244,0.0001680544373812154,0.002686199964955449,0.0,0.0,9.631393186282367e-05
88,0.2125564904783371,-4.5655535557945655,5.7648589547339794e-05,8.735480323766733,-0.00030350302063414294,3.6884969745187846e-08,-17.115461349487305,0.00031784200109541416,-8.053956031799316,-0.00013590349408332258,6.604622467420995e-05,0.00014083398855291307,9.095056157093495e-05,0.0054296000162139535,0.0,0.0,9.631393186282367e-05
89,3.1198198073428234,-5.298100441857713,3.1738047990697306e-05,5.773776042490267,-0.00016505069819120838,1.8874168006277614e-08,-17.785470962524414,0.00021646068489644676,-8.438101768493652,-7.377289148280397e-05,3.273503534728661e-05,9.350473555969074e-05,0.000126400773297064,0.0026340000331401825,0.0,0.0,9.631393186282367e-05
90,-0.5335801119391572,-22.893491193697432,1.1540104591956723e-05,9.759094956129525,-0.0002545659984972792,1.984069228910812e-07,-15.43294620513916,0.0005387581186369061,-7.526243686676025,-0.00011210857337573543,1.8640606867847964e-05,0.0005459213280119002,0.00027009652694687247,0.005423699971288443,0.0,0.0,9.631393186282367e-05
91,5.605689893276653,-22.740655491625244,-0.005660996703269039,12.286490689202076,-1.7064221187533856e-05,5.105535819893703e-05,-9.882599830627441,0.007349834311753511,-4.913077354431152,-7.081931926222751e-06,-0.007141927722841501,0.00011226345668546855,0.00028938657487742603,0.005456399987451732,0.0,0.0,9.631393186282367e-05
92,29.616227735041498,27.322170048440334,0.000388480798672217,-19.415637314316985,0.0012778010468998435,5.074671207694337e-07,-14.493833541870117,0.0011422326788306236,-6.774770259857178,0.0005737239262089133,0.00020609064085874707,0.0002954275696538389,0.0004294087120797485,0.005372200044803321,0.0,0.0,9.631393186282367e-05
93,-4.153496599897901,-18.550943520156036,-3.6006940299917637e-06,17.22312696396337,-0.00022874913085737397,6.607838543004618e-08,-16.532424926757812,0.00033882143907248974,-7.990037441253662,-0.00010188260057475418,-9.423861229151953e-07,0.00023775936278980225,0.00023423353559337556,0.002031699987128377,0.0,0.0,9.631393186282367e-05
94,13.892003588068688,-22.870422727247387,1.2246686467748542e-05,-2.3372554666372007,0.0006380591611983369,3.3158420364998165e-07,-14.919384002685547,0.000773015315644443,-7.1652116775512695,0.00028475999715738,1.6692871213308536e-05,0.000638434081338346,0.0003046908532269299,0.0021068999776616693,0.0,0.0,9.631393186282367e-05
95,4.555845517119333,6.7561065440183,7.04964647886189e-06,-1.275393369512493,-5.454042873120966e-05,6.625415949201852e-08,-16.529767990112305,0.00026277429424226284,-8.24421501159668,-2.5050894691958092e-05,5.099914233142044e-07,0.00014048622688278556,0.00033394061028957367,0.002162700053304434,0.0,0.0,9.631393186282367e-05
96,-0.4103974185981254,8.653200891544827,-2.555799740175149e-06,5.43528868120367,-8.852637321245227e-05,4.9135042701209386e-08,-16.828693389892578,0.0002423671685392037,-8.325057029724121,-4.01935467380099e-05,-8.394732503802516e-06,9.428623161511496e-05,0.00029327155789360404,0.0022095999447628856,0.0,0.0,9.631393186282367e-05
97,1.8651458142300266,-14.543009027735135,2.574060390604718e-05,22.39440080388361,-0.00012415380598172104,9.693146729716773e-09,-18.451847076416016,0.00016623109695501626,-8.702131271362305,-5.618348950520158e-05,3.983167698606849e-05,7.465690578101203e-05,6.577496242243797e-05,0.0021309000439941883,0.0,0.0,9.631393186282367e-05
98,7.997320803213713,-17.667885874967048,3.9629286278357956e-05,9.051967472827922,-0.00022606551713306267,2.0924673549416184e-08,-17.682336807250977,0.00022798683494329453,-8.386222839355469,-0.0001017087561194785,4.910132702207193e-05,3.0136265195324086e-05,0.00012421725841704756,0.0021938999416306615,0.0,0.0,9.631393186282367e-05
99,4.55858080199519,-19.809592046860335,2.9501008144962265e-05,12.082887893667687,-0.00021855285726549536,4.1038347831090505e-08,-17.008758544921875,0.0003077780129387975,-8.086132049560547,-9.76617811829783e-05,4.0632479795021936e-05,0.00013594591291621327,0.00020302156917750835,0.002628499991260469,0.0,0.0,9.631393186282367e-05
100,8.959269508939972,-15.04490001648822,4.204341227858929e-05,1.3776350896786973,-0.00016478855798797185,1.6344674946822124e-08,-17.929363250732422,0.00021040010324213654,-8.466499328613281,-7.441185152856633e-05,4.355156124802306e-05,0.00011157486005686224,7.329852815018967e-05,0.0054045000579208136,0.0,0.0,9.631393186282367e-05
0,10.0,-10.0,0.0,10.0,0.0,2.8923974326744428e-08,-17.35859489440918,0.00017351825954392552,-8.65922737121582,-5.606640343103209e-07,-3.382152272024541e-06,0.00015706980775576085,0.0001820810721255839,0.0053678000112995505,0.0,1.0,0.00017351825954392552
1,-30.0,30.0,0.006,-30.0,0.006,1.3620434401673265e-05,-11.203939437866211,0.005906723905354738,-5.131663799285889,0.002690813271328807,0.001995606580749154,0.0021733890753239393,0.00026721879839897156,0.002017799997702241,0.0,1.0,0.00017351825954392552
2,21.194748688417516,-18.05305070659963,-0.0036380383435689555,18.154198653212948,-0.004724850907312768,3.0701055948156863e-05,-10.391213417053223,0.007394969929009676,-4.906955242156982,-0.0021273442544043064,-0.005112106446176767,0.00028834122349508107,2.269754622830078e-05,0.001999499974772334,0.0,1.0,0.00017351825954392552
3,2.6266371227246372,-11.243210781013103,0.0009600381991045286,4.344768315481501,0.002067746197951335,1.967639946087729e-06,-13.138675689697266,0.002105721738189459,-6.163096904754639,0.0009317248477600515,0.00103232660330832,0.0002589734212961048,2.43671347561758e-05,0.0054552999790757895,0.0,1.0,0.00017351825954392552
4,9.071373497421929,12.500563177535401,0.0005624870302235267,21.87863124367881,5.576717289499271e-05,1.7674376522336388e-06,-13.245979309082031,0.0016355030238628387,-6.415804862976074,2.4596140065114014e-05,0.0008154003298841417,0.00011058004747610539,0.0014804330421611667,0.0026686000637710094,0.0,1.0,0.00017351825954392552
5,25.54185872345969,-27.75925245582888,0.0019103627413881777,3.9730962083752646,0.00010085983522712037,5.7245470088673756e-06,-12.070747375488281,0.0032139813993126154,-5.7402448654174805,3.8793808926129714e-05,0.0020481061656028032,0.0016350094228982925,0.0006191533757373691,0.0020973000209778547,0.0,1.0,0.00017351825954392552
6,24.11168092796124,-6.629023247551419,-0.0001963130618886537,-21.927497238401966,-0.002246016096452872,3.706129518832313e-06,-12.505522727966309,0.0023824581876397133,-6.0396223068237305,-0.0010199606185778975,-9.334777132607996e-05,0.002292064717039466,0.0002462349075358361,0.0026046999264508486,0.0,1.0,0.00017351825954392552
7,-13.24911049751331,-22.343729676812114,-0.00029054508625707013,29.872220215566273,-0.001355616396960681,9.491069477007841e-07,-13.867744445800781,0.0016556637128815055,-6.403553485870361,-0.0006131210247986019,-0.0004871409328188747,0.000720967713277787,0.00038983591366559267,0.0021461000433191657,0.0,1.0,0.00017351825954392552
8,16.26060741105788,3.423449392359345,-0.0006897958545255628,16.353247610862496,0.0032093539264180255,3.8109574234113097e-06,-12.477629661560059,0.0031096958555281162,-5.77323055267334,0.0014435801422223449,-0.0009613669826649129,0.0001514525938546285,0.001258044852875173,0.00535150000359863,0.0,1.0,0.00017351825954392552
9,-9.470383982390876,-9.952044865779294,-0.000357340245793129,0.36177161999074126,0.00022628555798732795,8.955666999099776e-07,-13.925808906555176,0.0011451330501586199,-6.7722344398498535,0.00010714642121456563,-0.00034877905272878706,0.0012253348249942064,0.00015308019646909088,0.0026650000363588333,0.0,1.0,0.00017351825954392552
10,29.676285808868055,-13.056929406022313,-0.00013994974899364466,26.38469992586114,0.00010155988705916945,4.024808220037812e-07,-14.725618362426758,0.0008007975993677974,-7.129902362823486,4.6647990529891104e-05,-0.00023962296836543828,0.00023497699294239283,0.0007940762443467975,0.0020560999400913715,0.0,1.0,0.00017351825954392552
11,27.089483147969602,-18.46314650618769,0.00038596838225782575,20.000343245005226,-0.0017206019882744766,9.503094133833656e-07,-13.866477966308594,0.0015021313447505236,-6.500870227813721,-0.0007753430400043726,0.0005585006438195705,0.00026267432258464396,7.390111568383873e-05,0.002672299975529313,0.0,1.0,0.00017351825954392552
12,26.046996687952554,-28.847945299982612,6.327813607683719e-07,1.4788862082795065,0.0004674372495660218,2.140645847248379e-06,-13.054403305053711,0.0015160031616687775,-6.491677761077881,0.00020252249669283628,1.2398098078847397e-05,0.0019387822831049562,0.0006633826997131109,0.0024917999980971217,0.0,1.0,0.00017351825954392552
13,10.233720655204452,-17.977443006263275,0.00023436830308276132,27.368049764666097,0.0002697070776675494,1.6420743520484393e-07,-15.622135162353516,0.0005491878255270422,-7.507070064544678,0.00012116553261876106,0.00038413325091823936,3.7428235373226926e-05,5.0349841330898926e-05,0.0020586999598890543,0.0,1.0,0.00017351825954392552
14,18.763077716319273,-19.24672600159304,-0.0004511401609097997,25.487718725911847,-0.00019807838485314555,5.217889906816708e-07,-14.466002464294434,0.0008403533138334751,-7.081687927246094,-8.900149259716272e-05,-0.00071596575435251,3.831649883068167e-05,3.245564585085958e-05,0.0053703999146819115,0.0,1.0,0.00017351825954392552
15,8.586708291484271,-9.736771313007562,0.0003230583951603369,-7.303227116959719,-0.0001476244585624627,8.39426377297059e-08,-16.293132781982422,0.0004129157750867307,-7.792266845703125,-6.677904457319528e-05,0.00026236969279125333,0.00014400338113773614,2.3530725229647942e-05,0.0020794000010937452,0.0,1.0,0.00017351825954392552
16,-4.044632964449579,-16.69193263971474,0.0004723621610976194,21.13802219054412,-0.0005836238717723882,5.855271751897817e-07,-14.350752830505371,0.0010753343813121319,-6.835123538970947,-0.00026259824517183006,0.0007022193749435246,4.482262284000171e-06,0.00021655141608789563,0.0025200999807566404,0.0,1.0,0.00017351825954392552
17,18.71291815717154,-12.191176776530947,0.00018338661876580214,25.75606759952953,-7.921102336193361e-05,2.2056906345824245e-07,-15.327054977416992,0.0006106948712840676,-7.400913238525391,-3.542619742802344e-05,0.0002830029116012156,6.0308550018817186e-05,0.0005242229090072215,0.002114800037816167,0.0,1.0,0.00017351825954392552
18,18.562825258902844,-3.8183499584674214,5.0401403966901306e-05,-12.25108169253662,0.00033691420649731334,6.718739200550772e-07,-14.213194847106934,0.0007846117950975895,-7.1503214836120605,0.00014708418166264892,3.415118408156559e-05,0.0011372404405847192,6.951234536245465e-05,0.005595700000412762,0.0,1.0,0.00017351825954392552
19,19.727088711550532,-9.78796143922713,-0.0007145876426805646,-1.1621940244228937,-0.0004036253173434883,9.693919764686143e-07,-13.846596717834473,0.0014259876916185021,-6.552890777587891,-0.0001854490110417828,-0.0006807728786952794,0.0009575235890224576,0.0001620080292923376,0.0026898999931290746,0.0,1.0,0.00017351825954392552
20,10.069294022565373,-7.6628381483466725,6.876206608456928e-05,28.67753408527619,1.2808125794573886e-05,1.7107173277963739e-07,-15.581182479858398,0.0004087821289431304,-7.802328109741211,5.569660061155446e-06,0.00010445862426422536,3.252981332479976e-05,0.0005649778759106994,0.0021933000534772873,0.0,1.0,0.00017351825954392552
21,0.6501959368603509,-5.659274075896507,0.00019857056414901924,-13.37675572784216,-7.191503761057547e-05,2.2343161276694445e-07,-15.314160346984863,0.0005105073796585202,-7.580105304718018,-2.942693572549615e-05,0.00013565417611971498,0.0006367067107930779,5.414586121332832e-05,0.0020970000186935067,0.0,1.0,0.00017351825954392552
22,8.236601916995195,-8.766804736873231,0.00010055497472477294,4.223031646591931,-0.00010563973493945697,2.6406336672835096e-08,-17.449661254882812,0.0002669905370566994,-8.228297233581543,-4.7836369049036875e-05,0.00010551312152529135,0.00010523201490286738,0.00012205007806187496,0.005415399908088148,0.0,1.0,0.00017351825954392552
23,5.004177255297819,9.132497002798402,-7.396043263134412e-05,1.0815946836283037,-0.0003513674514726208,1.5415555765230238e-07,-15.685303688049316,0.0005649365484714508,-7.47879695892334,-0.0001588661252753809,-8.230096864281222e-05,0.000192175546544604,0.0004553634498734027,0.0020957000087946653,0.0,1.0,0.00017351825954392552
24,14.136095093679764,1.4479868983727175,-0.00013344399997931064,12.572847501663247,-0.00031882997427045947,4.808352400686999e-07,-14.547740936279297,0.0008875383646227419,-7.0270586013793945,-0.0001443587534595281,-0.0001855443842941895,0.00021909124916419387,0.0008961791754700243,0.0019646999426186085,0.0,1.0,0.00017351825954392552
25,-4.0452018554860985,-1.4347083428091776,4.717057366866997e-05,5.916842210786763,-0.0006537852621217267,1.276432044505782e-07,-15.874027252197266,0.0004900411004200578,-7.621021270751953,-0.0002929445181507617,5.205283741815947e-05,0.0002795039035845548,1.0583547918940894e-05,0.002620200044475496,0.0,1.0,0.00017351825954392552
26,10.400061062921287,-5.020253371160211,0.00016505331340396873,-4.732153750283187,-0.0001933846150748916,8.642797411084757e-08,-16.263954162597656,0.00045238298480398953,-7.700981616973877,-8.816444460535422e-05,0.00014091601769905537,0.00031782060978002846,0.00012878442066721618,0.0026198000414296985,0.0,1.0,0.00017351825954392552
27,4.603581574898156,2.371642624011866,0.00016849414480752924,-25.843403715375608,-0.0002150210138906416,2.5856646601596367e-08,-17.4706974029541,0.0002601520682219416,-8.254243850708008,-9.635738388169557e-05,7.294383976841345e-05,3.610392741393298e-05,0.00014559774717781693,0.0054419999942183495,0.0,1.0,0.00017351825954392552
28,6.814013651734583,9.039914392627216,0.0001357996832689528,-25.680917391018422,-0.00028941071456201826,9.921434696025244e-08,-16.1259822845459,0.00044839520705863833,-7.709835529327393,-0.0001315963891102001,5.9754038375103846e-05,0.00036774337058886886,0.00014634621038567275,0.0026320000179111958,0.0,1.0,0.00017351825954392552
29,-9.031923953515271,22.087790892416137,-0.00023289917778920996,-28.055874523232017,-0.0012001054243130286,4.668063411372714e-07,-14.577351570129395,0.0009301118552684784,-6.980205535888672,-0.0005424329428933561,-8.612481906311586e-05,0.0005739884218201041,2.9119762984919362e-05,0.002102999947965145,0.0,1.0,0.00017351825954392552
30,-11.194533384152649,22.406575296205485,0.00017958066332939994,-27.953145216282138,0.0002155722987507251,1.8919294575425738e-07,-15.480498313903809,0.00046238297363743186,-7.679117202758789,9.453926759306341e-05,6.748054147465155e-05,0.0005927389720454812,7.987353455973789e-06,0.005430700024589896,0.0,1.0,0.00017351825954392552
31,-2.831373899095176,2.85866772714779,0.00016882539284553504,-20.974064460269698,-4.151687162891241e-05,2.4683652100065956e-07,-15.214539527893066,0.0004769154475070536,-7.648171424865723,-1.5567769878543913e-05,8.840540976962075e-05,0.0006886838236823678,5.720071931136772e-05,0.0026175000239163637,0.0,1.0,0.00017351825954392552
32,10.088591111243264,-12.681917953270352,-1.6338566762354467e-05,24.25250319411953,-0.00016912931338407833,3.2486948242649305e-08,-17.242427825927734,0.00024540614685975015,-8.312596321105957,-7.637999806320295e-05,-2.9526330763474107e-05,5.999482891638763e-05,0.00021900479623582214,0.0020797000033780932,0.0,1.0,0.00017351825954392552
33,-1.7243826471399812,-8.95505794178205,7.4296821796421205e-06,11.997035206357841,-0.00020384933703948414,3.071262000275965e-08,-17.29859161376953,0.0002206771750934422,-8.41880989074707,-9.077969298232347e-05,9.639277777750976e-06,0.00020923411648254842,3.128230673610233e-05,0.0026987000601366162,0.0,1.0,0.00017351825954392552
34,3.1894254471179293,-7.451352874739598,5.285780492968938e-05,-6.592925793957483,-0.00024381575276840965,6.407520203310924e-08,-16.563207626342773,0.00031851118546910584,-8.05185317993164,-0.0001081630471162498,4.389479727251455e-05,0.0003172594588249922,1.564721969771199e-05,0.0025399000151082873,0.0,1.0,0.00017351825954392552
35,2.9654802003483796,26.327399404457818,0.00014421448664917767,-27.627772516962757,0.0008685603449513816,5.245664738140476e-07,-14.460693359375,0.0009409099584445357,-6.968663215637207,0.000387256353860721,5.7544610172044486e-05,0.0008498934912495315,0.00014232454122975469,0.0021698999917134643,0.0,1.0,0.00017351825954392552
36,6.508994036559006,3.868757582242396,8.543768604277013e-05,-17.86806593137161,0.00016004075892357935,2.662488185478651e-08,-17.44141960144043,0.00022226452711038291,-8.411642074584961,7.140049274312332e-05,4.987989450455643e-05,0.0001950110017787665,6.9572802203765605e-06,0.002658999990671873,0.0,1.0,0.00017351825954392552
37,-27.873436635853643,14.91685174835333,-0.006,-24.80729447068508,0.006,1.4753844880033284e-05,-11.124007225036621,0.005867721047252417,-5.138288974761963,0.002704351209104061,-0.0026315271388739347,0.001014064415358007,4.962023740517907e-05,0.002126700012013316,0.0,1.0,0.00017351825954392552
38,4.027679294000026,-9.918751934587604,-0.00020687283592939068,-12.550917344418885,0.00024903607406034445,1.1470533678448191e-07,-15.9808988571167,0.0004954578471370041,-7.610028266906738,0.00011402276868466288,-0.00014260296302381903,0.000394805712858215,8.285854710265994e-05,0.002055400051176548,0.0,1.0,0.00017351825954392552
39,-8.151729388666991,3.8830896406389654,-0.000294093416837904,29.47428690552926,0.0003276151743232172,3.890626771863026e-07,-14.759525299072266,0.0009411898208782077,-6.968365669250488,0.00014535566151607782,-0.0004956330521963537,0.00047953755711205304,0.00012086469359928742,0.0031283999560400844,0.0,1.0,0.00017351825954392552
40,0.3231272397975645,-8.267923876448656,-0.00024990922203798786,26.127599232177815,-0.00030151021199709886,2.0625230945370276e-07,-15.394165992736816,0.0006898637511767447,-7.279016494750977,-0.00013656164810527116,-0.00040302975685335696,0.00020114926155656576,9.939537267200649e-05,0.0021204999648034573,0.0,1.0,0.00017351825954392552
41,-2.9238383428541166,14.72551294677183,-9.182665032548118e-05,-25.12468537516143,0.00036729997296816705,3.456409203295152e-08,-17.180450439453125,0.0002791446167975664,-8.183780670166016,0.00016502644575666636,-3.848556298180483e-05,8.698746387381107e-05,6.427775952033699e-05,0.0021147000370547175,0.0,1.0,0.00017351825954392552
42,-6.090769744581832,14.898208098769596,-7.25565457616785e-05,-21.04709878203762,0.0003636327881392827,2.8627555437310548e-08,-17.368896484375,0.00021832683705724776,-8.42951774597168,0.00016372038226108998,-3.6946512409485877e-05,5.565523224504432e-06,2.975434654217679e-05,0.0026187000330537558,0.0,1.0,0.00017351825954392552
43,-2.6765209371007668,10.891965594939572,1.8065405834376707e-06,-10.701382787697154,0.00035928869481817113,2.863503922867494e-08,-17.368635177612305,0.00020839189528487623,-8.476090431213379,0.00016189513553399593,4.7506659939244855e-08,3.009476677107159e-05,6.280373054323718e-05,0.0021641000639647245,0.0,1.0,0.00017351825954392552
44,-15.02243108665505,17.93974359506155,-0.00012174835624164018,-27.350864308066814,0.0004967036211089118,5.3997073479195024e-08,-16.734336853027344,0.00030933180823922157,-8.081095695495605,0.00022380736481864005,-4.7399491450050846e-05,5.251644688542001e-05,2.373344796069432e-05,0.002078999998047948,0.0,1.0,0.00017351825954392552
45,-0.6894852130157535,2.9291145971337733,9.369444186779107e-06,-27.026158272880423,0.00035744456183067557,2.0604494466169854e-07,-15.395171165466309,0.0005189331131987274,-7.563735485076904,0.00016358293942175806,5.72244107388542e-06,0.0005884022684767842,0.00011085315782111138,0.005342299933545291,0.0,1.0,0.00017351825954392552
46,-13.059829709323772,14.791017069985722,-1.0703912682660832e-05,-2.3756934126198024,0.00030723268041946426,4.3396024551611845e-08,-16.952898025512695,0.0002826539275702089,-8.171287536621094,0.00013801048044115305,-6.55340272714966e-06,6.572069833055139e-05,0.00021045940229669213,0.0020779999904334545,0.0,1.0,0.00017351825954392552
47,-21.113853805014177,26.24156798503414,-0.0002332888165750371,-11.610590539206145,0.0006048068950684438,7.164192084019305e-07,-14.14900016784668,0.001137268845923245,-6.779125690460205,0.0002677217125892639,-0.00016105436952784657,0.0010503169614821672,0.0003666685661301017,0.0025174999609589577,0.0,1.0,0.00017351825954392552
48,-16.25521027034547,17.457813419618308,0.00014385007874265896,-7.181653923339159,4.253021311446196e-05,6.311689304538959e-08,-16.578277587890625,0.00035193003714084625,-7.952078342437744,1.8508188077248633e-05,0.00012143157800892368,0.00015641297795809805,0.0002675675495993346,0.004135499941185117,0.0,1.0,0.00017351825954392552
49,-21.979139491154417,10.628503257950928,0.0001319137981630072,-17.270543612205852,-2.587095276405058e-05,6.528617291223782e-07,-14.241900444030762,0.0007198969833552837,-7.23640251159668,-6.789903636672534e-06,8.084920409601182e-05,0.0011287747183814645,0.0001357411383651197,0.0024729000870138407,0.0,1.0,0.00017351825954392552
50,2.139487801467819,7.718671239632298,0.00014414177349995845,-26.46344899179977,0.00036355469075717827,3.9176658361839145e-08,-17.055185317993164,0.00030597439035773277,-8.092009544372559,0.000163944874657318,6.062372267479077e-05,3.672249295050278e-05,0.00012608910037670285,0.002135800081305206,0.0,1.0,0.00017351825954392552
51,-2.86108584921925,3.695676986388724,0.0001060425140172622,-8.20379368650519,0.0002761429833748204,8.911500515296211e-08,-16.23333740234375,0.0004024376394227147,-7.817970275878906,0.0001259288692381233,8.334249287145212e-05,0.0003634535241872072,2.2879012249177322e-05,0.0021019000560045242,0.0,1.0,0.00017351825954392552
52,2.8273722224250846,-0.3537178742695201,6.624550318583707e-05,17.320162109666818,0.00019108508629154215,9.235588294131958e-08,-16.197616577148438,0.00040926149813458323,-7.801156044006348,8.559913840144873e-05,8.454838098259643e-05,9.522253822069615e-05,0.00038300541928038,0.00549809995573014,0.0,1.0,0.00017351825954392552
53,-8.461325857067079,5.365724590399898,4.960146344033698e-05,-29.608774166463544,-0.00020717984153863903,8.205677772821218e-07,-14.013269424438477,0.0007590983295813203,-7.183379173278809,-8.764017547946423e-05,1.7629950889386237e-05,0.0012743802508339286,3.327612648718059e-05,0.002575299935415387,0.0,1.0,0.00017351825954392552
54,-7.165070845635953,10.547094558302925,0.00018789714358720557,-20.52661259280612,0.0005192243854319124,1.4932930980648962e-07,-15.717111587524414,0.0005581870791502297,-7.490816593170166,0.00023549713660031557,9.966179641196504e-05,0.0004079507489223033,3.810559064731933e-05,0.0019720999989658594,0.0,1.0,0.00017351825954392552
55,-1.773222831316662,12.132802765153784,2.038456257150872e-05,-16.964224566376018,6.383643392462687e-05,1.362544410632438e-09,-20.413911819458008,6.0381506045814604e-05,-9.714827537536621,2.8742984795826487e-05,1.1879680641868617e-05,2.1960331650916487e-05,1.7557351384311914e-05,0.002632700023241341,0.0,1.0,6.0381506045814604e-05
56,7.962984782960084,-14.286019008717378,1.4087232682577257e-06,16.9756275888201,6.1027311472039286e-05,3.4251013136810116e-09,-19.49213409423828,7.840912439860404e-05,-9.453570365905762,2.724578916968312e-05,1.1409031230869005e-06,6.340984691632912e-05,3.663501775008626e-05,0.0020744999637827277,0.0,1.0,6.0381506045814604e-05
57,-0.9644177021603837,3.8420403990397065,3.5828160859473996e-06,-18.939666240520136,4.4882272297616646e-05,8.941582763100087e-08,-16.229969024658203,0.0002544689632486552,-8.276331901550293,2.2160724256536923e-05,2.6837055884243455e-06,0.0004198614915367216,3.9387559809256345e-05,0.002633000025525689,0.0,1.0,6.0381506045814604e-05
58,25.22280495647884,-14.169696805451746,0.00018311862862617874,-18.579018073636465,-0.0011459843173080974,3.942695002479013e-06,-12.443646430969238,0.002118783537298441,-6.1569132804870605,-0.0005265491199679673,0.00010889724944718182,0.0026888633146882057,0.00027781110838986933,0.0026217999402433634,0.0,1.0,6.0381506045814604e-05
59,-2.042095995545818,-3.6452981777852997,2.9458848009725003e-05,1.7093429070112582,0.00018878789804653185,8.275092966414377e-08,-16.307430267333984,0.0003159039479214698,-8.06007194519043,8.669967064633965e-05,2.945062078651972e-05,0.000385401799576357,1.4105507034400944e-05,0.004691499983891845,0.0,1.0,6.0381506045814604e-05
60,-8.56977898738655,16.938167900473804,1.624311249444524e-05,-9.4791904093186,-5.87315206240215e-05,1.9331345413320378e-08,-17.761537551879883,0.00015114451525732875,-8.797273635864258,-2.7186406441614963e-05,1.2703691027127206e-05,0.00018905746401287615,3.345137520227581e-05,0.002636499935761094,0.0,1.0,6.0381506045814604e-05
61,-9.163288602125927,16.94594125066672,1.3683409282432136e-06,-8.78437536520192,-0.00013072408291818773,2.2185751902270567e-08,-17.623815536499023,0.00017924531130120158,-8.626754760742188,-5.957468965789303e-05,1.6438698366982862e-06,0.0001866094971774146,4.94439918838907e-05,0.0020240000449121,0.0,1.0,6.0381506045814604e-05
62,-8.022575462367758,11.289654631392574,-2.495372018008403e-05,-2.4278223858858676,-0.00022969371763793998,1.347159184206248e-08,-18.122682571411133,0.0001729819632600993,-8.662322998046875,-0.0001030670537147671,-2.2668795281788334e-05,5.738047548220493e-05,3.7111745768925175e-05,0.002635100041516125,0.0,1.0,6.0381506045814604e-05
63,5.876990623069074,-18.014420960712762,-2.31536687162347e-05,7.720205859448304,0.0007182055209777939,1.2252277770130604e-07,-15.914968490600586,0.0004772114916704595,-7.647550582885742,0.00032380831544287503,-2.414934351691045e-05,0.00010972963355015963,0.00014877803914714605,0.0027713999152183533,0.0,1.0,6.0381506045814604e-05
64,-11.269192398015393,14.74123129688305,-1.8923052773975966e-05,5.1407630548199705,-0.00031364281351013154,5.785751255871219e-08,-16.665283203125,0.0003531629336066544,-7.948581218719482,-0.0001419669424649328,-1.7960783225134946e-05,0.00019959644123446196,0.00018687397823669016,0.002636800054460764,0.0,1.0,6.0381506045814604e-05
65,4.312690520425207,-14.35644338444394,-9.408832394591335e-06,-3.1235406016241454,-0.00029597260957944034,7.744143459831321e-08,-16.373743057250977,0.00035430409479886293,-7.94535493850708,-0.00013154854241292924,-6.785605819459306e-06,0.00033193264971487224,0.00010000725887948647,0.0021695999894291162,0.0,1.0,6.0381506045814604e-05
66,-9.077910412894946,18.347023449380476,-3.162538844682984e-05,-15.501348573718648,-2.122560826791497e-06,3.133871118166098e-08,-17.278411865234375,0.00016340499860234559,-8.719278335571289,-1.9482761217659572e-06,-1.9503815565258265e-05,0.0002458946546539664,3.801118873525411e-05,0.004603899898938835,0.0,1.0,6.0381506045814604e-05
67,-0.1682493381545518,15.102445503686713,1.7353209657314758e-05,-25.357256516822957,-4.978809971698485e-05,2.9855478089757526e-08,-17.32689666748047,0.00018688436830416322,-8.585020065307617,-2.3256678105099127e-05,8.906637958716601e-06,0.00022749930212739855,8.194279507733881e-05,0.0026310000102967024,0.0,1.0,6.0381506045814604e-05
68,-7.894414912787288,16.151268397385596,-5.3332602136248486e-05,-14.026681212310443,-4.0192922119968474e-05,7.655165390474394e-09,-18.687885284423828,0.00011945974983973429,-9.032530784606934,-1.848286592576187e-05,-3.519371239235625e-05,0.00010758658754639328,2.3979751858860254e-05,0.002507800003513694,0.0,1.0,6.0381506045814604e-05
69,-19.38460707415013,-1.014373977830278,0.00012921878581953144,26.237099524570727,0.0002032736684530355,5.284549615680589e-07,-14.45330810546875,0.0009897541021928191,-6.918054103851318,8.898550731828436e-05,0.0002207309298682958,0.0005832742317579687,0.000776801083702594,0.002632899908348918,0.0,1.0,6.0381506045814604e-05
70,17.974849444214758,-8.108661248297025,-0.00023492668972366164,20.875623531821226,0.0007073915724499844,4.822662731385208e-07,-14.544769287109375,0.0010743103921413422,-6.836076259613037,0.00031794793903827667,-0.0003585858503356576,9.058701834874228e-05,0.0007049660780467093,0.0020904999691993,0.0,1.0,6.0381506045814604e-05
71,7.037198241746234,-23.46268884183313,-3.9668724297075957e-05,18.880879406932124,-0.0005325938231023076,1.1611591332894022e-07,-15.968676567077637,0.00046590203419327736,-7.671535015106201,-0.00023968378081917763,-5.055799556430429e-05,1.6742098523536697e-05,0.0003345783625263721,0.0027046999894082546,0.0,1.0,6.0381506045814604e-05
72,-18.451170661140633,10.085553469102399,-0.00012637398096919795,13.141875948234652,-0.00022179924510148396,2.665824467840139e-07,-15.137581825256348,0.0006681816885247827,-7.31095027923584,-0.00010052656580228359,-0.00015114319103304297,0.0001712561643216759,0.0006617677281610668,0.002095900010317564,0.0,1.0,6.0381506045814604e-05
73,-4.309626757041763,11.750812912682607,-3.921151776283188e-05,1.3795009640681068,1.3815552365788118e-06,1.3488648420434401e-08,-18.121417999267578,0.00014923405251465738,-8.8099946975708,2.830535663633782e-07,-4.204680226393975e-05,8.981239079730585e-05,0.00012399598199408501,0.0027685000095516443,0.0,1.0,6.0381506045814604e-05
74,-4.426255045074824,20.972323059063545,5.406487823664791e-06,-5.010863451141242,4.1227560012135816e-05,1.1391547616312891e-07,-15.987809181213379,0.0003197719343006611,-8.04790210723877,1.665112722548656e-05,1.623724074306665e-06,0.0004522786766756326,0.00015071549569256604,0.002705099992454052,0.0,1.0,6.0381506045814604e-05
75,-0.7452259382864616,7.799444010174952,2.7762462212420207e-05,-6.163681936468194,-9.61218322373255e-06,9.241935217119135e-09,-18.499513626098633,0.00011051495675928891,-9.110360145568848,-4.0307859308086336e-06,2.081504135276191e-05,4.754795736516826e-05,0.00012379029067233205,0.0027209999971091747,0.0,1.0,6.0381506045814604e-05
76,20.99429799379917,-10.69417893743534,0.0008637794067245927,-27.827381870422144,0.00025441514355379924,3.0097953640506603e-06,-12.713638305664062,0.0018103111069649458,-6.31425666809082,0.00010500176722416654,0.0003322951670270413,0.0023746038787066936,0.00037142442306503654,0.002216299995779991,0.0,1.0,6.0381506045814604e-05
77,2.0817439193002314,-15.0457154500488,0.0007284707235961523,-29.421128355632202,-0.0012341530799197503,1.2597849945450434e-06,-13.584569931030273,0.0015443094307556748,-6.473178386688232,-0.0005492539494298398,0.0002541042340453714,0.0013279158156365156,0.00015398679533973336,0.005424399976618588,0.0,1.0,6.0381506045814604e-05
78,3.2351136303016808,19.163515736999585,0.00014486519787087934,-15.272742908286391,0.00017459361251507614,1.3351382222026587e-07,-15.829060554504395,0.0004782930191140622,-7.645287036895752,7.666347664780915e-05,8.93774486030452e-05,0.00046107021626085043,0.0001634339423617348,0.0025252000195905566,0.0,1.0,6.0381506045814604e-05
79,0.2235610584370784,0.5828765287592288,-2.0226681435812707e-05,-7.259372440750481,-1.6503593088661784e-05,4.370726003344316e-08,-16.945751190185547,0.00019291858188807964,-8.553242683410645,-6.047538590792101e-06,-1.741515916364733e-05,0.0002905017463490367,4.841002737521194e-05,0.002175400033593178,0.0,1.0,6.0381506045814604e-05
80,-22.620547179657258,15.41579710656229,0.00016502163875825606,-3.89986206808355,0.0008230314889515953,3.0057873345867847e-07,-15.017556190490723,0.0008134542149491608,-7.114221096038818,0.00037060558679513633,0.00015519859152846038,5.016088834963739e-05,0.0005251391557976604,0.0026276999851688743,0.0,1.0,6.0381506045814604e-05
81,-5.840009023547346,-17.403811698617538,-6.090681380396434e-05,21.184597396374034,0.00014663311737391865,4.335566217150699e-08,-16.953828811645508,0.00028773999656550586,-8.15345287322998,6.608766852878034e-05,-8.586496551288292e-05,2.0995868908357807e-05,0.00025057882885448635,0.002154799993149936,0.0,1.0,6.0381506045814604e-05
82,9.42030262879111,-26.734186134148192,-4.572684065570704e-05,9.838729334870353,0.00015458415856323547,1.0255344307097403e-07,-16.09288215637207,0.0003666689735837281,-7.911051273345947,6.945741188246757e-05,-4.739347059512511e-05,6.795579975005239e-05,0.0004316803824622184,0.0027052999939769506,0.0,1.0,6.0381506045814604e-05
83,3.02518902243666,-2.750180551235929,-0.0001006081778212074,4.8118584601908445,0.00011138218478739234,3.212736743307687e-08,-17.253557205200195,0.00028074916917830706,-8.178049087524414,5.048479943070561e-05,-0.0001125304406741634,6.246845441637561e-05,0.00017299942555837333,0.0026141999987885356,0.0,1.0,6.0381506045814604e-05
84,2.394027948590789,14.320961741811917,-6.632200108407061e-05,-15.260897931135862,6.981583543133709e-05,4.727017710592918e-08,-16.867385864257812,0.00026691355742514133,-8.228585243225098,3.0326587875606492e-05,-4.43100871052593e-05,0.00027839705580845475,0.0001061567454598844,0.002152099972590804,0.0,1.0,6.0381506045814604e-05
85,7.547963083450534,20.300891146103456,-0.0037743927702554797,-12.34590428222072,7.686863050726631e-05,7.218693554023048e-06,-11.838836669921875,0.00311148539185524,-5.772655010223389,3.252578972023912e-05,-0.0026514593046158552,0.0004956409684382379,0.00035935977939516306,0.0025528999976813793,0.0,1.0,6.0381506045814604e-05
86,-4.994976188379056,10.497701953214571,2.8490242987901157e-06,-3.9692960692607095,-6.338165860055306e-05,3.2513696179847784e-09,-19.544189453125,7.890040433267131e-05,-9.4473237991333,-2.826613672368694e-05,1.2991941957807285e-06,4.52414205938112e-05,5.342872464098036e-05,0.0021062999730929732,0.0,1.0,6.0381506045814604e-05
87,4.02796156730691,3.420480639708453,3.076910056230723e-05,-3.456986763302672,8.620287347956145e-06,2.4315845337241626e-08,-17.532136917114258,0.0001572914479766041,-8.757410049438477,3.800847025559051e-06,2.3632535885553807e-05,4.691355934482999e-05,0.00021280255168676376,0.0036082000005990267,0.0,1.0,6.0381506045814604e-05
88,4.451356248286591,9.063362782404864,5.406927099192288e-05,-9.309916292915961,6.396101858669164e-05,4.089203997637014e-08,-17.012331008911133,0.0002622339525260031,-8.246273040771484,2.8098816983401775e-05,3.766332156374119e-05,0.00018737274513114244,0.00020557090465445071,0.0025566999102011323,0.0,1.0,6.0381506045814604e-05
89,-5.5097742302229875,16.660567941265473,-5.7649352663999515e-05,-23.4638827683053,-3.2581096782407174e-05,1.2503267754482295e-08,-18.197275161743164,0.0001344549236819148,-8.914281845092773,-1.5201480891846586e-05,-2.6164572773268446e-05,0.00014714495046064258,3.903277684003115e-05,0.005476900027133524,0.0,1.0,6.0381506045814604e-05
90,2.968982386153912,-15.969190275881875,-1.0081713184358377e-05,28.59668088304194,4.684360244524e-05,2.3383188718639758e-08,-17.57124900817871,0.00017508200835436583,-8.650256156921387,2.019593921431806e-05,-1.5576490113744512e-05,0.00019697695097420365,8.16422252682969e-05,0.002141100005246699,0.0,1.0,6.0381506045814604e-05
91,6.315805995125738,-4.7919336668281405,6.600374508498449e-05,-24.90373941502796,9.01845725649383e-05,1.7573411170701547e-08,-17.85687828063965,0.00018232027650810778,-8.609745979309082,4.1153256461257115e-05,3.175179517711513e-05,5.556399992201477e-05,0.00016326643526554108,0.0026858000783249736,0.0,1.0,6.0381506045814604e-05
92,0.5095978428782857,11.993427749810568,4.0132273547400485e-05,-10.61364406652753,-2.8848608319042663e-05,1.9148634677890186e-08,-17.771034240722656,0.00017552965437062085,-8.64770221710205,-1.3459185538522433e-05,2.7038855478167534e-05,0.00013334392860997468,0.00013671928900294006,0.002247900003567338,0.0,1.0,6.0381506045814604e-05
93,0.024833776957587532,13.322376037525585,-1.655476397368326e-05,-18.816030513388345,-3.163037051324657e-05,1.1702157465265373e-08,-18.263492584228516,0.00010577013017609715,-9.154242515563965,-1.4764679690415505e-05,-9.589207365934271e-06,0.00015043510938994586,1.2397375030559488e-05,0.0026823999360203743,0.0,1.0,6.0381506045814604e-05
94,-3.9058051202250708,14.221387508392791,1.5136664724397654e-05,-10.414272287716157,-3.8175996019942683e-05,8.409954510568696e-09,-18.593849182128906,0.00011400508810766041,-9.079267501831055,-1.7575910533196293e-05,9.910736480378546e-06,0.00010926437971647829,6.377250974765047e-05,0.002143500023521483,0.0,1.0,6.0381506045814604e-05
95,4.316723619398221,-13.622648562400363,1.3180554967655294e-05,10.29696668797283,4.906123725035571e-05,6.619979675548393e-09,-18.833173751831055,0.00010716504039010033,-9.141140937805176,2.2617681679548696e-05,1.6467118257423863e-05,0.0001027549515129067,3.3405525755370036e-05,0.0021852999925613403,0.0,1.0,6.0381506045814604e-05
96,10.694755898557991,-10.26571943145258,8.506451240168031e-05,-21.171906483567078,0.0002846966612502116,1.5429418454004917e-07,-15.684404373168945,0.0005076025845482945,-7.585811614990234,0.00012645359674934298,4.686585089075379e-05,0.0004903665976598859,0.00017819968343246728,0.004108999972231686,0.0,1.0,6.0381506045814604e-05
97,-9.067430176995563,-24.573823380224173,-3.4246881122204723e-05,22.987149284882744,0.00016961469584834382,6.626127913023083e-08,-16.529659271240234,0.000297878694254905,-8.118824005126953,7.62935378588736e-05,-4.620446270564571e-05,9.406852768734097e-06,0.0003413545782677829,0.0027185999788343906,0.0,1.0,6.0381506045814604e-05
98,-12.081316821834207,-29.729921618069735,-0.00018922811515405648,23.372296821544587,0.0006177337789857387,2.1287095819388924e-07,-15.362579345703125,0.0007388414815068245,-7.210427284240723,0.0002780843060463667,-0.00028447818476706743,2.285821938130539e-05,0.00032969980384223163,0.002807200071401894,0.0,1.0,6.0381506045814604e-05
99,6.858144419807569,-14.757724744498521,-2.4206190733798115e-05,21.275838388045443,5.4826031489264626e-05,4.2674077604942795e-09,-19.272258758544922,0.00010423547064419836,-9.168858528137207,2.440924072288908e-05,-3.643128729891032e-05,6.487136124633253e-05,2.19185294554336e-05,0.0027375000063329935,0.0,1.0,6.0381506045814604e-05
100,1.5674149400529989,-0.3748146124985103,-6.569250613351302e-05,-14.411017733390306,-0.00013181681696194263,6.179561040653425e-08,-16.59943389892578,0.00027626557857729495,-8.194148063659668,-5.768911796621978e-05,-4.289868593332358e-05,0.0003361913259141147,1.5164225260377862e-05,0.002691800007596612,0.0,1.0,6.0381506045814604e-05
0,10.0,-10.0,0.0,10.0,0.0,2.8923974326744428e-08,-17.35859489440918,0.00017351825954392552,-8.65922737121582,-5.606640343103209e-07,-3.382152272024541e-06,0.00015706980775576085,0.0001820810721255839,0.0023858000058680773,0.0,2.0,0.00017351825954392552
1,-30.0,30.0,0.006,-30.0,0.006,1.3620434401673265e-05,-11.203939437866211,0.005906723905354738,-5.131663799285889,0.002690813271328807,0.001995606580749154,0.0021733890753239393,0.00026721879839897156,0.0019447000231593847,0.0,2.0,0.00017351825954392552
2,14.138390135130154,-12.847107162553794,-0.0037726207131787495,24.212197619987048,-0.004741357895455353,3.912458851118572e-05,-10.148759841918945,0.008183274418115616,-4.805663108825684,-0.0021337533835321665,-0.00587540352717042,2.919887992902659e-05,0.0003190363640896976,0.002610399969853461,0.0,2.0,0.00017351825954392552
3,0.5948560900183372,-11.167445984219091,0.0010607453267786114,-0.593535113618646,0.0018021463190795236,1.842346136982087e-06,-13.20447063446045,0.0021271281875669956,-6.152982711791992,0.0008133557275868952,0.0010209090542048216,0.000522589951287955,6.313703488558531e-05,0.002107999986037612,0.0,2.0,0.00017351825954392552
4,23.90517664228713,-3.8017163261901183,0.0025760076284699262,-0.21058193891671104,-0.00045070310671885185,6.893117642903235e-06,-11.884986877441406,0.003463990753516555,-5.6653337478637695,-0.00020692915131803602,0.0024899677373468876,0.001015942427329719,0.0005182451568543911,0.002007800037972629,0.0,2.0,0.00017351825954392552
5,2.728844590977677,2.276997970693902,0.0003831537240507037,29.816722996165282,0.0006238716473991214,7.238755870275781e-07,-14.138646125793457,0.0013507773401215672,-6.607075214385986,0.0002798114437609911,0.000638592173345387,0.00020690953533630818,0.0006578379543498158,0.002560200053267181,0.0,2.0,0.00017351825954392552
6,8.075621744133887,-22.682692510419244,0.0003393001255446803,-7.503937523395555,-0.0030227861545230193,1.962032911251299e-06,-13.141529083251953,0.001806134358048439,-6.316566467285156,-0.0013595613418146968,0.000278250256087631,7.960909715620801e-05,0.0002570364740677178,0.0026665000477805734,0.0,2.0,0.00017351825954392552
7,24.90796193226506,-3.6220831717975845,-0.0003199157973612064,8.366173902569214,0.005969097711336187,7.940437171782833e-06,-11.743542671203613,0.003830726956948638,-5.564700603485107,0.002683487953618169,-0.00038965322892181575,0.0006411231588572264,0.0008740482153370976,0.002620500046759844,0.0,2.0,0.00017351825954392552
8,28.733667459957648,22.968446246236716,-0.00012646035510146354,0.6783774562911734,-0.000649149237894095,2.7577546006796183e-06,-12.801094055175781,0.0016905388329178095,-6.3827080726623535,-0.00029285557684488595,-0.00016606837743893266,0.00016975963080767542,0.0022934700828045607,0.005496899946592748,0.0,2.0,0.00017351825954392552
9,23.41106336818705,-24.34166360566566,-0.0005075342176580807,-2.300634446235563,0.0005208701737646603,1.9335616343596485e-06,-13.156147003173828,0.0017879325896501541,-6.326695442199707,0.00022725881717633456,-0.00046088063390925527,0.001777996076270938,0.00042159020085819066,0.002635300043039024,0.0,2.0,0.00017351825954392552
10,24.971496013611212,-26.70585329187059,0.0004509042796134526,14.756937104439217,-0.0017992172354377536,1.4666317156297737e-06,-13.432541847229004,0.002078937366604805,-6.175898551940918,-0.0008125350577756763,0.0006068164948374033,0.000715609872713685,0.0006035618134774268,0.002686499967239797,0.0,2.0,0.00017351825954392552
11,-5.6844655268646065,10.527560478885169,-0.0003974204037451211,-24.734840635304707,0.00014085929467785974,1.134637699351515e-07,-15.991782188415527,0.0004620400723069906,-7.679859161376953,6.519341695820913e-05,-0.00017387655680067837,0.0003940398746635765,5.1900307880714536e-05,0.002159200026653707,0.0,2.0,0.00017351825954392552
12,-29.65785874480823,27.92606484893001,-0.00038232234272163014,0.532474858471502,-0.0005946407076431179,1.8286793874722207e-06,-13.21191692352295,0.0019045848166570067,-6.263491153717041,-0.00027310466975905,-0.00035615122760646045,0.0013033556751906872,0.0012473022798076272,0.0026437999913468957,0.0,2.0,0.00017351825954392552
13,7.892527004504436,26.971732107062145,5.332396707271141e-05,-25.222182553302098,-1.6584743251538954e-05,2.94237366915695e-07,-15.03887939453125,0.000460146606201306,-7.68396520614624,-1.069525933417026e-05,2.4521357772755437e-05,0.0007610195316374302,8.884044655133039e-05,0.0027171000838279724,0.0,2.0,0.00017351825954392552
14,-3.0688953132210837,15.68397826983195,-0.0006243655630338064,-0.45116913443049594,0.0006685977996206081,5.073149509371433e-07,-14.494133949279785,0.0011285360669717193,-6.786833763122559,0.00029988502501510084,-0.000606364686973393,0.0002394500479567796,0.0002051225892500952,0.0026349000399932265,0.0,2.0,0.00017351825954392552
15,-7.337882260759108,-27.699395414468118,-4.136378484080156e-05,-11.584213802895551,-0.0002361593269234957,5.092531409900403e-06,-12.187735557556152,0.0017848779680207372,-6.328405380249023,-9.244319517165422e-05,-2.7005076844943687e-05,0.003185166511684656,0.0001456927420804277,0.0021291000302881002,0.0,2.0,0.00017351825954392552
16,0.9809949339502168,16.260025031566762,0.0001640119304450472,8.364474245511511,-0.0015162369462582976,7.060950792947551e-07,-14.1635160446167,0.0012909658253192902,-6.652364730834961,-0.0006834488594904542,0.00018090383673552424,0.0002708320098463446,0.000582394190132618,0.0026169000193476677,0.0,2.0,0.00017351825954392552
17,9.694677596453403,19.570323646290884,0.00013763397991853308,-29.869739889587915,0.00035945302007192923,3.365398981713952e-07,-14.904548645019531,0.0007237919489853084,-7.231006622314453,0.00015876773977652192,5.1660812459886074e-05,0.0007257825345732272,0.00030094425892457366,0.0025104000233113766,0.0,2.0,0.00017351825954392552
18,-3.215231728532024,26.340844118691884,-7.221988146445966e-05,2.877763643724148,0.0008236947182846493,3.8795144519099267e-07,-14.762385368347168,0.0009352541528642178,-6.974692344665527,0.0003681496309582144,-8.252558473031968e-05,0.0005884541315026581,0.0003807038301602006,0.0021753000328317285,0.0,2.0,0.00017351825954392552
19,-7.949524679934149,12.766457804469027,6.953573090573099e-05,-21.595705097147444,5.24370524897634e-05,3.917691415722402e-08,-17.055177688598633,0.0002143769816029817,-8.447774887084961,2.4845834559528157e-05,3.573727735783905e-05,0.0002705410006456077,3.7046735087642446e-05,0.0026698000729084015,0.0,2.0,0.00017351825954392552
20,8.146959182717037,-1.7869132056630703,0.00012654882388838203,-21.2327586218278,-0.00012086495455792798,4.4340193738889866e-08,-16.931373596191406,0.00030113133834674954,-8.107963562011719,-5.513856012839824e-05,6.679348007310182e-05,0.0002479465038049966,0.0001104520633816719,0.002607200061902404,0.0,2.0,0.00017351825954392552
21,2.086402750182088,-7.682503080896431,0.0001136787089345091,-28.137930651745158,-0.00022203082038115674,4.031997775655327e-07,-14.723834037780762,0.000652884307783097,-7.334110736846924,-9.583302744431421e-05,4.492199877859093e-05,0.0008722979109734297,0.00015196064487099648,0.002626199973747134,0.0,2.0,0.00017351825954392552
22,1.5054826496346958,14.392315975959258,0.0002574634390041187,-23.37264444383101,7.276200653058702e-05,5.1044512616726934e-08,-16.79056739807129,0.00031137795303948224,-8.074502944946289,3.175871825078502e-05,0.00012148931273259223,0.0002594767138361931,5.678314118995331e-05,0.002123500104062259,0.0,2.0,0.00017351825954392552
23,13.82887704966627,13.49893625395496,0.00015500006105211863,-20.976530738706135,0.0005596325495403563,3.3080806360885617e-07,-14.921727180480957,0.000695885275490582,-7.270325660705566,0.00024890308850444853,8.003619586816058e-05,0.0007244375301524997,9.454391147301067e-06,0.0026630000211298466,0.0,2.0,0.00017351825954392552
24,-16.532681477863562,11.375264032206136,0.00022309540211423536,-25.550475488976623,2.4422999159670586e-05,5.365251354305656e-07,-14.438152313232422,0.0006302323308773339,-7.36942195892334,1.5442663425346836e-05,9.424512245459482e-05,0.0010269414633512497,1.4147613001114223e-05,0.002636200049892068,0.0,2.0,0.00017351825954392552
25,-9.587913657646357,9.408229068060654,1.74615366147186e-05,-16.69917568243336,0.00012133999940935748,1.6261373048109817e-07,-15.631888389587402,0.000376129406504333,-7.885577201843262,5.7089146139333025e-05,1.1468973752926104e-05,0.0005617816932499409,5.336090544005856e-05,0.0020683000329881907,0.0,2.0,0.00017351825954392552
26,20.188555230319754,-4.477627046850371,0.00010797927983063072,19.3026210279655,0.0011311945463152776,8.042172794375801e-07,-14.03339672088623,0.00121738959569484,-6.71104621887207,0.0005085162702016532,0.00013650070468429476,0.0001258464908460155,0.001018898794427514,0.002140500000678003,0.0,2.0,0.00017351825954392552
27,1.9075391236215582,13.010758791299496,-2.52510385046131e-05,-8.70501082610148,-0.00014457721207161684,5.0781796545606994e-08,-16.79572868347168,0.0003037832211703062,-8.099196434020996,-6.589118856936693e-05,-2.369950743741356e-05,0.00021400349214673042,0.00021438158000819385,0.002119000069797039,0.0,2.0,0.00017351825954392552
28,8.870906508755722,-3.2263871441774534,-0.00011730750066286855,-4.98113361855186,-0.0009836085654816953,2.424822298507934e-07,-15.23233699798584,0.00073059624992311,-7.221649646759033,-0.00044337575673125684,-0.0001038637274177745,0.00022199336672201753,0.00014472017937805504,0.002085499931126833,0.0,2.0,0.00017351825954392552
29,2.954376156876668,12.858637037777989,2.550783782540201e-05,-23.535309659154628,-0.0005141061168170904,8.946619090011154e-08,-16.22940444946289,0.0004080489161424339,-7.804123401641846,-0.00023230176884680986,1.3079204109089915e-05,0.00025684942374937236,6.848646444268525e-05,0.0022652000188827515,0.0,2.0,0.00017351825954392552
30,8.581783909476476,2.6277897271876203,3.137825625126231e-05,0.327731766972791,0.00016171834935990338,1.0780847503610858e-07,-16.042909622192383,0.0004040984495077282,-7.813851833343506,7.192837801994756e-05,2.368599598412402e-05,0.00022534964955411851,0.00039161849417723715,0.0021495999535545707,0.0,2.0,0.00017351825954392552
31,-3.1137049992907597,6.298762820504444,-4.994999476422515e-08,0.31167122340856446,0.00040375233232216025,4.3511860781109135e-08,-16.950231552124023,0.000285837595583871,-8.160086631774902,0.00018219702178612351,-2.1101682250446174e-06,0.00010332894453313202,9.973186388378963e-05,0.002146199927665293,0.0,2.0,0.00017351825954392552
32,-0.4466463539772299,17.25486153194952,8.424510563932714e-06,-12.734032568865524,0.0006325046324355393,1.4187327224135515e-07,-15.768331527709961,0.0005151689983904362,-7.571015357971191,0.0002833042817655951,3.325978696011589e-06,0.0003253422910347581,0.00013173522893339396,0.003033599932678044,0.0,2.0,0.00017351825954392552
33,-2.0078243910023756,4.628892342967034,-1.6903013889065608e-05,1.7958621777337362,0.00030218793431648435,3.225051870003881e-08,-17.249731063842773,0.00027061079163104296,-8.214828491210938,0.0001364922063658014,-1.9704975784406997e-05,0.0001025125093292445,0.000126314684166573,0.005368699901737273,0.0,2.0,0.00017351825954392552
34,4.5857881995295955,-5.692783722724631,0.0003210659226781664,-0.012543580035634785,-0.0001676339153315167,1.1044541992077939e-07,-16.01874351501465,0.000475479697342962,-7.651186466217041,-7.491138967452571e-05,0.00031119975028559566,8.807278209133074e-05,9.066433267435059e-05,0.005471799988299608,0.0,2.0,0.00017351825954392552
35,-12.303950529268782,13.407066669980301,-6.724527600694464e-06,-14.799022416410498,0.0007700329702598486,1.609855218021039e-07,-15.641951560974121,0.0005293086869642138,-7.543938636779785,0.0003477252903394401,-2.9385355446720496e-06,0.00026892233290709555,8.836737833917141e-05,0.002646900014951825,0.0,2.0,0.00017351825954392552
36,10.311299589051215,9.135321300045842,-2.9181848103253696e-05,-17.32949434722603,4.250514816465041e-05,1.355388121737633e-07,-15.814007759094238,0.00033199790050275624,-8.010381698608398,1.711346885713283e-05,-1.878322655102238e-05,0.0005133964004926383,7.880603516241536e-05,0.00543160003144294,0.0,2.0,0.00017351825954392552
37,-0.34927439324697335,-18.19634213563966,-0.0001311345812248708,15.322567763097787,0.0007334795027551224,1.8061618334286322e-07,-15.526891708374023,0.0007063227239996195,-7.255438327789307,0.0003310396568849683,-0.0001718644634820521,0.00021402080892585218,0.00019281635468360037,0.0025258000241592526,0.0,2.0,0.00017351825954392552
38,-13.238505078263339,3.3500383552016224,-1.3574231994345352e-05,-21.006409014946406,0.0002571581763932786,1.36248775106651e-06,-13.506197929382324,0.0009698910871520638,-6.938326835632324,0.00012282187526579946,-6.291425052040722e-06,0.0016410625539720058,4.0492941479897127e-05,0.002130200038664043,0.0,2.0,0.00017351825954392552
39,0.7066889985878343,8.516876031901454,-1.526677063099034e-05,0.06737183751974289,0.000188708522032498,4.4294136358757896e-08,-16.93241310119629,0.00027228184626437724,-8.208672523498535,8.466706640319899e-05,-1.982077446882613e-05,7.517684571212158e-05,0.00026041115052066743,0.004589300020597875,0.0,2.0,0.00017351825954392552
40,-1.7739853075665053,21.41430382793212,-1.403313385030392e-05,-20.558302146486927,-0.0002594371325739925,1.6394517388107488e-07,-15.623733520507812,0.0004056710749864578,-7.809967994689941,-0.00011902383994311094,-7.630890650034416e-06,0.0005471024196594954,1.0930273674603086e-05,0.0021358999656513333,0.0,2.0,0.00017351825954392552
41,3.907205438106967,7.908128583097367,2.988532052214315e-06,-7.567969623801647,0.00016169181015204787,3.703073403471535e-08,-17.11151695251465,0.0002481396950315684,-8.301518440246582,7.229168113553897e-05,-1.5226212326524546e-06,0.00013673561625182629,0.00021191516134422272,0.0021620000479742885,0.0,2.0,0.00017351825954392552
42,5.383238441138444,-3.9895516629672536,2.0940734682090185e-05,-7.532124916335284,0.00031478176980927886,2.304902757543914e-08,-17.585641860961914,0.00020904853590764105,-8.472944259643555,0.0001420718035660684,1.592047374288086e-05,5.3160449169809e-05,4.895204256172292e-05,0.005385000025853515,0.0,2.0,0.00017351825954392552
43,11.780232232090778,-0.7138964592392399,-2.452883530777285e-05,-9.316499120877312,0.0002763596683980881,1.427234224138374e-07,-15.762356758117676,0.00046030341763980687,-7.683624744415283,0.00012253275781404227,-2.156624395865947e-05,0.0004813068371731788,0.00015110198000911623,0.0026422999799251556,0.0,2.0,0.00017351825954392552
44,4.965022492401533,4.247923038684842,-5.321884222228185e-05,1.2966775092399707,0.0002709141930024024,8.300519027670816e-08,-16.304363250732422,0.0004083398380316794,-7.80341100692749,0.00012152371346019208,-5.9765672631328925e-05,0.00011253690900048241,0.00034156395122408867,0.0026300998870283365,0.0,2.0,0.00017351825954392552
45,-4.375341368160181,3.9994131186480333,9.132455226378935e-05,-25.946612603952047,0.00017962509485807448,3.934878520794882e-07,-14.748215675354004,0.0005966835888102651,-7.424123764038086,8.474161586491391e-05,3.924096381524578e-05,0.0008743483922444284,7.10535969119519e-05,0.002751799998804927,0.0,2.0,0.00017351825954392552
46,-1.4219910673635476,4.459245150577269,5.291999300834786e-05,-3.754215966273477,4.113350158522222e-05,2.2042653924359e-08,-17.630287170410156,0.00019856958533637226,-8.524371147155762,1.935247018991504e-05,4.523957977653481e-05,0.00017486199794802815,9.309305460192263e-05,0.005105899996124208,0.0,2.0,0.00017351825954392552
47,3.8294435314926654,-5.196382507779207,-1.3540895636199597e-05,7.647553022173802,7.588840326294454e-05,1.5951433951499894e-08,-17.953716278076172,0.00015590664406772703,-8.766253471374512,3.441255466896109e-05,-1.8738377548288554e-05,4.064815220772289e-05,0.00016486326057929546,0.0022016000002622604,0.0,2.0,0.00015590664406772703
48,7.432575511073223,1.3500229470533767,-8.653242443076295e-05,7.523907306223813,9.439894313159305e-05,1.3561727030264592e-07,-15.81342887878418,0.0004594213096424937,-7.685543060302734,4.192794949631207e-05,-0.00010808770457515493,0.00014678805018775165,0.0004720232973340899,0.0021250999998301268,0.0,2.0,0.00015590664406772703
49,-4.513959496640099,17.82353927283193,0.00010908227082461393,-8.792627017506089,-8.392379313614008e-06,5.518612056221173e-08,-16.712554931640625,0.0002807086566463113,-8.178193092346191,-5.000500095775351e-06,8.308536052936688e-05,0.0002982371661346406,8.700843318365514e-05,0.0026779999025166035,0.0,2.0,0.00015590664406772703
50,-6.726614647930651,14.6089811616182,0.00013914442366109685,-20.104309764609457,-0.00019977530977026396,1.4793307023808211e-08,-18.029090881347656,0.00019795974367298186,-8.527446746826172,-8.965274173533544e-05,7.501323125325143e-05,3.779192047659308e-05,2.879561907320749e-05,0.002631200011819601,0.0,2.0,0.00015590664406772703
51,-7.575414771223168,17.035160109785572,0.00023300971025273272,-16.72700397631936,-0.00013278380898224947,3.703310724745279e-08,-17.111454010009766,0.0002937481040135026,-8.132787704467773,-6.037700950400904e-05,0.0001416712038917467,0.0001617578964214772,2.1641835701302625e-05,0.0027944999746978283,0.0,2.0,0.00015590664406772703
52,4.345068791438383,-2.2362913110581513,-7.916116919608095e-06,-13.821240524504761,0.0001379519877730873,1.409082095449321e-08,-18.077741622924805,0.00014490430476143956,-8.839436531066895,6.290448072832078e-05,-5.130331373948138e-06,0.00014166615437716246,1.2072857316525187e-05,0.0026731000980362296,0.0,2.0,0.00014490430476143956
53,-11.592310000889926,27.419123095206444,0.0003043434432895188,-28.30556932956576,-0.00013108865900044893,7.224366527225357e-07,-14.140636444091797,0.0007718867855146527,-7.166672706604004,-6.401582504622638e-05,0.00011194518447155133,0.001188107649795711,3.7439147035911446e-06,0.005468199960887432,0.0,2.0,0.00014490430476143956
54,5.08344982403823,-13.036212412931214,-0.0002026349128115977,14.846737994247158,-0.00013348536539398663,7.609833119204268e-08,-16.391239166259766,0.00034303247230127454,-7.977685451507568,-5.9968406276311725e-05,-0.00026883967802859843,9.223006600223016e-06,1.922577212098986e-05,0.002068699919618666,0.0,2.0,0.00014490430476143956
55,-2.426899990061407,3.2254633729547573,-6.449895900538795e-05,-12.270229613147526,-0.00010776844536481006,1.0254762372596815e-07,-16.092939376831055,0.00031529617263004184,-8.06199836730957,-4.6467397623928264e-05,-4.5383108954411e-05,0.0004434474976733327,3.4437846352375345e-06,0.005229300004430115,0.0,2.0,0.00014490430476143956
56,14.410508783954771,-12.353422451500204,0.00014962541926505553,-19.7378834418592,0.00034442774597323144,5.920587682339828e-07,-14.339659690856934,0.000857655715662986,-7.061307907104492,0.00015103621990419924,8.492379129165784e-05,0.0010406577493995428,0.00020273365953471512,0.00196899997536093,0.0,2.0,0.00014490430476143956
57,-3.729735690301621,26.167495443853603,-7.348059607322883e-05,-24.010283434221435,-0.00019054428213477776,4.033459788388427e-07,-14.723470687866211,0.0005817741621285677,-7.449428081512451,-8.949760376708582e-05,-3.285993807367049e-05,0.0008874268387444317,3.140632907161489e-05,0.0032543999841436744,0.0,2.0,0.00014490430476143956
58,-7.421157438250887,-0.8751248117915489,4.4728747428273505e-06,-2.7153289203514843,-0.00015934892768963146,2.6535681740824657e-07,-15.142189979553223,0.000471549981739372,-7.659485340118408,-6.855597894173115e-05,5.258422788756434e-06,0.0007177912630140781,7.76798915467225e-05,0.005486199981532991,0.0,2.0,0.00014490430476143956
59,4.136307714209974,-1.894101095793828,-0.00014285354991166581,-7.406464612175477,0.00021711819189435143,3.0517036009314324e-08,-17.304981231689453,0.00029867299599573016,-8.116161346435547,9.829761984292418e-05,-0.00011685301433317363,9.848911577137187e-05,6.855557876406237e-05,0.002633800031617284,0.0,2.0,0.00014490430476143956
60,4.321908570422104,-19.79897755807981,4.980863826081177e-05,16.418598027973637,-0.00027240452989528473,4.325855940123802e-08,-16.956069946289062,0.00032798005850054324,-8.022558212280273,-0.00012225101818330586,7.14363923179917e-05,6.23511295998469e-05,0.000206234137294814,0.005455100093968213,0.0,2.0,0.00014490430476143956
61,0.708815087288223,-2.893058293061644,1.2124238358328959e-05,1.1496452976829887,-2.362966940610635e-05,2.9509765298030288e-08,-17.338544845581055,0.0001742166350595653,-8.655211448669434,-9.546151886752341e-06,1.0539210052229464e-05,0.0002286370436195284,7.962551899254322e-05,0.0053943999810144305,0.0,2.0,0.00014490430476143956
62,1.4400480494792685,-10.249136014686467,-8.703024303079612e-06,-3.909156994485195,-0.0001116168340245546,1.329252086179622e-07,-15.833478927612305,0.0003358337271492928,-7.998894214630127,-4.787396392202936e-05,-6.839160050731152e-06,0.0005081838462501764,5.405734555097297e-05,0.0025464999489486217,0.0,2.0,0.00014490430476143956
63,-1.6175635358310605,4.983509939952162,6.181622029117492e-05,-11.933057926096309,-7.664729689213142e-05,4.58558417903987e-08,-16.897762298583984,0.00023413539747707546,-8.359610557556152,-3.311687760287896e-05,4.334527693572454e-05,0.00029190978966653347,2.3436712581315078e-05,0.005450100055895746,0.0,2.0,0.00014490430476143956
64,4.68153765778011,-15.894423305397746,3.1720605712391425e-05,1.7366677101803096,-0.00010999810869988263,4.1201897005294086e-08,-17.00478172302246,0.00026439252542331815,-8.238075256347656,-4.824445568374358e-05,3.415141691220924e-05,0.00024971127277240157,0.00011428205471020192,0.002723800018429756,0.0,2.0,0.00014490430476143956
65,2.3976370969054304,2.1363120172658365,1.2811219922683066e-05,-0.2984232515670614,2.4632443387657485e-05,1.9796420502871115e-08,-17.737764358520508,0.00013556002522818744,-8.906096458435059,1.1340935088810511e-05,8.736214113014285e-06,3.6393154005054384e-05,0.00019457261078059673,0.005422899965196848,0.0,2.0,0.00013556002522818744
66,9.02233129472418,-19.60578173771857,6.33189254519379e-05,14.648968581327166,9.897916016995e-05,2.7457023321630913e-08,-17.41064453125,0.0002542998408898711,-8.276996612548828,4.43340941274073e-05,8.659197192173451e-05,7.072155131027102e-05,0.00017602597654331475,0.005502799991518259,0.0,2.0,0.00013556002522818744
67,5.426387418315177,-22.129850367486462,6.506882529129912e-05,0.4561825416295552,-0.00021256120173167217,9.312013560247578e-08,-16.189374923706055,0.0004426378873176873,-7.7227582931518555,-9.407183097209781e-05,6.848366319900379e-05,0.0003137641469947994,0.0002464006538502872,0.0025049999821931124,0.0,2.0,0.00013556002522818744
68,-14.998988478377203,18.441613806162284,0.0002771935297576594,-14.595604780702718,-3.904393107644509e-05,5.756221810315765e-08,-16.670398712158203,0.000354347110260278,-7.945233345031738,-1.8249247659696266e-05,0.00018303660908713937,0.000170353872817941,0.00013576865603681654,0.005382100003771484,0.0,2.0,0.00013556002522818744
69,-12.891750530774642,22.52573589237178,0.00029156647433574624,-13.359904949525879,7.219933923570933e-05,2.2057436410705122e-07,-15.327031135559082,0.0005817461060360074,-7.44947624206543,3.0018050892977044e-05,0.0001997385115828365,0.000588381546549499,0.00011559754057088867,0.005489800008945167,0.0,2.0,0.00013556002522818744
70,-11.153921593519692,11.375160204271692,0.00010085398319337595,-7.022253439529474,-0.00021960142036898492,4.9941021984523104e-08,-16.812423706054688,0.0003551678382791579,-7.942920207977295,-9.7781972726807e-05,8.419395453529432e-05,0.0002305995876668021,0.00011578427074709907,0.002200599992647767,0.0,2.0,0.00013556002522818744
71,4.781143373366833,0.8072454424196895,-3.797989302056328e-05,-14.61493041708887,5.135319210461078e-05,1.5040803047483564e-09,-20.31508445739746,6.565364310517907e-05,-9.631117820739746,2.3398677512886934e-05,-2.5013254344230518e-05,2.3041940949042328e-05,1.144148609455442e-05,0.0025323000736534595,0.0,2.0,6.565364310517907e-05
72,-2.6493345918567206,5.43524171027899,1.996953189816288e-05,-17.430270112463344,-0.00014477049363643605,9.732459460565224e-08,-16.145214080810547,0.00030355952912941575,-8.099932670593262,-6.31629372946918e-05,1.2223963494761847e-05,0.0004309603536967188,2.538488115533255e-05,0.0021238999906927347,0.0,2.0,6.565364310517907e-05
73,5.512319894548901,18.21126517357448,-0.0001079102326156909,-23.23047218453808,-5.847730417022976e-05,1.4610137100135034e-07,-15.738965034484863,0.0003675375774037093,-7.908685207366943,-2.848897929652594e-05,-4.9999165639746934e-05,0.0005324426456354558,4.5656212023459375e-05,0.0054085999727249146,0.0,2.0,6.565364310517907e-05
74,-1.1584840429477528,10.298225922763686,1.4787039311804669e-05,-18.21125350189977,-5.18949256511137e-05,2.491399975212971e-09,-19.810420989990234,6.351779302349314e-05,-9.664190292358398,-2.2968024495639838e-05,8.491724656778388e-06,6.145264342194423e-05,2.6634475034370553e-06,0.005599500029347837,0.0,2.0,6.351779302349314e-05
75,6.746497422387852,-18.47848218187578,7.208121424738289e-05,12.93972276423927,6.542747667263998e-05,2.1281778117554495e-08,-17.665414810180664,0.0002079433179460466,-8.47824478149414,2.96117395919282e-05,9.471279918216169e-05,1.6968147974694148e-05,0.00015026942128315568,0.002697500050999224,0.0,2.0,6.351779302349314e-05
76,-0.38400652643397565,9.808566373900154,1.8897120659433907e-05,-9.076511431450491,-3.2578450037534696e-05,7.563838444468729e-09,-18.699886322021484,9.72248672042042e-05,-9.238484382629395,-1.4658396139566321e-05,1.2319279449002352e-05,2.2681046175421216e-05,0.00011781333159888163,0.0021319000516086817,0.0,2.0,6.351779302349314e-05
77,-5.56633927131464,4.455052367828332,3.383640957976602e-05,-16.24700885045417,-0.00021697536435332738,2.4782158902780793e-07,-15.210556983947754,0.00047991026076488197,-7.641911506652832,-9.45678330026567e-05,2.1495859982678667e-05,0.0006894723046571016,3.822081635007635e-05,0.005006099934689701,0.0,2.0,6.351779302349314e-05
78,3.1861037169333675,-6.185008765279806,-4.858825375361567e-06,6.320473141315265,7.964909099678327e-05,1.255096471197703e-08,-18.19346809387207,0.0001494811149314046,-8.808340072631836,3.636551628005691e-05,-7.624982117704349e-06,9.900192526401952e-05,0.00011197931598871946,0.0026238999562337995,0.0,2.0,6.351779302349314e-05
79,8.04986009605161,-10.17736553501891,-3.962974376323311e-05,24.19659854999355,0.00013958126931860082,5.259714441763208e-08,-16.760604858398438,0.0003124680952169001,-8.07100772857666,6.245582335395738e-05,-6.69757355353795e-05,7.955569890327752e-05,0.0002865174028556794,0.002684699953533709,0.0,2.0,6.351779302349314e-05
80,-13.501773765915578,21.762683892413026,7.039245245811474e-05,-11.19255239891425,2.0015402544058654e-05,1.5048279067286785e-07,-15.709417343139648,0.00039637417648918927,-7.833151817321777,6.816509994678199e-06,5.345169120118953e-05,0.0005221490282565355,0.00015006291505414993,0.00250990001950413,0.0,2.0,6.351779302349314e-05
81,-0.4725961861189092,-16.037881563095674,9.539945999845214e-05,27.00030453194849,-0.00017050229337594564,6.78118965424801e-08,-16.506528854370117,0.0004242449067533016,-7.765199661254883,-7.770850788801908e-05,0.00015767406148370355,0.00022412107500713319,0.00015360364341177046,0.0020951000042259693,0.0,2.0,6.351779302349314e-05
82,4.88844808734584,13.490139650602606,-6.62133964968697e-05,-22.046255075925146,-8.021150189402334e-06,6.808556918258546e-08,-16.502500534057617,0.00023726247309241444,-8.346343994140625,-5.027578936278587e-06,-3.2170701160794124e-05,0.0003643799282144755,3.574847141862847e-05,0.0026283999904990196,0.0,2.0,6.351779302349314e-05
83,2.0722265414666166,-2.993125315277807,-4.8434704793896134e-05,-11.5758429386209,5.573609183944429e-05,6.348913927922695e-08,-16.572397232055664,0.00024178129388019443,-8.32747745513916,2.677606426004786e-05,-3.464263863861561e-05,0.00035077796201221645,9.94723268377129e-06,0.005410999990999699,0.0,2.0,6.351779302349314e-05
84,5.642345549498698,-9.399038216794805,2.1157749930753412e-05,10.54277022593379,0.00010608658512969962,9.6357233303479e-09,-18.457788467407227,0.00013244342699181288,-8.929354667663574,4.7824010835029185e-05,2.358607162022963e-05,5.650895673170453e-06,0.00011641578748822212,0.0022041999036446214,0.0,2.0,6.351779302349314e-05
85,-5.786377716177069,21.79893189820321,1.2786084478678582e-05,-20.01566754779175,3.470825224941276e-05,1.503132551761155e-07,-15.71054458618164,0.00029820395866408944,-8.117733001708984,1.3333644346857909e-05,6.940027105883928e-06,0.0005478229722939432,8.0376321420772e-06,0.0026459000073373318,0.0,2.0,6.351779302349314e-05
86,5.140088373524259,-6.507436354738982,-6.710099228308492e-06,-2.093181034339957,8.325049457394212e-05,6.940483743278492e-09,-18.7858943939209,0.00011825338879134506,-9.042680740356445,3.7993682781234384e-05,-7.422754606523085e-06,8.452645124634728e-05,6.114746065577492e-05,0.00254979997407645,0.0,2.0,6.351779302349314e-05
87,-6.1381904340531594,10.34680769136998,-1.614513444182551e-05,-15.274886009724787,-3.179028417256527e-05,3.79960809482327e-08,-17.085783004760742,0.0001702960580587387,-8.677971839904785,-1.3042106729699299e-05,-1.0045445378636941e-05,0.0002739157644100487,2.0501232938840985e-05,0.0022103999508544803,0.0,2.0,6.351779302349314e-05
88,-0.2961120225359639,11.50058111635499,-1.7503377599367465e-05,-7.831526463021718,-3.8532491995182926e-05,1.76659007422586e-08,-17.85162925720215,0.0001623209536774084,-8.725934982299805,-1.7684002159512602e-05,-1.6955711544142105e-05,0.00010005546209868044,0.00015530700329691172,0.0025739000411704183,0.0,2.0,6.351779302349314e-05
89,-4.362735275605853,15.551883658672963,-1.245987971714959e-05,-15.020447306485526,-1.925413595861519e-05,1.1214257078506762e-08,-18.306079864501953,0.00010331733210477978,-9.177705764770508,-9.215622412739322e-06,-8.57531267683953e-06,0.0001466903486289084,2.4362452677451074e-05,0.0020542999263852835,0.0,2.0,6.351779302349314e-05
90,2.9012817600386667,-22.53557319350948,0.0002140976978665027,25.868617605247344,0.0001793623568220813,1.8737492268883216e-07,-15.490154266357422,0.0006527435034513474,-7.334326267242432,8.015005005290732e-05,0.0003476993297226727,0.00012753537157550454,0.000322252803016454,0.002617600024677813,0.0,2.0,6.351779302349314e-05
91,-4.769914716462232,5.956387173751777,-4.325504840715507e-05,-10.920323921990134,2.023105854751957e-05,8.402966500398179e-08,-16.292095184326172,0.0002500225673429668,-8.293959617614746,1.0946863767458126e-05,-3.168162584188394e-05,0.00040712839108891785,7.659747097932268e-06,0.0026693999534472823,0.0,2.0,6.351779302349314e-05
92,9.752805941313454,11.859992538101897,0.00012761990455288828,-17.352062692221654,-0.0001819250952160584,1.4565591754944762e-07,-15.742018699645996,0.0004628936876542866,-7.678013324737549,-8.387495472561568e-05,7.384111086139455e-05,0.0005052651395089924,0.0001050900827976875,0.00430849997792393,0.0,2.0,6.351779302349314e-05
93,7.037676139077453,-7.836635606287463,2.5852745748462324e-05,5.956572944299566,7.618621324339823e-05,1.406902416789535e-08,-18.07929039001465,0.00016017621965147555,-8.739235877990723,3.418575943214819e-05,2.5994253519456834e-05,5.282189522404224e-05,0.00014717051817569882,0.002225699950940907,0.0,2.0,6.351779302349314e-05
94,-2.5875888681743393,3.806868046900072,-4.644400822650934e-05,-18.060932762153254,3.7166707602275354e-05,1.4789075919452443e-07,-15.726792335510254,0.0003339983813930303,-8.004374504089355,1.9190305465599522e-05,-2.6263267500326037e-05,0.0005406849086284637,3.640471550170332e-05,0.0026759000029414892,0.0,2.0,6.351779302349314e-05
95,-10.26925493566751,19.80975564464199,-4.031862084319997e-05,2.194158671250144,-4.2109882452217764e-05,9.511280296692348e-08,-16.168201446533203,0.00032509362790733576,-8.031396865844727,-2.070631853712257e-05,-3.994177677668631e-05,0.00041662066360004246,0.00011227039794903249,0.005455999984405935,0.0,2.0,6.351779302349314e-05
96,25.435891696775844,12.53700946616019,0.0002731175958230212,21.926886728313544,0.0007171636020136881,4.860461558564566e-06,-12.234376907348633,0.0022538253106176853,-6.095126152038574,0.0003231495211366564,0.00035506318090483546,0.00011020772944903001,0.003041017334908247,0.0024754999903962016,0.0,2.0,6.351779302349314e-05
97,7.710817989386707,-11.471340737486754,3.899456567698646e-05,19.532283582902437,7.972010583639498e-05,2.119394792998719e-08,-17.6695499420166,0.00021032142103649676,-8.466873168945312,3.55827396560926e-05,5.2900977607350796e-05,7.403732161037624e-05,0.0001696380932116881,0.002499799942597747,0.0,2.0,6.351779302349314e-05
98,10.91981962485712,27.821874129366538,-0.00031174973869182803,-5.39594369671906,-0.0006458910554206646,7.309282636924763e-07,-14.128950119018555,0.0012785033322870731,-6.662065029144287,-0.0002925282169599086,-0.0002835242194123566,0.0004349958908278495,0.0009699059883132577,0.002663100021891296,0.0,2.0,6.351779302349314e-05
99,-11.252799833159894,9.0226063240669,-5.875611984127831e-05,-3.4316745951640146,7.330449235528504e-06,5.972405858756247e-08,-16.63353157043457,0.0002790308208204806,-8.184187889099121,4.663763320422731e-06,-5.056645750300959e-05,0.0003078162844758481,0.00013978489732835442,0.0021345000714063644,0.0,2.0,6.351779302349314e-05
100,5.035016783210122,-14.256289697732907,2.0867598944752334e-05,13.109268874648636,1.0838864020396593e-05,2.118265785000517e-09,-19.972667694091797,6.859403220005333e-05,-9.587305068969727,5.139516815688694e-06,2.7147752916789614e-05,4.2362291424069554e-05,3.0251239877543412e-05,0.0021738000214099884,0.0,2.0,6.351779302349314e-05
0,10.0,-10.0,0.0,10.0,0.0,2.8923974326744428e-08,-17.35859489440918,0.00017351825954392552,-8.65922737121582,-5.606640343103209e-07,-3.382152272024541e-06,0.00015706980775576085,0.0001820810721255839,0.00399569992441684,0.0,3.0,0.00017351825954392552
1,-30.0,30.0,0.006,-30.0,0.006,1.3620434401673265e-05,-11.203939437866211,0.005906723905354738,-5.131663799285889,0.002690813271328807,0.001995606580749154,0.0021733890753239393,0.00026721879839897156,0.002037899917922914,0.0,3.0,0.00017351825954392552
2,27.219486083972544,-6.066965444226365,-0.003176971614430672,20.737208656655167,-0.004310512259736191,2.652896182553377e-05,-10.537273406982422,0.0072931814938783646,-4.920815467834473,-0.001940077287144959,-0.004688851069658995,8.244186028605327e-05,0.0012460644356906414,0.0020668000215664506,0.0,3.0,0.00017351825954392552
3,10.020071639580273,-7.127928114243945,0.0012527224000056204,2.3454587510816984,0.0020723339266051086,2.561437668191502e-06,-12.8749418258667,0.002418120391666889,-6.024764537811279,0.0009317605290561914,0.001285447971895337,0.00022367271594703197,0.0001781513128662482,0.0025026999646797776,0.0,3.0,0.00017351825954392552
4,3.827021433480143,-15.289967637795414,-0.00121887551864692,14.496533352128196,-0.002198422763324844,3.551533382051275e-06,-12.548130989074707,0.002663590246811509,-5.9280805587768555,-0.0009889205684885383,-0.001602614764124155,7.021609781077132e-05,7.389365055132657e-05,0.00200920004863292,0.0,3.0,0.00017351825954392552
5,13.139375512693984,-25.635829137133715,0.0022033105413782218,9.767918412086157,-0.0005201320524089421,7.252807790791849e-06,-11.834121704101562,0.0032619130797684193,-5.7254414558410645,-0.00023522012634202838,0.0026566609740257263,0.0003179952909704298,0.00042206866783089936,0.002270700060762465,0.0,3.0,0.00017351825954392552
6,17.002141043320414,-8.593616397936163,9.846466562167133e-05,25.616550132385377,0.001674404434180424,8.63856939758989e-07,-13.961858749389648,0.001287200953811407,-6.655285358428955,0.0007536120829172432,0.0001433224097127095,3.9444086723960936e-05,0.0007410889957100153,0.002495400025509298,0.0,3.0,0.00017351825954392552
7,-13.761546422993272,8.756825351280828,0.00025487111011279854,3.5287139878851406,-0.0014678734140589054,5.656598318637407e-07,-14.385272979736328,0.0011633636895567179,-6.756439685821533,-0.0006597478641197085,0.0002736815076787025,0.00017873717297334224,0.00028113165171816945,0.005461900029331446,0.0,3.0,0.00017351825954392552
8,-0.8631017318847741,-11.127437948682278,-0.0004121273839741133,-29.426929296401987,0.0006810130219998274,1.5482289654755732e-06,-13.378398895263672,0.0013577035861089826,-6.6019606590271,0.00031401566229760647,-0.00013988152204547077,0.00168687105178833,0.00012074172991560772,0.002346999943256378,0.0,3.0,0.00017351825954392552
9,24.693895099606664,16.7783209770884,0.00021410616588421363,-16.11501478417622,-0.0010879207653129088,6.924559556864551e-07,-14.183021545410156,0.0012443391606211662,-6.689150810241699,-0.000492990599013865,0.00012519162555690855,0.0008302911883220077,0.00042202253825962543,0.0025080000050365925,0.0,3.0,0.00017351825954392552
10,9.855694134878501,-19.2179612603425,0.0003329177729773721,-2.8074508356838277,-0.004974847918173419,5.143815542396624e-06,-12.177715301513672,0.0027351626195013523,-5.901564598083496,-0.002239164663478732,0.0003068360092584044,0.00018399528926238418,0.00019432858971413225,0.005361999967135489,0.0,3.0,0.00017351825954392552
11,18.496899487468248,-24.48879261685627,0.00020637185760787686,-12.782471394312266,-0.0006082491043929637,1.632274802432221e-06,-13.325535774230957,0.0014704563654959202,-6.522182464599609,-0.00028041735640726984,0.00014927296433597803,0.0017102170968428254,0.0003713148180395365,0.002585600013844669,0.0,3.0,0.00017351825954392552
12,-27.73351811673627,19.875716432568595,-0.00021887060111637754,12.266975281242743,0.0009105553489996378,1.521739022791735e-06,-13.39565658569336,0.0017260281601920724,-6.361932277679443,0.0004068851994816214,-0.00025140977231785655,0.0006766801234334707,0.0014587861951440573,0.00538539991248399,0.0,3.0,0.00017351825954392552
13,5.989016391835261,-13.639675629705772,0.0001340290135869125,22.28315423330159,-0.00047964176103696896,9.138293677324327e-08,-16.208206176757812,0.00048207660438492894,-7.637407302856445,-0.00021615182049572468,0.0002008530282182619,7.429428660543635e-05,5.584922109846957e-05,0.0026314000133424997,0.0,3.0,0.00017351825954392552
14,-6.158483833168877,25.9576208723089,8.92851592383668e-05,20.83991157747605,-0.000367481521072475,2.0542745460261358e-07,-15.398173332214355,0.0006885099573992193,-7.280980587005615,-0.00016736525867599994,0.0001244753657374531,0.00046431287773884833,0.00032902578823268414,0.004119499935768545,0.0,3.0,0.00017351825954392552
15,5.12783576907813,7.664240925481292,0.00015484695594418526,28.38431358026671,-0.0006239230278325363,7.22282152310072e-07,-14.140850067138672,0.0011272123083472252,-6.788007736206055,-0.00028141881921328604,0.00023765250807628036,0.00014255382120609283,0.0010737281991168857,0.0021338999504223466,0.0,3.0,0.00017351825954392552
16,-5.484733614838645,-18.94556786355599,0.00010109861292648406,21.619944589664556,-0.00018992159229478235,6.767670868157438e-08,-16.50852394104004,0.0003808782494161278,-7.873030662536621,-8.540479029761627e-05,0.0001553571200929582,1.121985314966878e-05,0.000269012845819816,0.0021488999482244253,0.0,3.0,0.00017351825954392552
17,-7.293771510806251,-17.555860457538717,0.00011495035272818012,10.141170179761433,-0.00011220181991211313,3.4502832590987964e-07,-14.879639625549316,0.000684675294905901,-7.286565780639648,-4.7120105591602623e-05,0.00014295805885922164,0.0007734245155006647,0.00021576977451331913,0.0022832000395283103,0.0,3.0,0.00017351825954392552
18,6.712459014918141,-26.294269954041873,-7.326692532495624e-05,3.964457159208798,0.00020886159119911095,9.809392764736913e-08,-16.137340545654297,0.000443492375779897,-7.720829963684082,9.50374233070761e-05,-7.166989962570369e-05,0.0001912556035676971,0.00036231448757462204,0.005380399990826845,0.0,3.0,0.00017351825954392552
19,3.093108658715711,2.758874383615097,-0.0002479905258306336,7.150191429776751,0.0007608826635075054,2.59614182596124e-07,-15.164069175720215,0.000829310913104564,-7.094915390014648,0.00034221538226120174,-0.0002891446347348392,5.7545697927707806e-05,0.00033835615613497794,0.0026920000091195107,0.0,3.0,0.00017351825954392552
20,10.813951827118883,22.168990121880753,-2.5422943564932007e-05,11.034067816472655,-0.00010687461512884508,1.3855618590241647e-06,-13.489404678344727,0.0010424229549244046,-6.866207599639893,-4.904287197859958e-05,-6.103866326157004e-05,0.00021807922166772187,0.0016466035740450025,0.002906800014898181,0.0,3.0,0.00017351825954392552
21,16.336731733574155,-29.25151388330456,2.6539660089412073e-05,24.82337214586885,-0.0002839483207110534,2.949790314232814e-07,-15.036361694335938,0.0005647012148983777,-7.479213714599609,-0.0001278790005017072,5.485883229994215e-05,2.1796107830596156e-05,0.0007421306800097227,0.0026807000394910574,0.0,3.0,0.00017351825954392552
22,-11.462206115754238,-29.90037069487118,4.1734103103708484e-05,24.736517020759006,-0.0001417595925902262,7.833716608729446e-08,-16.36224365234375,0.00037479447200894356,-7.889132499694824,-6.434093666030094e-05,7.17502407496795e-05,0.00012883949966635555,0.0003485670895315707,0.0053443000651896,0.0,3.0,0.00017351825954392552
23,7.158225467051957,-14.847131165420938,-2.1765537621581936e-05,14.081945429877669,-0.00018749316479985955,8.539170259780349e-09,-18.578601837158203,0.00013610697351396084,-8.902069091796875,-8.442344551440328e-05,-2.829200093401596e-05,3.140725311823189e-05,1.5375793736893684e-05,0.0021536999847739935,0.0,3.0,0.00013610697351396084
24,-4.27962821709313,-28.707097496805318,-2.8073190722245882e-05,4.501779019652742,-0.0001080235349240775,9.773102647159249e-07,-13.838461875915527,0.0008959344704635441,-7.017643451690674,-4.262859147274867e-05,-2.5059898689505644e-05,0.0013657156378030777,0.000290776340989396,0.0021441999124363065,0.0,3.0,0.00013610697351396084
25,5.931253238579159,-8.416375537914861,-2.135408089381892e-05,26.958121491366715,-0.00035064583061017625,8.587443289798102e-08,-16.2703800201416,0.0004195281653665006,-7.7763800621032715,-0.00015832930512260646,-4.07554252888076e-05,0.00011773045844165608,0.0003231563896406442,0.0026181999128311872,0.0,3.0,0.00013610697351396084
26,3.302842118376221,-6.439345984957931,-7.819495352908084e-05,26.937434730508958,-0.0002657513049359153,8.975591470061772e-08,-16.226171493530273,0.0004843793867621571,-7.6326422691345215,-0.00012033391976729035,-0.00013267138274386525,0.00016703120491001755,0.0002957169490400702,0.002155900001525879,0.0,3.0,0.00013610697351396084
27,-6.133766186777483,-17.84768725596898,-9.056163417058828e-05,29.229280507228292,-0.0001490942206485235,1.7269944407871662e-07,-15.5717134475708,0.0005907465238124132,-7.434123516082764,-6.905318150529638e-05,-0.0001474172022426501,0.00045248513924889266,0.0002960671263281256,0.0021216999739408493,0.0,3.0,0.00013610697351396084
28,5.378257024684867,-21.648389764981598,-0.0001318519788353143,17.462837935717,-5.281179429571437e-05,6.791751161472348e-08,-16.504972457885742,0.0003493746044114232,-7.9593658447265625,-2.3577125830342993e-05,-0.0001783869811333716,2.9895170882809907e-05,0.0002649258531164378,0.0021632000571116805,0.0,3.0,0.00013610697351396084
29,4.933079025113507,-15.905588441265078,-0.00016584437604537532,18.185306058017314,-7.577207657074083e-05,5.741542352666329e-08,-16.67295265197754,0.00030545040499418974,-8.09372329711914,-3.409710552659817e-05,-0.00023208363563753664,1.0150978596357163e-05,6.838829722255468e-05,0.002512000035494566,0.0,3.0,0.00013610697351396084
30,-18.88524645833768,-29.659657888112662,-9.535245190856316e-05,28.032061278445394,-0.0004007468347410616,3.09478366489202e-07,-14.988377571105957,0.0007988967699930072,-7.132278919219971,-0.00018314734916202724,-0.0001527597923995927,0.0006585413939319551,0.000267437775619328,0.0026474999031051993,0.0,3.0,0.00013610697351396084
31,8.24970113952559,-8.364798458052583,-0.00018208354165723926,21.1060556126085,-0.00020622385768383596,1.4730737518675596e-07,-15.730744361877441,0.0005828364519402385,-7.447604179382324,-9.31542381295003e-05,-0.00027548757498152554,8.436045027337968e-05,0.0003440288419369608,0.002095600008033216,0.0,3.0,0.00013610697351396084
32,9.858731591228564,-17.274728020555973,-0.00020682018118757254,4.560695106542994,3.805058765799956e-05,6.847090361361552e-08,-16.496856689453125,0.00037522558704949915,-7.887983322143555,1.6656540537951514e-05,-0.00022133473248686641,0.00015649927081540227,0.0001179693645099178,0.002643299987539649,0.0,3.0,0.00013610697351396084
33,-15.353208398247448,10.848033608385439,1.2763949744711112e-05,27.169276022512292,-0.003995633962247342,3.6536011975840665e-06,-12.519797325134277,0.002471406012773514,-6.002967834472656,-0.0018005587626248598,3.197638216079213e-05,0.0005897683440707624,0.0006879732245579362,0.0019745000172406435,0.0,3.0,0.00013610697351396084
34,2.2304699471922285,-23.957979491785814,-0.0002475035561005132,7.0731389920528684,0.000238987279555172,2.448273903610243e-07,-15.222712516784668,0.0007704929448664188,-7.168479919433594,0.00010974158067256212,-0.0002766842662822455,0.00047746134805493057,0.00029067276045680046,0.005388300050981343,0.0,3.0,0.00013610697351396084
35,-6.164709484314657,-28.158259645832437,8.901113250630062e-05,28.544102578554984,-6.902507930553274e-07,2.0492889518664015e-07,-15.400602340698242,0.0005829732399433851,-7.44736909866333,-2.1094558633194538e-06,0.00015601914492435753,0.00041538174264132977,0.00043430746882222593,0.003846699954010546,0.0,3.0,0.00013610697351396084
36,15.74966864464145,-28.91325332008368,-0.0001915492594679509,18.575881359047994,-8.300574215401749e-05,3.114912772161915e-07,-14.981894493103027,0.0007388808880932629,-7.210373878479004,-3.82139696739614e-05,-0.00025940878549590707,0.0002221022150479257,0.0006604140507988632,0.001996600069105625,0.0,3.0,0.00013610697351396084
37,14.861956050242929,-27.636171761895042,-7.826051146573978e-05,10.308772097476517,-0.00019314990776863364,2.4459222913719714e-07,-15.223673820495605,0.0006506353965960443,-7.337561130523682,-8.853008330333978e-05,-8.57655395520851e-05,0.00042634629062376916,0.0005263332859613001,0.002037400030530989,0.0,3.0,0.00013610697351396084
38,-1.218549571739901,-5.86627099102891,9.464668906566158e-07,12.707391655479158,-0.00025705385783562207,2.071851135099223e-08,-17.692237854003906,0.000194614811334759,-8.544487953186035,-0.00011514028301462531,1.397689857185469e-07,0.00011349910346325487,4.5170410885475576e-05,0.005389599944464862,0.0,3.0,0.00013610697351396084
39,9.693885970684757,-26.142374782681557,7.284981726940129e-05,17.91552938148031,-0.00045837600642993864,1.598395442670153e-07,-15.64909553527832,0.0005772803560830653,-7.45718240737915,-0.00020648418285418302,0.00010995822958648205,6.828516779933125e-05,0.0004533907340373844,0.0021228999830782413,0.0,3.0,0.00013610697351396084
40,-1.0916642526931202,-16.182159791741647,8.209416156474893e-05,25.253778394362087,-0.0001975597926932618,5.423310511787349e-08,-16.7299747467041,0.0003914055705536157,-7.845766067504883,-8.964371227193624e-05,0.0001326522178715095,0.00017066785949282348,0.00016755143587943166,0.0024480000138282776,0.0,3.0,0.00013610697351396084
41,-2.707124954612942,-21.865387234386766,8.545700716609292e-05,26.486591684422514,-9.011327568319294e-05,1.003253231601775e-07,-16.11484718322754,0.0004601006512530148,-7.684065341949463,-4.1536106436979026e-05,0.0001435156591469422,0.0002265571674797684,0.00032354058930650353,0.0025092000141739845,0.0,3.0,0.00013610697351396084
42,11.524070809504488,0.7917216202035241,-4.8349957103914556e-05,12.328135776929976,-0.00035556801118263447,3.1954192536431947e-07,-14.956377029418945,0.0006972748087719083,-7.268331050872803,-0.00016076071187853813,-7.44032149668783e-05,0.00018895238463301212,0.0007352694519795477,0.0027786000864580274,0.0,3.0,0.00013610697351396084
43,-26.487877003620394,-4.060135658504138,0.0017091666560956579,1.3270033005016033,0.004152688862924244,8.33307331049582e-06,-11.69527816772461,0.004760099574923515,-5.34748649597168,0.0018766360590234399,0.0017261053435504436,0.001859065261669457,0.00045565085019916296,0.002540700021199882,0.0,3.0,0.00013610697351396084
44,3.740049380227359,-8.915590194260162,4.23575300269931e-05,10.53687715115326,-0.00016155182409876895,1.3502266860143664e-08,-18.12040901184082,0.00019701325800269842,-8.53223991394043,-7.235610246425495e-05,4.9943522753892466e-05,6.091579780331813e-05,8.851145685184747e-05,0.002065100008621812,0.0,3.0,0.00013610697351396084
45,14.460153524754924,-9.687916135971548,0.00017945413508268463,25.982816152920094,-0.00033588570412788904,2.6153477961088356e-07,-15.156698226928711,0.0007189091993495822,-7.2377753257751465,-0.00015113368863239884,0.00027691159630194306,1.263460853806464e-05,0.0005690932157449424,0.002804799936711788,0.0,3.0,0.00013610697351396084
46,2.738394679687149,-20.79690781000722,-8.002618171683928e-06,4.365068146683754,-9.651500840895671e-05,1.287129833826839e-07,-15.865680694580078,0.0003825885651167482,-7.8685503005981445,-4.131951573072001e-05,-4.746002559841145e-06,0.0004537211498245597,0.0002193249383708462,0.002639200072735548,0.0,3.0,0.00013610697351396084
47,0.07467421070799686,4.3359969254919815,2.434795066825049e-05,7.931174749576978,-0.00020157451724383472,4.340395065582925e-08,-16.952714920043945,0.00025952825671993196,-8.256645202636719,-9.078462608158588e-05,2.3223292373586446e-05,2.9560796974692494e-05,0.00026147987227886915,0.002684099948965013,0.0,3.0,0.00013610697351396084
48,12.215841215958207,-16.840817898995066,0.00011469064385898456,14.619185250908115,-0.00015697601301563918,4.4648345465247985e-08,-16.924448013305664,0.00032831955468282104,-8.021523475646973,-7.131004531402141e-05,0.000151701140566729,0.0001792011025827378,3.141562774544582e-05,0.0021828999742865562,0.0,3.0,0.00013610697351396084
49,-0.27054453314632104,-11.720999475934104,0.00021115220469653624,24.654000329583695,-7.128020695825005e-05,1.2394637849411083e-07,-15.903416633605957,0.00045879639219492674,-7.686903953552246,-3.2771444239187986e-05,0.00033109638025052845,0.00016001435869839042,2.984280035889242e-05,0.0027238999027758837,0.0,3.0,0.00013610697351396084
50,4.696253071555889,6.248679336666944,0.00020534137952626957,13.178453145411229,-0.00018030844074324562,2.781434318421816e-07,-15.095129013061523,0.0007202149135991931,-7.235960960388184,-8.17303080111742e-05,0.0002520903944969177,0.00014429184375330806,0.0006284965784288943,0.0020730000687763095,0.0,3.0,0.00013610697351396084
51,-3.514764151758883,-6.590875971584953,-4.1937675283168246e-05,20.656143877551077,-0.0002754209556160065,2.3331107712465382e-08,-17.57347869873047,0.00024208283866755664,-8.326231002807617,-0.0001243027945747599,-6.14678137935698e-05,8.681735198479146e-05,2.5807124984567054e-05,0.0026325000217184424,0.0,3.0,0.00013610697351396084
52,-9.73130784898288,-10.587370841570818,-5.846271469447831e-05,25.016475349843674,-0.0004365683510664986,1.3017771038903447e-07,-15.854365348815918,0.0005739545449614525,-7.462960243225098,-0.00019769114442169666,-8.73648896231316e-05,0.0002879369421862066,0.000289860152406618,0.005419000051915646,0.0,3.0,0.00013610697351396084
53,10.34700946745194,14.32868209486696,-0.00018918823625964774,-1.396623083928619,-0.0004808902986408151,4.213486306525738e-07,-14.679804801940918,0.0009563874918967485,-6.952347278594971,-0.00021784150158055127,-0.00019187136786058545,0.0003511602117214352,0.0007421891205012798,0.002093799994327128,0.0,3.0,0.00013610697351396084
54,1.8359430661253338,-8.247253757602854,1.716299687908423e-05,24.804704036032707,-8.538881560331082e-05,2.51797658279429e-08,-17.497224807739258,0.00021496322005987167,-8.445043563842773,-3.9095601096050814e-05,2.3960750695550814e-05,0.00015312510367948562,0.0001506886474089697,0.0021608000388368964,0.0,3.0,0.00013610697351396084
55,-9.860658533758821,1.8853784069139476,6.04045184413564e-05,21.7419232374387,-0.0001861405578317124,7.270134005921136e-08,-16.436906814575195,0.00041611335473135114,-7.784553050994873,-8.484486170345917e-05,9.3553499027621e-05,0.0002532718062866479,0.000222158181713894,0.005181899992749095,0.0,3.0,0.00013610697351396084
56,1.3799896244701653,-16.37397473962509,4.5122958166337396e-05,11.249184374837142,-7.037781862290683e-05,4.576209633455619e-08,-16.899808883666992,0.0002831488964147866,-8.169537544250488,-3.0490524295601062e-05,5.811918526887894e-05,0.00025461483164690435,0.00013446358207147568,0.002663100021891296,0.0,3.0,0.00013610697351396084
57,0.5199469043672656,-24.820220848018767,-7.800281530288761e-06,25.688402084161776,0.00024210943399962233,9.911451570587815e-08,-16.126989364624023,0.00038122976548038423,-7.872108459472656,0.00010833106352947652,-5.491748197528068e-06,0.00014154093514662236,0.00039327298873104155,0.002212999970652163,0.0,3.0,0.00013610697351396084
58,23.631052503453827,-8.617471038646533,-2.9141175734494415e-05,-11.204092393245281,0.0006347540780242486,1.5913645938780974e-06,-13.350918769836426,0.0011700778268277645,-6.750685214996338,0.000278625258943066,-2.1166497390368022e-05,0.0017397035844624043,8.684702379468945e-07,0.002670199959538877,0.0,3.0,0.00013610697351396084
59,-6.4048145249283275,-9.608624333302686,-5.0933264531220695e-05,11.76317597565469,-0.0002677398226118146,1.0303261177568857e-07,-16.088220596313477,0.0004453777801245451,-7.716587543487549,-0.00011878110672114417,-6.135722651379183e-05,0.0003869233769364655,0.00014355554594658315,0.00528629997279495,0.0,3.0,0.00013610697351396084
60,-0.11312735247692808,7.897735012521722,0.00011618523537750832,7.317266229448282,-0.00014821692338246102,7.58126788014124e-08,-16.395000457763672,0.0004012503195554018,-7.820925235748291,-6.706852582283318e-05,0.00012693250027950853,9.65679282671772e-05,0.00031793065136298537,0.0053885000525042415,0.0,3.0,0.00013610697351396084
61,-25.495796163520062,20.147269848117094,-0.006,-15.00230025547816,0.006,2.223600313300267e-05,-10.713797569274902,0.006833703722804785,-4.985888481140137,0.0026989548932760954,-0.003856646129861474,0.00025392716634087265,0.00030227802926674485,0.0020590999629348516,0.0,3.0,0.00013610697351396084
62,-18.176228405667207,-28.295580796506794,0.0002918091372299714,13.841072419814543,-0.0014597039267306075,1.6167373360076454e-06,-13.335100173950195,0.0018485202454030514,-6.293369770050049,-0.0006507298676297069,0.00038289176882244647,0.001433463185094297,0.00019633413467090577,0.0026154000079259276,0.0,3.0,0.00013610697351396084
63,-5.854558357749336,10.302725943099931,9.126900023116876e-05,9.479157784294943,0.000612004505038323,9.83615819905026e-08,-16.134614944458008,0.00048585727927275,-7.629595756530762,0.00027488384512253106,0.00010718855628510937,0.00012701792002189904,8.055182115640491e-05,0.0025022999616339803,0.0,3.0,0.00013610697351396084
64,3.7319120245007777,3.4748946857616962,2.2089445946410624e-06,-1.9663399749649635,-0.00025684144331431115,4.08835170162547e-08,-17.01253890991211,0.00025405874475836754,-8.277944564819336,-0.00011564338637981564,-2.2428612282965332e-06,4.1503935790387914e-05,0.00023084109125193208,0.0026842999504879117,0.0,3.0,0.00013610697351396084
65,1.8977933855133589,27.449849015003032,6.212584818529273e-05,-25.391650712790476,-0.0010098023764589618,6.056733923287538e-07,-14.316925048828125,0.0009640369098633528,-6.944380760192871,-0.00045817240606993437,2.776644214463886e-05,0.0008860229863785207,7.017304596956819e-05,0.0021920999279245734,0.0,3.0,0.00013610697351396084
66,-8.339074872325488,16.13733042174807,-0.00010018424764060208,15.575126114870747,-0.0004984250012234806,1.3189116998546524e-07,-15.841288566589355,0.0005523283034563065,-7.501368045806885,-0.00022579483629669994,-0.000134927176986821,0.00035281904274597764,3.0393479391932487e-05,0.0026446999981999397,0.0,3.0,0.00013610697351396084
67,-11.055613597443742,5.098697549019855,-6.0864959058357775e-06,4.3470534700687615,-8.920192762275803e-05,5.8291220739192795e-08,-16.657814025878906,0.0002752066939137876,-8.197988510131836,-3.8887337723281235e-05,-3.7408115076686954e-06,0.0002842721587512642,0.00018088491924572736,0.002685899962671101,0.0,3.0,0.00013610697351396084
68,6.081157435736449,-7.689094993885701,-7.023379097284926e-06,5.1940215348753105,0.0002757608844230891,2.3260513515310777e-08,-17.576509475708008,0.00020069068705197424,-8.513745307922363,0.00012420167331583798,-1.0045919225376565e-05,8.833605534164235e-06,0.00012405258894432336,0.0021328999428078532,0.0,3.0,0.00013610697351396084
69,8.456455215317256,-6.620031179841123,-4.251054895174547e-05,-0.2492904846000889,-0.00027914075613697615,3.6725005259086174e-08,-17.119808197021484,0.0003070320235565305,-8.088558197021484,-0.00012605615484062582,-4.361872561275959e-05,0.000145436089951545,0.00012927819625474513,0.001993599929846823,0.0,3.0,0.00013610697351396084
70,-11.091748908802504,3.6065237658791696,-1.1605141900372745e-05,-1.7499141114239314,0.00013675150303885927,1.9561724684535875e-07,-15.44710636138916,0.00044720288133248687,-7.712498188018799,6.416042015189305e-05,-8.506440281053074e-06,0.0006007020710967481,0.00014837001799605787,0.0055964000057429075,0.0,3.0,0.00013610697351396084
71,-0.013296860114209696,9.12114533480872,-3.061540188490403e-05,-13.66783782870553,-0.00018820323241331428,9.585930271782672e-09,-18.462968826293945,0.00014789604756515473,-8.819001197814941,-8.446512947557494e-05,-2.1704718164983205e-05,2.6253559553879313e-05,5.719882756238803e-05,0.002722000004723668,0.0,3.0,0.00013610697351396084
72,-25.677271207103992,16.239759037777183,0.00019162747669435422,22.142424921992532,-0.0003065214162441352,1.6259303947663284e-06,-13.32943058013916,0.0016059845220297575,-6.434018135070801,-0.00014099608233664185,0.00031496575684286654,0.0007207267335616052,0.0015793185448274016,0.005423599970526993,0.0,3.0,0.00013610697351396084
73,-9.440069123488541,16.065541555760316,-8.865016599952501e-05,-25.58573535116557,-0.00010439897009508216,6.073091363134608e-09,-18.919397354125977,0.0001305555342696607,-8.94371223449707,-4.661777711589821e-05,-3.6891862691845745e-05,6.508886872325093e-05,2.9002902010688558e-05,0.0031635999912396073,0.0,3.0,0.0001305555342696607
74,-6.0631952906132875,25.937017082319464,-7.536255035013516e-05,-11.343000800610419,0.00032308066921220437,3.21542358960869e-07,-14.950136184692383,0.0006162132485769689,-7.391917705535889,0.00014212423411663622,-5.591117951553315e-05,0.0007693819352425635,6.697371281916276e-05,0.0021092999959364533,0.0,3.0,0.0001305555342696607
75,-18.607847745274533,-28.72076828602634,0.00018236706367640138,25.519802636122662,0.000732465232080138,2.716988376505469e-07,-15.118571281433105,0.0009004560997709632,-7.012609004974365,0.0003283882397226989,0.00029459036886692047,0.0002865737769752741,0.0002683812635950744,0.002263300004415214,0.0,3.0,0.0001305555342696607
76,-22.41765557227612,23.027635499242436,-0.00010587814106704359,-22.916063341260884,-0.0007451986457065679,3.2412935979664326e-07,-14.942123413085938,0.0007300367578864098,-7.222415447235107,-0.00033803092082962394,-4.981721576768905e-05,0.0006426709587685764,4.1706356569193304e-05,0.0021493000676855445,0.0,3.0,0.0001305555342696607
77,-1.0712681812622735,15.885826320002119,-1.813837314332671e-05,-11.589748724242355,-0.00010522007241598313,4.227551997360024e-08,-16.97905731201172,0.00025255902437493205,-8.283865928649902,-4.8357233026763424e-05,-1.5409888874273747e-05,0.000252488418482244,0.00012509542284533381,0.0050737999845296144,0.0,3.0,0.0001305555342696607
78,-9.443381862751789,12.75688590106048,-5.4313109340528344e-05,-14.83161439282849,-0.0006388000455746486,1.090948842374928e-07,-16.031047821044922,0.000457641261164099,-7.689424991607666,-0.0002864425478037447,-3.436591578065418e-05,0.00022133912716526538,5.232649709796533e-05,0.0025421999162063003,0.0,3.0,0.0001305555342696607
79,-14.948298935199402,21.68123114754181,7.506445835408319e-05,-24.85052899421957,-3.982656096160833e-05,1.1463394145039274e-07,-15.981521606445312,0.00029533420456573367,-8.127403259277344,-1.989514748856891e-05,3.3040789276128635e-05,0.0004756138368975371,9.182699614029843e-06,0.0027088000206276774,0.0,3.0,0.0001305555342696607
80,-11.0911187868734,26.10910244861347,5.14292666693343e-05,-26.387778392270192,-0.00026636253346416425,5.237845925876172e-07,-14.46218490600586,0.0006569144316017628,-7.327956676483154,-0.00012411804345902056,2.1221721908659674e-05,0.0010077805491164327,1.536878517072182e-05,0.0020916000939905643,0.0,3.0,0.0001305555342696607
81,-4.987900226023328,17.330073748860944,7.60782484554747e-05,-24.667745819378254,0.0006353817904761716,1.0616620471637361e-07,-16.058259963989258,0.00044952420284971595,-7.707320690155029,0.00028510333504527807,3.444635513005778e-05,0.00021245099196676165,4.7497989726252854e-05,0.002071599941700697,0.0,3.0,0.0001305555342696607
82,-5.88092725979474,-1.5382338847228003,-2.558954211254624e-05,-3.5396289809894097,8.59836576132629e-05,2.41504096720746e-07,-15.236379623413086,0.00043546268716454506,-7.739101409912109,4.17366209148895e-05,-2.2134998289402574e-05,0.0006896983832120895,5.3483785450225696e-05,0.0021856999956071377,0.0,3.0,0.0001305555342696607
83,5.200973437451866,-1.1782138864307472,-7.816928561548709e-05,-29.047485063315207,-0.00010553167756565711,2.8245603189702706e-08,-17.382328033447266,0.00022370880469679832,-8.405165672302246,-4.670688940677792e-05,-2.3950542527018115e-05,0.00010760121222119778,0.0001985015405807644,0.002130099921487272,0.0,3.0,0.0001305555342696607
84,16.822747848432897,-6.972357275992585,0.0017929359490702107,16.198746957553034,0.0025669302072051773,7.418030691042077e-06,-11.811596870422363,0.003996426705271006,-5.522354602813721,0.0011542633874341846,0.0024219853803515434,0.00021246516553219408,0.000627890054602176,0.0025402000173926353,0.0,3.0,0.0001305555342696607
85,-8.719278292034911,17.227305785725864,-0.00014689756159201036,-28.37407901129567,0.0004195564958308801,4.067393888362858e-08,-17.017677307128906,0.00028748129261657596,-8.154353141784668,0.00018863700097426772,-5.308919935487211e-05,5.909780884394422e-05,3.2412386644864455e-05,0.0026618000119924545,0.0,3.0,0.0001305555342696607
86,-12.300740457038495,10.877824420514791,-9.736977224564168e-06,-26.60387066902214,6.647340181143944e-05,3.57175679255306e-07,-14.845038414001465,0.0004620881227310747,-7.679754734039307,3.3608885132707655e-05,-3.7426527796924347e-06,0.0008438200457021594,5.653155767504359e-06,0.002738800016231835,0.0,3.0,0.0001305555342696607
87,-16.53815624191767,12.115340840307823,-0.00015327723053924303,-26.929326814548,0.00015957922674850246,4.7447113615817216e-07,-14.561064720153809,0.000635234173387289,-7.361516952514648,7.599456876050681e-05,-6.106028013164178e-05,0.0009637810289859772,3.257757634855807e-05,0.005433499929495156,0.0,3.0,0.0001305555342696607
88,6.556909779273905,3.0309042181026253,-4.586493445110346e-05,-20.18260504840347,0.0002689127922459613,3.362338674151033e-08,-17.208044052124023,0.00026455227634869516,-8.237471580505371,0.00012046373740304261,-2.3487868020310998e-05,0.00018397002713754773,5.723131835111417e-05,0.0024019000120460987,0.0,3.0,0.0001305555342696607
89,13.704795628125343,-20.86311522159112,2.5179415531326145e-05,15.751697291107712,0.0005295575357438743,1.026248384050632e-07,-16.092185974121094,0.0004867635143455118,-7.627732276916504,0.00023749542015139014,3.758968159672804e-05,0.000211531383683905,0.00021182544878683984,0.0027190999826416373,0.0,3.0,0.0001305555342696607
90,8.049880855420156,-10.334165443702952,-6.350848385284436e-05,-9.045119790854857,-0.00022383585275033982,1.7478466673992443e-08,-17.86229705810547,0.0002179376024287194,-8.431302070617676,-0.00010079913772642612,-4.8163041356019676e-05,8.449036977253854e-05,5.346046600607224e-05,0.002651199931278825,0.0,3.0,0.0001305555342696607
91,2.5268505237419308,14.364539938735989,-1.9314854344606262e-05,-16.571605041118207,4.544738509253619e-05,4.4917605634964275e-08,-16.91843605041504,0.00021640864724759012,-8.438342094421387,1.9329952920088544e-05,-1.3307144399732351e-05,0.0002867030561901629,8.084005821729079e-05,0.0020240999292582273,0.0,3.0,0.0001305555342696607
92,7.290377095738639,-15.353545245584357,-8.078603585331446e-06,13.902621480972996,0.0001520957904082825,5.809733139017226e-09,-18.96373176574707,0.00011056219227612019,-9.109931945800781,6.83941034367308e-05,-1.006756974675227e-05,3.1675666832597926e-05,3.252537499065511e-05,0.0026629000203683972,0.0,3.0,0.00011056219227612019
93,-0.9739240601560599,6.643481876484071,-7.187638545998564e-05,-29.759039520873205,-3.09045230316881e-05,9.089900032677178e-08,-16.213516235351562,0.00030175858410075307,-8.105883598327637,-1.1982166142843198e-05,-2.186392703151796e-05,0.0004039282794110477,0.00013189671153668314,0.0021319000516086817,0.0,3.0,0.00011056219227612019
94,-3.4179750869953813,10.283616925590618,-3.453801759286097e-05,-13.870629560533521,3.402595373533643e-05,9.314118365466584e-09,-18.49173355102539,0.00011371977598173544,-9.081772804260254,1.596183756191749e-05,-2.352885167056229e-05,0.00012896275438833982,1.9495424567139708e-05,0.002508100005798042,0.0,3.0,0.00011056219227612019
95,2.664372163347642,-0.53572353284965,-3.0333994557023664e-05,-13.187525736740625,0.0001558093714499694,3.211356158772105e-08,-17.25398826599121,0.00020917551591992378,-8.472336769104004,7.129266305128112e-05,-2.08197052415926e-05,0.0002306134847458452,3.5128232411807403e-06,0.0021558000007644296,0.0,3.0,0.00011056219227612019
96,8.761882794917975,2.5992518539285614,-2.5365121293530546e-05,-10.878060328671832,8.303088418862687e-05,5.845143391525198e-08,-16.65506935119629,0.0002806441334541887,-8.178422927856445,3.6249588447390124e-05,-2.1162106349947862e-05,0.00030603850609622896,0.00014042636030353606,0.0021243999944999814,0.0,3.0,0.00011056219227612019
97,3.687610027856922,1.6053339387303598,-0.00011295380250562234,-21.01095626405779,-2.7209047538709463e-05,1.454140630130496e-08,-18.046266555786133,0.00017057961667887866,-8.676308631896973,-1.1461791473266203e-05,-5.704354771296494e-05,0.00012922035239171237,7.492819713661447e-05,0.0026543999556452036,0.0,3.0,0.00011056219227612019
98,-1.8260354450691805,6.961427486196873,-6.570444913583552e-05,-14.38491725101118,3.8392765706981335e-05,3.0797842498486716e-08,-17.295822143554688,0.00018794709467329085,-8.579350471496582,1.8421907952870242e-05,-4.348386937635951e-05,0.00023865222465246916,1.3430419130600058e-05,0.0025266000302508473,0.0,3.0,0.00011056219227612019
99,7.11801900085586,-24.97828607604491,-1.7658058117048466e-05,19.300929035287684,9.458725642137785e-05,8.050660937897192e-08,-16.33492660522461,0.0002666242653504014,-8.229670524597168,4.254955274518579e-05,-1.832106863730587e-05,1.5948702639434487e-05,0.0003955585998483002,0.005386299919337034,0.0,3.0,0.00011056219227612019
100,-7.545881525601719,12.803284086370192,-3.123483533931085e-05,-14.076909680092246,2.834978609410115e-05,9.93685578265513e-09,-18.42701530456543,0.00011449638986960053,-9.074967384338379,1.340492508461466e-05,-2.0385852621984668e-05,0.00013388629304245114,2.7524933102540672e-05,0.002702099969610572,0.0,3.0,0.00011056219227612019
0,10.0,-10.0,0.0,10.0,0.0,2.8923974326744428e-08,-17.35859489440918,0.00017351825954392552,-8.65922737121582,-5.606640343103209e-07,-3.382152272024541e-06,0.00015706980775576085,0.0001820810721255839,0.004886200069449842,0.0,4.0,0.00017351825954392552
1,-30.0,30.0,0.006,-30.0,-0.006,1.371964935970027e-05,-11.196681022644043,0.005925097037106752,-5.128558158874512,-0.002709186403080821,0.001995606580749154,0.0021733890753239393,0.00026721879839897156,0.0019773999229073524,0.0,4.0,0.00017351825954392552
2,25.264507309244483,-28.402199100659967,-0.002965931966400995,25.372508742027474,0.0020283700838786343,2.3129923647502437e-05,-10.674383163452148,0.006033196579664946,-5.110478401184082,0.0009129967074841261,-0.004687127191573381,5.9377656725700945e-05,0.0008067680173553526,0.0025473000714555383,0.0,4.0,0.00017351825954392552
3,3.4705282588049373,-3.8935350261726067,0.0025624441700185974,1.3806430211377991,-0.001451132065059858,7.079097031237325e-06,-11.85836410522461,0.0033416454680263996,-5.701292037963867,-0.0006524461205117404,0.0025769600179046392,0.00010271625069435686,0.00012176235759397969,0.0021978000877425075,0.0,4.0,0.00017351825954392552
4,10.763533275967191,-7.511698967554057,-0.003049592621718374,13.076280651864051,0.0001497515575348345,1.5399793483084068e-05,-11.081156730651855,0.004234713967889547,-5.464439392089844,6.677875353489071e-05,-0.003914372529834509,0.00016013839922379702,0.0003469870425760746,0.001956899999640882,0.0,4.0,0.00017351825954392552
5,0.9695207252866902,-3.2008826925472342,0.00019727812888943429,10.633612241583645,0.0029747780226960867,1.863530542323133e-06,-13.193037986755371,0.0016840167809277773,-6.386573314666748,0.0013389472151175141,0.00023818585032131523,5.594911999651231e-05,0.00015781816910021007,0.0025020999601110816,0.0,4.0,0.00017351825954392552
6,-0.20721854656459787,-2.370668049980679,-5.3519118076472747e-05,16.45038136477878,-0.004254892240255276,3.6897417885484174e-06,-12.509954452514648,0.002102982485666871,-6.164398670196533,-0.0019148597493767738,-7.652402564417571e-05,4.2725700041046366e-05,0.00018047171761281788,0.0025249000173062086,0.0,4.0,0.00017351825954392552
7,12.098311742166082,-16.54867021446196,0.00010290435633563497,-14.739148481130162,-0.0022880237833938313,1.2756968317262363e-06,-13.572017669677734,0.0015062239253893495,-6.498149394989014,-0.0010317718842998147,7.031735003693029e-05,0.0006111954571679235,0.00019707405590452254,0.0020434000762179494,0.0,4.0,0.00017351825954392552
8,10.325034300935974,4.803495003497762,9.94919151422427e-05,6.529963317068543,0.0022964162192176184,1.3406156540440861e-06,-13.522381782531738,0.0015944531187415123,-6.441224575042725,0.001032446976751089,9.955465793609619e-05,0.00023684925690758973,0.0006880538421683013,0.0020644000032916665,0.0,4.0,0.00017351825954392552
9,14.428884117552057,-14.20851947977095,0.0006573032774259241,27.940533323999688,0.005863138584145351,8.168653039319906e-06,-11.715206146240234,0.003884175093844533,-5.550844669342041,0.0026385707315057516,0.001079687150195241,5.039564348408021e-05,0.00028143866802565753,0.002105699968524277,0.0,4.0,0.00017351825954392552
10,-28.922315626687304,-8.94921396664153,1.2064904214905243e-05,24.163342485203064,-0.0003895785024905824,5.299955887494434e-07,-14.450397491455078,0.0008811232983134687,-7.034313201904297,-0.0001772155665094033,3.405175084481016e-05,0.0004491215222515166,0.0008905904251150787,0.005410800105892122,0.0,4.0,0.00017351825954392552
11,23.90221843822354,-26.97798913075661,0.0005335985720765774,9.16120507355308,-0.0002351289126357975,1.1787572020693915e-06,-13.651049613952637,0.0015855911187827587,-6.446797847747803,-0.00011013849143637344,0.0006442556041292846,0.001077515771612525,0.000584878318477422,0.002178999944590032,0.0,4.0,0.00017351825954392552
12,20.4459250302594,0.7854883998046454,4.984592572547847e-05,23.73744964238784,-0.0005333358775178418,1.385387349728262e-06,-13.489530563354492,0.001124679110944271,-6.790257453918457,-0.00023983660503290594,4.781935422215611e-05,4.647186869988218e-05,0.0016275744419544935,0.0020921999821439385,0.0,4.0,0.00017351825954392552
13,0.2535543683581082,-3.619017165989236,-0.0005509131285795322,-6.298373633193475,-0.00020546746871094717,3.1185203397399164e-07,-14.98073673248291,0.0007690420607104897,-7.170364856719971,-9.046596096595749e-05,-0.0004593065823428333,0.0004305188776925206,8.020221685001161e-06,0.0030846999725326896,0.0,4.0,0.00017351825954392552
14,19.7996165169517,-6.661653900675469,0.0003339666604253768,4.653460676420313,-0.000375716923576101,4.7671392167103477e-07,-14.55634880065918,0.00108084746170789,-6.830009937286377,-0.0001717642298899591,0.00035350804682821035,0.0006721052341163158,0.00043904510675929487,0.00263590004760772,0.0,4.0,0.00017351825954392552
15,-15.193332329090902,-17.72751533594141,-8.285969632523211e-05,28.083905558605547,-0.0004018313169076811,3.1473589956476644e-07,-14.971531867980957,0.0008201247546821833,-7.106054306030273,-0.00018335891945753247,-0.0001298067218158394,0.0005921535193920135,0.0004217646492179483,0.0025026999646797776,0.0,4.0,0.00017351825954392552
16,-7.904150707362338,-11.85341600302051,0.000268262534088748,7.485253081854011,-1.993158325180492e-06,4.052359656725457e-07,-14.718796730041504,0.0007830437971279025,-7.152321815490723,2.4427890821243636e-06,0.0003109712270088494,0.0007662352290935814,0.00017302428022958338,0.0021102000027894974,0.0,4.0,0.00017351825954392552
17,-22.55574970382036,-14.935205163558994,-0.00044828956791725586,12.031410723593721,0.0005585235946678065,1.1966540114372037e-06,-13.635981559753418,0.0016140867955982685,-6.428986072540283,0.0002565664181020111,-0.0005567226908169687,0.0012246026890352368,0.0003769926552195102,0.0020750999683514237,0.0,4.0,0.00017351825954392552
18,10.853545813797885,-7.462195301462889,-0.00017567153543375928,22.65194092067222,-0.00033955524448528603,2.3209142341329425e-07,-15.276134490966797,0.0007191062904894352,-7.23750114440918,-0.00015310787421185523,-0.00027574162231758237,7.033193833194673e-05,0.0005101817077957094,0.0054490999318659306,0.0,4.0,0.00017351825954392552
19,-3.3367511168654467,-9.489311048627204,0.0002903915528312511,10.86011467630018,-0.0003362141288555899,2.0345565587831516e-07,-15.407817840576172,0.0007041580392979085,-7.25850772857666,-0.000149883606354706,0.00035784346982836723,0.0003162369830533862,7.66249286243692e-05,0.002628199988976121,0.0,4.0,0.00017351825954392552
20,-14.22358176080126,-6.048518253699317,0.00015145664959596798,17.382859073463955,-0.0005302431457474048,1.8210835150966886e-07,-15.518664360046387,0.0007047441322356462,-7.257675647735596,-0.00023806525859981775,0.00021621263294946402,0.0001241646968992427,0.00037676768261007965,0.002111900015734136,0.0,4.0,0.00017351825954392552
21,23.74677633725976,-9.266406968249841,-0.0002695624623479463,-6.843763641427883,0.0005963914308129706,1.304315105699061e-06,-13.549832344055176,0.0012983339838683605,-6.646673202514648,0.00026217548293061554,-0.0002229784004157409,0.0015374714275822043,8.888888987712562e-05,0.002069000038318336,0.0,4.0,0.00017351825954392552
22,-14.190376291940778,-3.7867762719170974,-4.790472357181928e-05,29.971445846723853,-0.0005000701248228716,4.281509973225184e-07,-14.663789749145508,0.0009039489086717367,-7.008737564086914,-0.00022798306599725038,-7.302231097128242e-05,0.0006883927271701396,0.0005174943362362683,0.0028158999048173428,0.0,4.0,0.00017351825954392552
23,-4.634698414041035,-5.899487889928598,0.0001532861358317309,19.116164778700615,-0.0002957376022576578,6.824875953270748e-08,-16.500106811523438,0.0003998438478447497,-7.824436664581299,-0.00013323464372660965,0.000219595996895805,3.897317947121337e-05,5.505327135324478e-05,0.0020053000189363956,0.0,4.0,0.00017351825954392552
24,8.069286004311554,-13.15003494676694,0.00011344417382306947,27.648603889198135,-0.000368723157732429,7.842711369221433e-08,-16.361095428466797,0.00047268011257983744,-7.6570916175842285,-0.00016630218306090683,0.00018317654030397534,7.805188943166286e-05,0.000168350845342502,0.002146200044080615,0.0,4.0,0.00017351825954392552
25,11.094275024434262,-15.978068885191785,6.936004141600519e-05,24.552013376991052,-0.0005240148255323423,7.034381610537821e-08,-16.469871520996094,0.000398807052988559,-7.827033042907715,-0.00023603018780704588,0.00010724217281676829,4.856496161664836e-05,6.250444857869297e-05,0.0024763999972492456,0.0,4.0,0.00017351825954392552
26,13.342210899564398,-20.557667779601708,-4.8409477305985036e-05,24.286218108342066,-0.0011923887115793427,3.0987118293523963e-07,-14.987109184265137,0.0007174031343311071,-7.239872455596924,-0.0005367512349039316,-7.235322846099734e-05,3.8975500501692295e-05,0.00017762178322300315,0.0021493000676855445,0.0,4.0,0.00017351825954392552
27,-8.468741274613118,-1.7983228064780206,-5.39617000396795e-05,5.187844594560877,-0.00040923438975218134,1.6362415067305847e-07,-15.625694274902344,0.000545183545909822,-7.514388084411621,-0.00018201052444055676,-5.718977627111599e-05,0.0004892859724350274,0.0001226805616170168,0.002126300008967519,0.0,4.0,0.00017351825954392552
28,-6.580167594540381,-10.269487250063248,0.0002500903822143372,29.11296985238106,-0.0007119964331293149,4.0379930510425766e-07,-14.7223482131958,0.0010703721782192588,-6.839748859405518,-0.0003223379608243704,0.00042345988913439214,0.0004479874041862786,0.00020116122323088348,0.0021422000136226416,0.0,4.0,0.00017351825954392552
29,18.378929019270934,-27.708567556156204,-0.0007878821669301599,-17.161359099663375,-0.0016175077755847523,2.852090347005287e-06,-12.767457962036133,0.0024062958545982838,-6.029666900634766,-0.0007357237045653164,-0.000463648175355047,0.0020064024720340967,0.0004074454482179135,0.002021599910221994,0.0,4.0,0.00017351825954392552
30,5.989533454463684,25.794691511734037,-0.0008473642836167996,-24.246738764864844,-0.001271494937455339,7.577094720545574e-07,-14.092966079711914,0.0013550729490816593,-6.603899955749512,-0.0005753427394665778,-0.00038038534694351256,0.0007493746234104037,4.9314985517412424e-05,0.002104500075802207,0.0,4.0,0.00017351825954392552
31,13.15937008215785,-22.75748862158235,7.588950527287449e-05,11.459562697154512,0.0002138676356502293,1.0428480123891859e-07,-16.076139450073242,0.00048664765199646354,-7.627970218658447,9.520775347482413e-05,9.966679499484599e-05,0.00027931254589930177,0.00030423369025811553,0.001989700016565621,0.0,4.0,0.00017351825954392552
32,-6.709822287403824,7.064840428196721,-0.0007277221518781407,-27.97667826952344,-0.002357372918891588,1.5694589592385455e-06,-13.364779472351074,0.0017893260810524225,-6.325916290283203,-0.0010569602018222213,-0.00027113358373753726,0.000868719071149826,5.37455161975231e-05,0.002098600030876696,0.0,4.0,0.00017351825954392552
33,-4.443001371265871,-15.06544954637016,-5.177147385288962e-05,6.933435158762887,-0.0008688297081958484,4.21644813286548e-07,-14.679102897644043,0.0008811468724161386,-7.034286022186279,-0.00038782827323302627,-5.605935075436719e-05,0.0007145600393414497,0.00015995849389582872,0.0020936999935656786,0.0,4.0,0.00017351825954392552
34,2.334699899692986,4.465412111575004,-0.0001520429162542379,12.062518730754409,-0.0002937334083438469,1.5344434700637066e-07,-15.68992805480957,0.0005961792776361108,-7.42496919631958,-0.00013258427497930825,-0.00019909710681531578,0.00010242690041195601,0.0004265687894076109,0.0027169999666512012,0.0,4.0,0.00017351825954392552
35,-10.263276745953863,15.784519491944883,-0.00014308358786031204,9.050380126112582,-0.00027353023386873847,9.739974871081358e-08,-16.144441604614258,0.0005120004061609507,-7.577185153961182,-0.00012432625226210803,-0.00016769685316830873,0.0002936690580099821,0.00014628558710683137,0.00210379995405674,0.0,4.0,0.00017351825954392552
36,0.6232856572997891,22.066726444955673,-0.00012171932713461831,-13.55106371327164,-0.00027538130021055016,1.849410296017595e-07,-15.503229141235352,0.0005718817701563239,-7.466578483581543,-0.00012618217442650348,-8.552682993467897e-05,0.0005390018341131508,0.00018134363926947117,0.002100700046867132,0.0,4.0,0.00017351825954392552
37,1.1921385830138127,-28.109444598039126,-1.1914616545654782e-05,13.766163493879056,0.0005979553866558943,2.2467554572358495e-07,-15.308608055114746,0.000667282089125365,-7.312297821044922,0.00027074647368863225,-8.160543984558899e-06,0.00036669353721663356,0.00041005664388649166,0.0020761999767273664,0.0,4.0,0.00017351825954392552
38,-18.815897562723634,28.669253354597398,0.00011400062804015771,-29.36251187566352,4.064987794501082e-05,1.2037031638101325e-06,-13.630107879638672,0.0008721542544662952,-7.044544219970703,1.174514000013005e-05,3.7881261960137635e-05,0.0015474954852834344,9.756023791851476e-05,0.0026305000064894557,0.0,4.0,0.00017351825954392552
39,2.709648182285897,-3.4142198217947244,-4.32936627084587e-05,-3.8063410015474193,0.0001231463057110314,2.7114303691178065e-08,-17.42320442199707,0.00022904205252416432,-8.38160514831543,5.642881660605781e-05,-3.975520667154342e-05,0.00020140261040069163,6.431344081647694e-05,0.002519399975426495,0.0,4.0,0.00017351825954392552
40,10.122899740190398,-26.297242710135354,1.2108828523545183e-05,-2.242834207288899,0.00030945752769657693,1.0119305926536981e-07,-16.10623550415039,0.0004261003923602402,-7.760835647583008,0.00013886172382626683,1.7669783119345084e-05,0.00017506559379398823,0.000364072184311226,0.0020517000230029225,0.0,4.0,0.00017351825954392552
41,-6.124450933435933,16.99270825503475,-0.00012478744686095428,-27.631203852300853,0.00030871943386262253,3.177692065037263e-08,-17.2645263671875,0.0002799570211209357,-8.180874824523926,0.0001384523930028081,-4.6440389269264415e-05,0.0001326665806118399,5.7461900723865256e-05,0.0020653000101447105,0.0,4.0,0.00017351825954392552
42,6.211551162523295,-21.729406925564923,1.614888647258667e-05,-27.61432880814724,0.0002979690510570712,2.3065646814757201e-07,-15.282336235046387,0.0005570646608248353,-7.492829322814941,0.0001373058621538803,9.794057405088097e-06,0.0006188583793118596,0.00020107113232370466,0.002186899888329208,0.0,4.0,0.00017351825954392552
43,1.8246751300044304,-0.27938515638590783,-7.420602391007409e-05,-18.907247016861945,0.00032216844100383735,9.381604115787923e-08,-16.181930541992188,0.00040216208435595036,-7.818655490875244,0.0001467823749408126,-4.0593164158053696e-05,0.00037127904943190515,5.829404108226299e-05,0.002088200068101287,0.0,4.0,0.00017351825954392552
44,-1.3467802197937424,17.082817135761402,-0.0001852022866063642,-4.6798047212401475,0.00046775516153651706,1.4384391988642165e-07,-15.754536628723145,0.0006423891754820943,-7.350316047668457,0.0002092546346830204,-0.00016549351857975125,0.0002998370036948472,0.0002354451280552894,0.002114500035531819,0.0,4.0,0.00017351825954392552
45,-1.5238346575137542,-4.206144730531677,-3.8059701626571115e-05,-1.7053540448888902,0.0003013827807252573,1.3004697052565461e-07,-15.85537052154541,0.00041034596506506205,-7.7985100746154785,0.0001377454900648445,-3.5796110751107335e-05,0.0004685703606810421,5.03833280163235e-06,0.002567299990914762,0.0,4.0,0.00017351825954392552
46,3.8016853291673685,-6.585075363039783,-3.664901313705249e-05,25.778237895164825,0.00023887880165474574,7.132275214871697e-08,-16.456050872802734,0.0003939920279663056,-7.839179992675781,0.00010685006418498233,-6.41595252091065e-05,0.0001450837153242901,0.000300881132716313,0.002048900001682341,0.0,4.0,0.00017351825954392552
47,12.781772530215884,-6.298690447008022,-3.3419542865174505e-05,13.895277232067219,9.649889355038807e-05,1.3849125934939366e-07,-15.792458534240723,0.0004315946134738624,-7.748023986816406,4.266520409146324e-05,-5.2204592066118494e-05,0.00019333021191414446,0.0004801194299943745,0.0020344998920336366,0.0,4.0,0.00017351825954392552
48,-11.202752485028169,3.956314962827513,-4.9837188284055086e-05,-25.75755268844524,0.00031579549846295994,1.2768924761985545e-06,-13.571081161499023,0.0009705913253128529,-6.937604904174805,0.00014899078814778477,-2.0485755158006214e-05,0.0015837319660931826,1.849758882599417e-05,0.0019808000652119517,0.0,4.0,0.00017351825954392552
49,0.8154576628143886,0.3914925060603931,-1.0258106174231007e-05,-7.816472080229512,3.96248291913773e-05,3.731019404540348e-08,-17.104000091552734,0.00018663766968529671,-8.586341857910156,1.911669096443802e-05,-9.208868505083956e-06,0.00026692711981013417,4.96971006214153e-05,0.002615200006403029,0.0,4.0,0.00017351825954392552
50,6.344145453474203,27.25587549541415,-3.3974130516406944e-05,-7.586524310128589,-8.3065839954111e-05,3.544938067534531e-07,-14.852575302124023,0.0006700574303977191,-7.308146953582764,-3.974398714490235e-05,-3.881532029481605e-05,0.0005522850551642478,0.0006307110888883471,0.002063599997200072,0.0,4.0,0.00017351825954392552
51,7.659625050233933,-12.326204393916464,-3.2306768203886244e-05,29.52103181126944,0.0002162660384323761,3.9977386734335596e-08,-17.03495216369629,0.0003079609014093876,-8.085537910461426,9.687809506431222e-05,-5.8700832596514374e-05,8.97244899533689e-05,0.00021503950119949877,0.0053681000135838985,0.0,4.0,0.00017351825954392552
52,4.499403589814779,2.256521766222215,-4.144506433992648e-05,-29.29695563796865,4.337059918732805e-05,2.1681211492818875e-08,-17.646820068359375,0.00016106589464470744,-8.733696937561035,2.007164766837377e-05,-1.085452731786063e-05,6.514605047414079e-05,0.00019513336883392185,0.0020812000147998333,0.0,4.0,0.00016106589464470744
53,0.6730287396383513,-17.319071555124495,-6.510495061116557e-06,28.577976606871985,0.00027320286224166045,6.122627382865176e-08,-16.60869026184082,0.00034145358949899673,-7.982298851013184,0.00012183234503027052,-7.986329364939593e-06,0.00025075057055801153,0.00017251924145966768,0.002000399981625378,0.0,4.0,0.00016106589464470744
54,8.20821787554416,-6.174409854001757,-1.9377899675394104e-05,-7.14635756887065,0.00011754738943723054,1.5046200729784687e-08,-18.01214027404785,0.00016522087389603257,-8.708227157592773,5.2494488045340404e-05,-1.662649810896255e-05,0.0001488151610828936,4.338463259045966e-05,0.002073700074106455,0.0,4.0,0.00016106589464470744
55,9.93596265172071,-20.499941316596146,8.331910134907959e-06,3.4269383296372142,0.0002458035397118132,4.826831556670186e-08,-16.84649085998535,0.0003096820437349379,-8.079964637756348,0.00011018745135515928,1.2638149200938642e-05,0.0001544220867799595,0.00021929079957772046,0.002135799964889884,0.0,4.0,0.00016106589464470744
56,0.9563407968911795,-28.745377814445014,4.202763549176382e-05,17.223171568088798,0.00037101568863381125,1.6056590368407342e-07,-15.644561767578125,0.0005760486237704754,-7.4593186378479,0.00016803642211016268,6.605700036743656e-05,0.0002369182911934331,0.0004469921695999801,0.002061899984255433,0.0,4.0,0.00016106589464470744
57,7.382397321597583,-4.941772212349722,1.9466405372600064e-05,24.160968891684515,0.00019272699401362613,1.4577251761238585e-07,-15.741218566894531,0.00041224388405680656,-7.793895244598389,8.630772936157882e-05,2.0758701793965884e-05,9.361353295389563e-05,0.0005167413619346917,0.0028241999680176377,0.0,4.0,0.00016106589464470744
58,11.4711215001273,14.465284844295796,-6.725959805049295e-05,-29.87062329986177,-6.941423753357419e-05,3.407278086342558e-07,-14.892182350158691,0.0005905894213356078,-7.434389591217041,-3.429336356930435e-05,-1.6848098312038928e-05,0.0007591382600367069,0.00031975764431990683,0.0022287999745458364,0.0,4.0,0.00016106589464470744
59,6.051445446995789,4.906611771902144,-9.073828827596598e-06,-28.536139196779615,5.854655746707732e-05,4.133410769213697e-08,-17.001577377319336,0.00022780848667025566,-8.387004852294922,2.575948747107759e-05,3.8527696233359165e-07,0.00020019592193420976,0.00020313150889705867,0.002766599995084107,0.0,4.0,0.00016106589464470744
60,6.867249991300284,-9.068849472953957,2.2616186810572455e-05,-20.386881881336247,0.00021434349660396377,2.187783287865841e-08,-17.637792587280273,0.0002164412580896169,-8.438191413879395,9.710004087537527e-05,1.4491974980046507e-05,6.955002754693851e-05,0.0001401484478265047,0.002592200064100325,0.0,4.0,0.00016106589464470744
61,12.229689788194893,-1.4038860024874473,-6.993645001424008e-06,-21.83747634328044,8.078243323845454e-05,2.63187729387937e-07,-15.150398254394531,0.00045808410504832864,-7.68845796585083,3.3659445762168616e-05,-1.0764601938717533e-06,0.0007111500599421561,0.00013554633187595755,0.002632700023241341,0.0,4.0,0.00016106589464470744
62,6.935584925547382,-9.574041274234474,3.097726225805381e-05,-24.075602766108737,0.00024177281797757209,3.1231870423198416e-08,-17.28182601928711,0.0002570305368863046,-8.266315460205078,0.00010955532343359664,1.7188358469866216e-05,8.602184243500233e-05,0.00017455188208259642,0.0022176000056788325,0.0,4.0,0.00016106589464470744
63,1.8526311700456894,-10.884115781161531,3.783738933610318e-05,-12.18124913607453,0.00027050096526822995,2.585988738701417e-07,-15.167987823486328,0.0005441022804006934,-7.516373157501221,0.00012492570385802537,2.8260279577807523e-05,0.0006898782448843122,9.195438178721815e-05,0.002560199936851859,0.0,4.0,0.00016106589464470744
64,0.12108444053712188,-4.820171197748743,6.04539950483193e-06,-8.531992197063419,0.0001686275109072892,1.5182422430370934e-07,-15.700542449951172,0.0003638671769294888,-7.918721675872803,7.836076838430017e-05,5.034484729549149e-06,0.0005393038736656308,2.163995486625936e-05,0.002088199951685965,0.0,4.0,0.00016106589464470744
65,7.432871730078203,-3.897240478091215,1.619359362897521e-05,14.436975423587816,0.00014205642073231506,9.329384198508706e-08,-16.187511444091797,0.0003325475554447621,-8.00872802734375,6.354278593789786e-05,1.3746772310696542e-05,0.00010062764340545982,0.00040988833643496037,0.0027483999729156494,0.0,4.0,0.00016106589464470744
66,7.05775888673383,-21.26117725521263,-1.3702296006892575e-05,1.6046747246028163,0.0002442362025886503,4.700752498365546e-08,-16.872957229614258,0.00029762828489765525,-8.119665145874023,0.00011065346916439012,-9.725494237500243e-06,0.00012022803275613114,0.00023427061387337744,0.0025339999701827765,0.0,4.0,0.00016106589464470744
67,5.378375516244554,-13.40334806424511,1.4730270274813575e-05,-1.9294972460731246,0.0002361786697928014,3.309813934038175e-08,-17.22378921508789,0.0002553282247390598,-8.272960662841797,0.00010731894872151315,1.4940515029593371e-05,0.00019348620844539255,7.265133899636567e-05,0.002541199908591807,0.0,4.0,0.00016106589464470744
68,1.7931365032358826,-5.2733587710374605,1.973834569393903e-05,6.995230534710458,0.00022615234453330905,2.4897374828469765e-08,-17.508502960205078,0.0002404096449026838,-8.333166122436523,0.00010241291602142155,2.0362042050692253e-05,0.00013014220166951418,0.000105127168353647,0.0026804000372067094,0.0,4.0,0.00016106589464470744
69,-2.138600520284771,11.224780401735293,0.0001004562877150907,-0.21252673841613884,0.00017046229159072468,3.720929697692554e-08,-17.106706619262695,0.00031235290225595236,-8.07137680053711,7.636231021024287e-05,9.373891225550324e-05,9.371757914777845e-05,0.00019078582408837974,0.005403400049544871,0.0,4.0,0.00016106589464470744
70,2.2875098033517274,8.534495100872125,0.00010444872774833176,-29.070739658328026,1.953437256693904e-06,1.5639077588502914e-08,-17.973493576049805,0.00013145609409548342,-8.936837196350098,1.0541893971094396e-06,3.9815866330172867e-05,1.412145411450183e-05,0.0001670506171649322,0.0021584000205621123,0.0,4.0,0.00013145609409548342
71,0.8899418445823422,7.4407496222285845,0.0001652957589823647,17.33723558019268,0.0002829629348040469,2.08863710327023e-07,-15.381584167480469,0.0006856045220047235,-7.285209655761719,0.00012661890650633723,0.00021934317192062736,0.00016828632215037942,0.000510998594108969,0.0020051999017596245,0.0,4.0,0.00013145609409548342
72,7.107055718771595,14.868746093103406,0.00011602903716479733,-14.588649826885467,-0.00035637402881762544,1.4143904536467744e-07,-15.77139663696289,0.0005456554354168475,-7.513522624969482,-0.0001620822149561718,7.209438626887277e-05,0.00042528455378487706,0.0001976731000468135,0.0026741999899968505,0.0,4.0,0.00013145609409548342
73,8.352763693223347,-9.222615521210017,2.0089331077593604e-05,-4.678199104189768,0.00019190643467508013,1.5304566503004935e-08,-17.995115280151367,0.00017106946324929595,-8.673440933227539,8.607059135101736e-05,1.7164140444947407e-05,0.00012260937364771962,1.3060071069048718e-05,0.0022245999425649643,0.0,4.0,0.00013145609409548342
74,5.656146913822653,-10.916840059113383,4.264493008036016e-05,-3.8440436537517493,0.0002529386485948972,2.5201934761298617e-08,-17.49634552001953,0.0002408855507383123,-8.331188201904297,0.00011464131239335984,3.8406928069889545e-05,0.00014139867562334985,3.427593765081838e-05,0.0026575999800115824,0.0,4.0,0.00013145609409548342
75,0.005133306325603457,-2.0406407156423745,9.591720520578242e-05,-17.39774911062507,0.00012628474461165242,2.00533236238698e-07,-15.422286033630371,0.00045543586020357907,-7.694255828857422,5.968546975054778e-05,5.782572043244727e-05,0.0006197650218382478,5.6084310926962644e-05,0.002254999941214919,0.0,4.0,0.00013145609409548342
76,-4.035167492481331,11.03791261814508,4.8332912659109166e-05,-26.61854742184818,-0.00035514356023683916,6.485809223022443e-08,-16.551063537597656,0.00035095761995762587,-7.954844951629639,-0.00015852274373173714,2.0760524421348237e-05,0.00027079827850684524,7.255043601617217e-05,0.005477000027894974,0.0,4.0,0.00013145609409548342
77,5.552971867043809,-13.940020837908811,-3.95268760666305e-05,23.632464682674257,0.00037225123444138957,3.6391501367916135e-08,-17.128931045532227,0.00029297819128260016,-8.135412216186523,0.00016713414515834302,-6.184104859130457e-05,8.717584569239989e-05,4.0830116631696e-05,0.0021489999489858747,0.0,4.0,0.00013145609409548342
78,2.1147131136268125,-20.31187196609557,-5.177408331165714e-05,5.701702357080569,0.0003670977523520933,1.5635558270332695e-07,-15.671133041381836,0.0005537592805922031,-7.498780250549316,0.0001672892685746774,-5.357677218853496e-05,0.00045406052959151566,0.00021172592823859304,0.002670199959538877,0.0,4.0,0.00013145609409548342
79,-1.4362396410677618,-15.937692697264243,8.998347272233831e-06,13.997466259819353,0.000366586894024109,7.462320184004057e-08,-16.41081428527832,0.00038996286457404494,-7.849459171295166,0.00016615203639958054,1.4345838280860335e-05,0.00026364365476183593,0.00015528629592154175,0.005461800028569996,0.0,4.0,0.00013145609409548342
80,1.1784297020600187,-4.579367465916437,2.456868177981862e-05,-13.98216177658245,0.00013147644666032513,1.5392372176847857e-07,-15.686808586120605,0.0003753448254428804,-7.887665271759033,6.170997221488506e-05,1.7157321053673513e-05,0.0005453194607980549,4.763558536069468e-05,0.0026858000783249736,0.0,4.0,0.00013145609409548342
81,5.080473773881581,4.406355479546109,-2.513798110729402e-05,-27.060479921738825,2.1616524042376202e-05,1.7899891346928598e-08,-17.838470458984375,0.0001438758336007595,-8.846559524536133,9.610665983927902e-06,-6.85371242070687e-06,8.833622996462509e-05,0.0001664866867940873,0.002578499959781766,0.0,4.0,0.00013145609409548342
82,3.2366666181424626,0.14108222381880547,-3.358486072979842e-05,-26.726037139332007,-3.848455702546389e-05,5.24882608488042e-08,-16.762676239013672,0.0002440232055960223,-8.318246841430664,-1.581425931362901e-05,-1.0722549632191658e-05,0.0002869332383852452,0.00014803954400122166,0.002728799940086901,0.0,4.0,0.00013145609409548342
83,-5.039447314835934,2.412949985129014,3.839644823773817e-05,6.960408436790102,0.00024948189909521946,2.6910051076356467e-08,-17.43076515197754,0.00024511435185559094,-8.313785552978516,0.00011297852324787527,4.2901378037640825e-05,0.00015513277321588248,2.3336127924267203e-05,0.0024932000087574124,0.0,4.0,0.00013145609409548342
84,-25.73665628242671,-0.0018063674739259557,0.00014855804291858535,10.517132901074067,0.001203269754126381,7.830262802599464e-07,-14.060099601745605,0.0014042765833437443,-6.568233013153076,0.0005440062959678471,0.00019388798682484776,0.0005927241290919483,0.000740040501113981,0.0027794999768957496,0.0,4.0,0.00013145609409548342
85,-7.461527549505247,-6.179877217759955,2.27679303908391e-05,20.856190089413975,0.00037983078686809743,4.8809955188744425e-08,-16.835330963134766,0.00033860583789646626,-7.990674018859863,0.00017050057067535818,3.6006036680191755e-05,0.00010058937914436683,0.00016360908921342343,0.0026635000249370933,0.0,4.0,0.00013145609409548342
86,-19.612012062549496,-25.667798267777847,0.0001987929185075788,22.91399095787516,0.0005739994725637545,2.0470810113693005e-07,-15.401680946350098,0.0007358532748185098,-7.214479923248291,0.00025851622922345996,0.00030793590121902525,4.9583726649871096e-05,0.00028921847115270793,0.005429400014691055,0.0,4.0,0.00013145609409548342
87,-8.207763228105135,9.120033108379214,-0.0010963237143087991,-1.823778099096737,-0.0003803301946370702,1.090993805519247e-06,-13.728421211242676,0.0013038907200098038,-6.642402648925781,-0.00017037427460309118,-0.0010229147737845778,0.0001687301992205903,5.2473158575594425e-05,0.0025667999871075153,0.0,4.0,0.00013145609409548342
88,1.6135124030622856,-20.828485361668378,4.178541387808064e-05,24.244031232710835,0.00015002296837908418,4.947033716007354e-08,-16.82189178466797,0.00031811208464205265,-8.053106307983398,6.709431909257546e-05,6.966318323975429e-05,9.634724847273901e-05,0.0002663619234226644,0.005493700038641691,0.0,4.0,0.00013145609409548342
89,3.886259394389685,-23.160096005086725,1.6629697679692623e-05,17.471714077508796,-0.0001442745278934803,5.775567046839569e-08,-16.667043685913086,0.000290661642793566,-8.143350601196289,-6.451983790611848e-05,2.862576729967259e-05,8.020950190257281e-05,0.0003148226242046803,0.0020997999235987663,0.0,4.0,0.00013145609409548342
90,-10.283287290448731,16.145496689623577,0.00016656390006758088,11.841869594052866,0.0001836959836144414,1.1967240709509497e-07,-15.938508033752441,0.0005383390234783292,-7.527021884918213,8.124056330416352e-05,0.00021054096578154713,0.0003357442910782993,0.00015737066860310733,0.0054073999635875225,0.0,4.0,0.00013145609409548342
91,13.240264323686343,-20.56782270875118,0.006,-11.483311330220205,0.006,2.625583510962315e-05,-10.547622680664062,0.00751668494194746,-4.89063024520874,0.002697294345125556,0.004321205895394087,0.0007419644971378148,0.00025440508034080267,0.005518499994650483,0.0,4.0,0.00013145609409548342
92,-15.447514641525808,27.019433302782787,-0.0008261660097065918,-24.16161538306854,-0.00031470367967150945,8.370510613531223e-07,-13.993380546569824,0.0011113297659903765,-6.8021979331970215,-0.00014653382822871208,-0.0003727940493263304,0.0011630861554294825,2.09175323107047e-05,0.0021270998986437917,0.0,4.0,0.00013145609409548342
93,9.737276269385612,-13.984350576924731,-1.6049470142265947e-05,-3.645234766394001,-0.0002613030918668882,3.846165697041215e-08,-17.073604583740234,0.0002726040256675333,-8.207489967346191,-0.00011820056533906609,-1.3032631613896228e-05,0.0002072094357572496,7.553221803391352e-05,0.0027028999757021666,0.0,4.0,0.00013145609409548342
94,4.8434308275256,-14.092735626025942,-1.1999917304126114e-06,15.826174113700784,3.5767938882498566e-06,2.1215820766862237e-10,-22.27368927001953,1.7328928151982836e-05,-10.963132858276367,1.7140456520792213e-06,-1.491803004682879e-06,1.1378376257198397e-05,1.68677834153641e-05,0.005387199926190078,0.0,4.0,1.7328928151982836e-05
95,9.969625405768097,-22.074710241925118,-5.288234062590228e-05,-20.313799058657544,-0.0002506488647921702,8.142654195353316e-08,-16.323564529418945,0.0003975847503170371,-7.830102443695068,-0.00011338401964167133,-2.3622193111805245e-05,0.00027113399119116366,0.000250023091211915,0.002135800081305206,0.0,4.0,1.7328928151982836e-05
96,6.698753469950292,-5.105957316285585,-5.676006067486081e-05,-20.009056918334043,-5.4479705438055164e-05,7.633090604031167e-09,-18.690773010253906,0.0001179278624476865,-9.045437812805176,-2.4224771550507285e-05,-2.8564842068590224e-05,2.0559009499265812e-05,0.00010971749725285918,0.005369500024244189,0.0,4.0,1.7328928151982836e-05
97,2.8931465004297605,-4.651663196205818,-3.8358785689216054e-05,-9.67287234110627,-0.00013196803100635395,5.0719773270202495e-08,-16.79694938659668,0.00024244587984867394,-8.324731826782227,-5.78822146053426e-05,-2.9085245841997676e-05,0.000304977351333946,5.979497018415714e-06,0.004483800032176077,0.0,4.0,1.7328928151982836e-05
98,8.43585711993241,-21.440546783500853,-3.2772011227101325e-05,-2.58885148855143,-0.00023451753803067666,4.082587423681616e-08,-17.01395034790039,0.000260600121691823,-8.252523422241211,-0.00010524632671149448,-2.5768389605218545e-05,1.871295171440579e-05,0.00024045784084592015,0.002668200060725212,0.0,4.0,1.7328928151982836e-05
99,-6.014929050797167,-13.519216762105069,6.430566675268623e-05,27.063130354251093,0.0004149830094444194,1.26204355410664e-07,-15.885363578796387,0.0005714202998206019,-7.467385768890381,0.0001853050634963438,0.00010836114233825356,0.00033231519046239555,0.0002231930266134441,0.0020785999950021505,0.0,4.0,1.7328928151982836e-05
100,12.254309851584892,-9.692132191787184,-1.4572586291483682e-05,-22.991253266314445,-0.0002132014869329438,3.162810742196598e-07,-14.966634750366211,0.0005829568253830075,-7.447397232055664,-9.870028588920832e-05,-3.2319135243596975e-06,0.0007551490562036633,0.00020690014935098588,0.0054385000839829445,0.0,4.0,1.7328928151982836e-05
