step,q1,q2,cv,q3,ch,mse,log_mse,mae,log_mae,mu_x,mu_y,sigma_x,sigma_y,xopt_runtime,xopt_error,run,best_mae
0,10.0,-10.0,0.0,10.0,0.0,2.664279996622554e-08,-17.440746307373047,0.00016519649943802506,-8.708374977111816,-4.810091240869951e-07,-3.472792968750582e-06,0.00013611702888738364,0.00018636837194208056,0.5151147999567911,0.0,0.0,0.00016519649943802506
1,-30.0,30.0,-0.006,-30.0,-0.006,1.4506898878607899e-05,-11.140886306762695,0.00591310765594244,-5.130583763122559,-0.0031280789989978075,-0.001689643133431673,0.001912244246341288,0.0002785257820505649,0.0023212999803945422,0.0,0.0,0.00016519649943802506
2,27.12866963478973,-18.224618995049873,0.004090660035079592,11.72190030976157,0.003767978828367254,3.671693411888555e-05,-10.212272644042969,0.008064338006079197,-4.820303440093994,0.001956287771463394,0.005710059776902199,0.0007539291982538998,4.205176810501143e-05,0.0020216000266373158,0.0,0.0,0.00016519649943802506
3,-2.9194778977776132,-10.617490037352868,-0.0016644033325138691,11.85022746496118,-0.0015015471676246184,6.070265499147354e-06,-12.012107849121094,0.0032908995635807514,-5.716594219207764,-0.0007795945275574923,-0.0023284011986106634,0.00027003648574464023,9.577129821991548e-05,0.0021000999258831143,0.0,0.0,0.00016519649943802506
4,25.155390454732938,4.748534330643636,-0.0002877799360506678,7.752312002253917,-0.00036361545960778637,1.2901276704724296e-06,-13.560769081115723,0.001531234011054039,-6.4816813468933105,-0.00019111689471174031,-0.0003936252323910594,0.0004961426602676511,0.0013968410203233361,0.001977000036276877,0.0,0.0,0.00016519649943802506
5,-8.30464440293297,-26.590876034397766,0.000675230859804427,4.738007072392819,-0.0022600482006770394,3.397663931536954e-06,-12.592422485351562,0.0029382705688476562,-5.829934120178223,-0.001168144284747541,0.0008119606645777822,0.0016332517843693495,0.00028307922184467316,0.0021231999853625894,0.0,0.0,0.00016519649943802506
6,4.963749857006421,-20.505303863570862,-0.00015393457272931015,12.548981211007796,0.0032541555299369592,2.9463724331435515e-06,-12.734935760498047,0.0020868508145213127,-6.1720991134643555,0.0016928061377257109,-0.00021464093879330903,0.00012917150161229074,0.00022963606170378625,0.002642500097863376,0.0,0.0,0.00016519649943802506
7,25.402145941622393,-8.048719975617962,0.0002345230121171365,24.09626716397829,-0.0042497482901000996,5.671528015227523e-06,-12.080052375793457,0.003204732434824109,-5.74312686920166,-0.002209567232057452,0.00039429383468814194,7.854346767999232e-05,0.001123199239373207,0.002403800026513636,0.0,0.0,0.00016519649943802506
8,-6.536605524522374,12.552373102429234,0.00021357149845207372,25.337678654369686,0.0005176802736157165,3.0968283226684434e-07,-14.987717628479004,0.0009365933947265148,-6.97326135635376,0.000267523544607684,0.00038140310789458454,0.00038713274989277124,0.0001882006908999756,0.002782900002785027,0.0,0.0,0.00016519649943802506
9,-7.05276141425734,17.174639807048294,6.89689391063264e-05,-18.862577240429044,0.0009422444917947964,2.5596847308406723e-07,-15.178211212158203,0.0006263422546908259,-7.375613689422607,0.0004893172881565988,3.890897278324701e-05,0.00017157616093754768,2.4655806555529125e-05,0.0026517000515013933,0.0,0.0,0.00016519649943802506
10,22.50784548061363,26.963215090259805,0.0005697283084731393,-17.934237301581412,0.001183136706759308,7.656589104954037e-07,-14.082529067993164,0.001453400938771665,-6.533848762512207,0.0006124649662524462,0.00032509572338312864,0.0006528337253257632,0.0003788467438425869,0.0021663999650627375,0.0,0.0,0.00016519649943802506
11,-12.139086617040705,27.678490609348295,-0.0003023707934912575,-10.845757800889889,0.000633706966097329,6.302639690147771e-07,-14.277127265930176,0.0010805395431816578,-6.830294609069824,0.00032543292036280036,-0.00023095469805411994,0.0009671892039477825,8.111480565275997e-05,0.002697100047953427,0.0,0.0,0.00016519649943802506
12,-28.538341673391287,-11.126349951161624,-4.523999755603606e-05,-4.126630738339427,0.0007576883496325453,6.292801117524505e-06,-11.976104736328125,0.0023281723260879517,-6.062671661376953,0.0004088683344889432,-3.816616299445741e-05,0.0034890843089669943,0.0002731913991738111,0.0021215999731794,0.0,0.0,0.00016519649943802506
13,5.017915154571665,-18.738745754579355,-2.0637126325671043e-05,9.86270570259572,0.0005248527759276649,1.0381386061908415e-07,-16.080665588378906,0.00046634997124783695,-7.670574188232422,0.0002737190807238221,-2.4658875190652907e-05,0.0001596619258634746,0.00017628214845899493,0.002673199982382357,0.0,0.0,0.00016519649943802506
14,0.40450483231124024,8.276267272981473,-4.436174201765296e-05,-19.671025620546256,5.4533670021703255e-05,5.51709256058075e-09,-19.01541519165039,0.00011248544615227729,-9.092686653137207,2.886557012971025e-05,-2.3210988729260862e-05,8.267742668977007e-05,3.8140347896842286e-05,0.0020349998958408833,0.0,0.0,0.00011248544615227729
15,13.889058699050526,20.336893025846532,-0.006,27.3494743835547,0.006,0.00014039964298717678,-8.871017456054688,0.015787795186042786,-4.148518085479736,0.0031199960503727198,-0.011256832629442215,1.1623943464655895e-05,0.002810307778418064,0.002190800034441054,0.0,0.0,0.00011248544615227729
16,20.19460713165346,-24.132701722353833,0.0005147795535043385,-12.014618806532361,8.440989006774742e-06,1.6126258515214431e-06,-13.337646484375,0.0014017797075212002,-6.57001256942749,-2.2148260541143827e-06,0.0003854850074276328,0.0016741284634917974,0.00035403145011514425,0.0022880000760778785,0.0,0.0,0.00011248544615227729
17,2.456751986551626,-14.89413951539478,-0.000261182612987201,-29.114101147595843,-0.000871464724369595,1.1467234344308963e-06,-13.67860221862793,0.001285796519368887,-6.656376838684082,-0.00044691775110550225,-7.600028766319156e-05,0.001362235052511096,0.00016352187958545983,0.00275010010227561,0.0,0.0,0.00011248544615227729
18,2.6107441487343364,25.052564493584317,0.00039498639426921927,-1.714394460575667,-0.0010192705894534193,7.818659923941595e-07,-14.061582565307617,0.0015097307041287422,-6.495823860168457,-0.0005323751247487962,0.000389314373023808,0.0005551091162487864,0.0006209733546711504,0.0027318999636918306,0.0,0.0,0.00011248544615227729
19,4.812246519896349,0.07451230369358466,-0.0002613559762671913,-20.909747725619777,0.0010002873995271552,2.982979481203074e-07,-15.02517318725586,0.0007513059535995126,-7.193697452545166,0.0005208284128457308,-0.00013063487131148577,0.00010113966709468514,9.854572272161022e-05,0.005447300034575164,0.0,0.0,0.00011248544615227729
20,7.850187149449007,12.091011857969368,-5.244407049804629e-05,25.069852313705304,0.0005817514855935719,1.2091209100617561e-06,-13.625617027282715,0.0012262805830687284,-6.703769683837891,0.00030193637940101326,-0.00012112381227780133,0.00012637377949431539,0.0014800670323893428,0.005275700008496642,0.0,0.0,0.00011248544615227729
21,6.291731258460048,-29.533135952281228,0.00020292244522509095,-21.701432214877144,0.0009267529599037491,7.598845854772662e-07,-14.090099334716797,0.0012010256759822369,-6.724579334259033,0.00048666392103768885,0.00010302703594788909,0.000983756734058261,0.0002389125875197351,0.002080500009469688,0.0,0.0,0.00011248544615227729
22,2.727066227799994,-3.781401620666761,0.0003906753308703061,-28.660232096429507,0.0011417886951873147,5.891312753192324e-07,-14.344616889953613,0.0011286637745797634,-6.7867207527160645,0.00059676100499928,0.0001257160765817389,0.0006346935406327248,0.00017767996178008616,0.002732299966737628,0.0,0.0,0.00011248544615227729
23,6.821254565433757,7.409977648129121,1.0783262932542816e-05,9.042610593272075,0.00047564591319745615,3.181206125191238e-07,-14.960835456848145,0.0006921566091477871,-7.275698184967041,0.00024653165019117296,1.6321464499924332e-06,0.00019861450709868222,0.0006893710815347731,0.002081400016322732,0.0,0.0,0.00011248544615227729
24,0.7829612988428725,-4.0882849954693565,-8.966694385931391e-05,0.03387735958396347,0.00040862115865008934,9.766499431407283e-08,-16.141721725463867,0.00047909398563206196,-7.643613815307617,0.00021383151761256158,-9.636487084208056e-05,0.0002877608931157738,5.003432306693867e-05,0.002076999982818961,0.0,0.0,0.00011248544615227729
25,5.791768729418874,-12.781054879197592,-6.496396298166992e-05,6.204900986252666,0.00016453853146851749,1.8257688694234275e-08,-17.818679809570312,0.00021966517670080066,-8.423405647277832,8.608465577708557e-05,-8.02401191322133e-05,9.288083674618974e-05,1.3799939551972784e-05,0.002498700050637126,0.0,0.0,0.00011248544615227729
26,-1.7704891654292993,5.7747108640630085,-2.599479351054298e-05,-6.069149574254839,0.0005690372001664506,1.0614411394271883e-07,-16.058467864990234,0.0004460243508219719,-7.715137004852295,0.00029672321397811174,-2.4878268959582783e-05,0.00016913840954657644,7.97072789282538e-05,0.0026311000110581517,0.0,0.0,0.00011248544615227729
27,-0.048957559320831345,-0.12619033098890817,-7.275959410411699e-05,-11.85589203465132,0.00041472965547687294,1.4564241723746818e-07,-15.742111206054688,0.000494246487505734,-7.612476348876953,0.00021768940496258438,-5.3829986427444965e-05,0.0004366165667306632,8.837705536279827e-06,0.002807099954225123,0.0,0.0,0.00011248544615227729
28,0.5584776908457653,-26.212547192819823,-0.00020095231171004258,8.25840032588489,-9.767250555503228e-05,3.2379037406826683e-07,-14.943169593811035,0.0007905323873274028,-7.142804145812988,-4.7993482439778745e-05,-0.0002541057183407247,0.0006238966016098857,0.0003529696841724217,0.004572700010612607,0.0,0.0,0.00011248544615227729
29,0.8475053619716775,20.98909317558462,-6.857780769748514e-05,-22.03282643194229,0.0005691910014275363,2.7560969328987994e-07,-15.104280471801758,0.0006474922993220389,-7.342403411865234,0.0002934443764388561,-3.2262789318338037e-05,0.0006131844129413366,3.0385835998458788e-05,0.005928599974140525,0.0,0.0,0.00011248544615227729
30,4.374252843947686,-20.058486300450536,0.00018092325470003663,17.33212851378402,0.00035725414374838623,1.424995446086541e-07,-15.763927459716797,0.0006030148360878229,-7.41356897354126,0.0001859766780398786,0.0002864536363631487,3.6753765016328543e-05,0.00022441531473305076,0.0026527000591158867,0.0,0.0,0.00011248544615227729
31,-0.7804772467598028,-2.1238585037931337,-1.3732536421659535e-05,-7.0166348007056465,0.00041675452735587146,1.623901511038639e-07,-15.633264541625977,0.0004720879951491952,-7.6583452224731445,0.00021889901836402714,-1.2089883057342377e-05,0.0004781611787620932,4.03698095396976e-06,0.0026370000559836626,0.0,0.0,0.00011248544615227729
32,6.190210964595994,-1.8586108981303056,-2.7291892272190636e-05,-13.723894321969702,0.00036017664329948993,3.56529774592218e-08,-17.149433135986328,0.00021767232101410627,-8.432519912719727,0.00018748956790659577,-1.8800619727699086e-05,1.557978248456493e-05,7.184464720921824e-06,0.0020871999440714717,0.0,0.0,0.00011248544615227729
33,0.8289836096848031,-6.68657434729397,-6.454125906183267e-05,-12.702226320314535,0.0003666421018696941,2.77356718925148e-07,-15.09796142578125,0.0006154492730274796,-7.393157958984375,0.0001937987544806674,-4.523401730693877e-05,0.0006863572052679956,6.647574628004804e-05,0.0026431999867781997,0.0,0.0,0.00011248544615227729
34,4.3433263819438,5.664058322434993,5.5865214157847415e-05,-5.517618290184217,0.0004900252924283197,9.725375349489696e-08,-16.14594268798828,0.0004671404603868723,-7.668880462646484,0.00025445185019634664,4.6807504986645654e-05,0.00011296110460534692,0.00021880109852645546,0.0026181000284850597,0.0,0.0,0.00011248544615227729
35,10.659337503764732,-25.088893931513148,-5.1670375824231895e-05,29.73467432599403,-0.00022684489529904703,1.239275633224679e-07,-15.903568267822266,0.0004611524345818907,-7.681781768798828,-0.00011826358968392015,-9.251677693100646e-05,5.365971810533665e-05,0.0004470844578463584,0.002509600017219782,0.0,0.0,0.00011248544615227729
36,13.758618050838509,-9.084012117342137,0.00012999814727438844,14.652194789226368,0.0002645205887691999,1.4810132142883958e-07,-15.725369453430176,0.000613623415119946,-7.396129131317139,0.00013679808762390167,0.00018554076086729765,0.00019070861162617803,0.0003918605507351458,0.002713399939239025,0.0,0.0,0.00011248544615227729
37,6.5151921682484275,-8.234971706334711,-0.00010861316130354283,26.388185140425897,-0.00046483281753878606,1.7361479365263222e-07,-15.566427230834961,0.0006939203012734652,-7.273153305053711,-0.0002423253608867526,-0.00020624832541216165,0.00013507493713404983,0.0003556183655746281,0.0026257000863552094,0.0,0.0,0.00011248544615227729
38,11.397838804185099,-25.2580933826073,-0.0001817036186050539,12.995216064763278,-9.708445480770905e-05,1.5075255532792653e-07,-15.707626342773438,0.0005586761981248856,-7.489940643310547,-5.085385782876983e-05,-0.00025351435760967433,0.0001156561411335133,0.00039295991882681847,0.0026255000848323107,0.0,0.0,0.00011248544615227729
39,5.302469262696288,-6.942454694013919,-4.191619583030272e-05,-9.066852511396835,0.0002395158552115955,3.368063516973052e-08,-17.206342697143555,0.0002603244502097368,-8.253582000732422,0.00012554522254504263,-3.3872551284730434e-05,0.00018208255642093718,1.9730807252926752e-05,0.005393099971115589,0.0,0.0,0.00011248544615227729
40,11.925533829004884,-3.9278032355359467,-7.111084573302792e-06,-7.505237322861793,0.000293643569700246,1.1968388946570485e-07,-15.938411712646484,0.0004294153186492622,-7.753086090087891,0.00015111046377569437,-8.225656529248226e-06,0.00042447829036973417,0.00011568013724172488,0.002009600051678717,0.0,0.0,0.00011248544615227729
41,1.9340314125196811,19.080361024386175,3.824859594648787e-05,-17.34470438285988,0.00047223187277794365,1.9136007267661626e-07,-15.469108581542969,0.000556661281734705,-7.493553638458252,0.000243478047195822,2.142839912266936e-05,0.0005073898355476558,7.611981709487736e-05,0.002602800028398633,0.0,0.0,0.00011248544615227729
42,4.943284135637123,8.199075024192322,-1.4790126669557551e-05,-29.92562698062395,0.0003013317584322229,7.949599023504561e-08,-16.347558975219727,0.0003908931976184249,-7.847076416015625,0.00015596977027598768,2.642645995365456e-07,0.00022444016940426081,0.0002448781451676041,0.0020814999006688595,0.0,0.0,0.00011248544615227729
43,3.922114717984157,-8.277229923704722,-7.6443297704427e-06,15.161217915149642,-0.00029447607498317023,3.489302713433062e-08,-17.170978546142578,0.00025265978183597326,-8.283466339111328,-0.0001531780872028321,-1.4321396520244889e-05,2.2135480321594514e-05,0.00014818507770542055,0.002681800047867,0.0,0.0,0.00011248544615227729
44,10.167772766205264,-28.73607532025079,5.439802999937773e-06,14.129739342695796,-0.00044501196768317,1.9679340823586244e-07,-15.44111156463623,0.0005387173732742667,-7.52631950378418,-0.00023148975742515177,1.7421512893633917e-05,4.708244887297042e-05,0.0005325298407115042,0.002518499968573451,0.0,0.0,0.00011248544615227729
45,3.0161776771352735,-9.134889579213084,-3.002360141257361e-05,21.790647720855176,-0.0005578618701113186,1.0420042428904708e-07,-16.076950073242188,0.00047362688928842545,-7.655090808868408,-0.0002905883302446455,-5.374020474846475e-05,0.00011693862325046211,0.00014165810716804117,0.002005100017413497,0.0,0.0,0.00011248544615227729
46,2.3807930535182242,9.473379205039379,-1.4490429702691986e-05,-0.9727782762169032,-0.00020842826886217775,7.640562671440421e-08,-16.387208938598633,0.00036883496795780957,-7.905161380767822,-0.00010896837920881808,-2.0992743884562515e-05,0.0001550281303934753,0.0003227195702493191,0.0027528000064194202,0.0,0.0,0.00011248544615227729
47,16.987248763878174,-10.405090895026094,4.075497112197456e-05,-5.2060422524437655,0.0002220891930430157,3.371886521108536e-07,-14.902623176574707,0.0005726786912418902,-7.465185642242432,0.00011234419798711315,3.6599150917027146e-05,0.0008027818985283375,4.468874249141663e-05,0.0021256000036373734,0.0,0.0,0.00011248544615227729
48,4.186850317209339,-0.665830155005039,2.4835724159281885e-05,-16.43930489218151,-6.373493589481152e-05,1.4406364989838494e-08,-18.05559539794922,0.0001473053707741201,-8.823002815246582,-3.2252512028208e-05,1.6128737115650438e-05,0.0001565437560202554,4.1304501792183146e-05,0.005400000023655593,0.0,0.0,0.00011248544615227729
49,0.8421401905235365,9.742042172699229,-1.554489295369018e-05,-15.817436361436993,-0.0003174684894166424,2.8875740909484193e-08,-17.36026382446289,0.00021351527539081872,-8.451802253723145,-0.00016514190065208822,-1.0510894753679167e-05,4.559858643915504e-05,3.0126384444884025e-05,0.0024031999055296183,0.0,0.0,0.00011248544615227729
50,0.19222574429983558,12.620882222628834,7.834379872281345e-05,-18.37120918985555,-0.00036145327091278805,4.8106493011346174e-08,-16.8498477935791,0.0003073317639064044,-8.0875825881958,-0.00018845271551981568,4.4665961468126625e-05,0.00014555337838828564,2.8727772587444633e-06,0.0021148999221622944,0.0,0.0,0.00011248544615227729
51,6.764288394042208,5.79943661372358,0.00016059455743853824,-6.848309694685925,-0.00036374755767016394,1.1032204838556936e-07,-16.019861221313477,0.0005618673749268055,-7.4842448234558105,-0.00018998337327502668,0.00013593713811133057,0.00022708342294208705,0.00024481021682731807,0.002665499923750758,0.0,0.0,0.00011248544615227729
52,-0.40954553411665456,-5.249869766372945,-6.095999772554588e-05,5.445519112159774,-0.0005509756079822867,1.1997272508779133e-07,-15.936001777648926,0.0005073088686913252,-7.586390495300293,-0.0002853374753613025,-7.500014180550352e-05,0.0002534122031647712,4.053029988426715e-05,0.00203999993391335,0.0,0.0,0.00011248544615227729
53,4.45390640279242,2.0193856612982093,3.669490082036439e-05,-23.49714452407039,-0.00021338554056532722,2.358277839675793e-08,-17.5627498626709,0.0002307414833921939,-8.374212265014648,-0.00011039384844480082,1.8499733414500952e-05,7.575683412142098e-05,0.00012793895439244807,0.0026583001017570496,0.0,0.0,0.00011248544615227729
54,-8.117191880171196,4.60912318540953,-2.9973314506772434e-05,-19.876751018301515,-0.0005195805599075148,5.785860253126884e-07,-14.362678527832031,0.0008113738149404526,-7.116781711578369,-0.00026575435185804963,-1.5000438907009084e-05,0.0010062019573524594,5.503598731593229e-05,0.0026591999921947718,0.0,0.0,0.00011248544615227729
55,4.3343176389494635,-0.5619740448406697,4.051195624058567e-05,-14.980815607896687,-0.00013588639223058072,1.389637915849562e-08,-18.091636657714844,0.00017060773097909987,-8.676143646240234,-6.990687688812613e-05,2.7010375561076216e-05,0.000127071762108244,2.030917130468879e-05,0.005432800040580332,0.0,0.0,0.00011248544615227729
56,6.665092090763549,23.04246441384416,3.0671684333613545e-05,-29.57255449796679,-0.00020465095189415092,4.3508964608918177e-07,-14.647713661193848,0.0007073918241076171,-7.253925800323486,-0.00011004450789187104,1.4273846318246797e-05,0.0008708258392289281,0.0002953211369458586,0.0020981000270694494,0.0,0.0,0.00011248544615227729
57,13.41765988493933,-13.689454752172972,3.0231348385689837e-05,-11.661233338856624,-0.00027114464971600156,2.087985535581538e-07,-15.381896018981934,0.0005321839707903564,-7.5385212898254395,-0.00014318856119643897,2.483187745383475e-05,0.0005988205084577203,0.00012950650125276297,0.0027326999697834253,0.0,0.0,0.00011248544615227729
58,11.719653293226957,8.675563886619413,0.0001038655586702751,-28.497758183592893,-0.00016675208870072888,3.6396880886968574e-07,-14.826197624206543,0.0006729373126290739,-7.303858280181885,-8.980245911516249e-05,3.844596722046845e-05,0.0007849809480831027,0.00030439678812399507,0.0027031999779865146,0.0,0.0,0.00011248544615227729
59,7.60101658371503,1.9537676299615439,3.5946150689077106e-05,-0.3009498378385734,-4.7106077471266496e-05,7.19235231372295e-08,-16.447662353515625,0.0003119392495136708,-8.072702407836914,-2.5153036403935403e-05,3.186920002917759e-05,0.00018216732132714242,0.0003276666975580156,0.0025400000158697367,0.0,0.0,0.00011248544615227729
60,7.804657363060029,0.7955633047948866,4.098416472020008e-05,-22.30970772030668,9.43693617199459e-05,3.758358602112821e-08,-17.096698760986328,0.00024965626653283834,-8.295425415039062,4.8371581215178594e-05,2.1633202777593397e-05,0.00022966269170865417,0.0001296403061132878,0.0020748000824823976,0.0,0.0,0.00011248544615227729
61,-26.927504949207723,24.95910767090172,0.001346129322649032,-4.206654177925435,0.0009354740634952048,2.501376911823172e-06,-12.898669242858887,0.002550452249124646,-5.971484661102295,0.00048288918333128095,0.001285858335904777,0.0008425427949987352,0.0007208664319477975,0.0021069999784231186,0.0,0.0,0.00011248544615227729
62,23.07817497532116,-14.443483521590199,-0.0005575056796236288,-6.1986322212186025,0.0023851629665958716,2.8633435249503236e-06,-12.763520240783691,0.0025014106649905443,-5.99090051651001,0.0012343503767624497,-0.0004961900995112956,0.00147746573202312,6.427467451430857e-05,0.0027188999811187387,0.0,0.0,0.00011248544615227729
63,-20.089954797805365,11.568190616891426,8.783583356632056e-05,-2.5920092354013984,0.003343017045883111,3.1755116651766002e-06,-12.660041809082031,0.0022064826916903257,-6.1163554191589355,0.0017399260541424155,9.351060725748539e-05,0.0003568815882317722,0.0003892105014529079,0.002647200017236173,0.0,0.0,0.00011248544615227729
64,9.585798268068004,-13.912583573191164,-5.612078486466517e-05,0.5793924414462382,-0.00023338667149689564,2.5181325469247895e-08,-17.497163772583008,0.0002567264891695231,-8.267498970031738,-0.0001216194432345219,-5.9851408877875656e-05,0.00010908512194873765,4.142614488955587e-05,0.0026587999891489744,0.0,0.0,0.00011248544615227729
65,-0.15610864780818964,0.4723699420741468,0.00040720949307826546,1.8576030277756483,-0.00018737162474067492,2.3281290850718506e-07,-15.273030281066895,0.0006877634441480041,-7.282065391540527,-9.666811092756689e-05,0.0004511732258833945,0.00015816233644727618,0.00012168195098638535,0.002107500098645687,0.0,0.0,0.00011248544615227729
66,-21.987852688714558,-10.148682508324493,0.0005023528785703075,25.98881235702618,0.0009277465458040188,1.549959733893047e-06,-13.377281188964844,0.002083328552544117,-6.173788547515869,0.00047972198808565736,0.0009292288450524211,0.000634688651189208,0.0007140664383769035,0.0031841000309213996,0.0,0.0,0.00011248544615227729
67,4.578634774021656,-0.12152444916817155,-6.515721888017099e-05,-13.522163362287401,-0.0002047975617511892,1.654301229336852e-08,-17.917301177978516,0.00019471842097118497,-8.54395580291748,-0.00010595296043902636,-4.557456122711301e-05,8.026498835533857e-05,6.116817985457601e-06,0.0028776999097317457,0.0,0.0,0.00011248544615227729
68,-28.39284300425576,27.723562244602405,0.00027622130032052756,3.8212459071984095,0.0004183151556470534,1.452398691981216e-06,-13.442294120788574,0.0016904883086681366,-6.382737636566162,0.00021291678422130644,0.00034301987034268677,0.0010877016466110945,0.0011814017780125141,0.002643899992108345,0.0,0.0,0.00011248544615227729
69,9.101824520378976,-10.304800991269683,-5.96780768591995e-05,-16.88124738053576,-0.00022613321437833466,3.195508213593712e-08,-17.258934020996094,0.0002819021756295115,-8.1739501953125,-0.00011778248881455511,-3.404044400667772e-05,0.0001283468009205535,0.00013181171379983425,0.002658699988387525,0.0,0.0,0.00011248544615227729
70,5.549290075168909,-3.766444175062402,-9.077983004299798e-05,-1.2470872134148856,-0.00028896088258572705,4.0507650567178644e-08,-17.021774291992188,0.0003224782703910023,-8.039474487304688,-0.00015002524014562368,-9.574121213518083e-05,2.240717913082335e-05,0.00013101646618451923,0.0021229999838396907,0.0,0.0,0.00011248544615227729
71,6.609274316957212,-13.225521890786924,-0.00010949053704120965,19.582083338620123,-0.00017543606607822108,4.5785601088255135e-08,-16.899295806884766,0.00034248363226652145,-7.9792866706848145,-9.150896948995069e-05,-0.00017988175386562943,7.084713433869183e-05,7.133870531106368e-05,0.0027246999088674784,0.0,0.0,0.00011248544615227729
72,7.369208394112038,11.428346072338543,-0.00018269652578277646,-3.805287386067547,-0.00032627881255298876,2.232826545878197e-07,-15.314826965332031,0.0007498390041291714,-7.195652008056641,-0.00017099734395742416,-0.00018321372044738382,0.0003327482263557613,0.00045850759488530457,0.002464700024574995,0.0,0.0,0.00011248544615227729
73,-17.5942021544094,18.421254587278835,0.00040607673532927474,-17.90107880931744,0.0003906484473390735,1.0338710154655928e-07,-16.08478546142578,0.0005024746642448008,-7.595965385437012,0.00020310272520873696,0.00023856385087128729,2.1743388060713187e-05,9.987279190681875e-05,0.0036588000366464257,0.0,0.0,0.00011248544615227729
74,-12.581417637859849,25.25504011226811,0.0004101636770424046,-23.23993441196033,-0.00014136328950524758,4.1315900034533115e-07,-14.699433326721191,0.0007080998038873076,-7.252925395965576,-7.71369450376369e-05,0.00018421448476146907,0.0008635094272904098,2.9987373636686243e-05,0.00539180007763207,0.0,0.0,0.00011248544615227729
75,3.828005499831326,-8.244961461447865,2.659770746158607e-05,2.2330303141728893,-0.0001101129522555278,2.0745307693914583e-08,-17.690946578979492,0.00019499953486956656,-8.542513847351074,-5.636347850668244e-05,2.9037732019787654e-05,0.00017825313261710107,4.0943516069091856e-05,0.0021460000425577164,0.0,0.0,0.00011248544615227729
76,-19.271672765567633,21.379967617559544,0.0004652428198898291,-3.962152279105379,0.0014988685309486904,9.958258715414559e-07,-13.819693565368652,0.0016605205601081252,-6.4006242752075195,0.0007774396799504757,0.00044985421118326485,0.0004700947611127049,0.0003963586932513863,0.0021704999962821603,0.0,0.0,0.00011248544615227729
77,2.5191458620934,-18.32856692872619,1.2103286304255134e-05,-14.579581167037738,1.4821351897254626e-05,5.74747843984369e-07,-14.36933422088623,0.0006371550844050944,-7.358497619628906,1.2548319318739232e-05,1.1107554200862069e-05,0.001058567431755364,0.00016843093908391893,0.0021249999990686774,0.0,0.0,0.00011248544615227729
78,4.576900232561833,-13.83512323134983,-4.940426787560128e-05,7.0018969027868305,-5.725932194683659e-05,1.922823855693423e-08,-17.76688575744629,0.0001982907997444272,-8.525775909423828,-2.8960055715288036e-05,-6.140843470348045e-05,0.00016243226127699018,5.3412335546454415e-05,0.00527449999935925,0.0,0.0,0.00011248544615227729
79,6.72119950665133,0.9647121849744371,4.664469984770802e-05,-21.681969215750687,6.339135243299226e-05,1.5759555438421557e-08,-17.965818405151367,0.00017596434918232262,-8.64522933959961,3.270202432759106e-05,2.4738992578932084e-05,0.0001240311685251072,0.00011301547783659771,0.0027933999663218856,0.0,0.0,0.00011248544615227729
80,7.420131640942754,-12.450598270357464,7.366037316875648e-05,-5.846556968880664,7.2573254675456714e-06,1.0148787588093455e-08,-18.405912399291992,0.00014636263949796557,-8.829422950744629,4.350022663857089e-06,6.75879928166978e-05,7.918951450847089e-05,6.965971988392994e-05,0.002981600002385676,0.0,0.0,0.00011248544615227729
81,-6.071314695744915,13.358727005135966,7.470826580893948e-07,-23.25555103731288,6.87767337169208e-05,1.4152777616516232e-08,-18.073354721069336,0.0001400587789248675,-8.873448371887207,3.652161103673279e-05,1.3095024087306228e-06,0.00015087680367287248,5.357852569431998e-05,0.0056105999974533916,0.0,0.0,0.00011248544615227729
82,26.95273882630431,23.455057357489885,-0.00026829170025484005,-28.347216236326094,0.0007662922701692253,8.478918402943236e-07,-13.980512619018555,0.0012600594200193882,-6.676596641540527,0.00039412110345438123,-7.660211122129112e-05,0.0010416075820103288,0.0005370647995732725,0.004772800020873547,0.0,0.0,0.00011248544615227729
83,10.007351414052753,-12.859471420552085,0.00011430389202556568,-4.7186406541593096,0.00010853773204512705,3.029850148550395e-08,-17.31216812133789,0.0002752582367975265,-8.197800636291504,5.598077041213401e-05,0.0001074870815500617,0.00016759440768510103,5.598637289949693e-05,0.0026412999723106623,0.0,0.0,0.00011248544615227729
84,3.57446322584264,-3.475156259937984,-0.00011293682765387145,5.45683305843206,-2.9864759432522443e-05,3.696675321407383e-08,-17.11324691772461,0.0002689709945116192,-8.220907211303711,-1.5229729797283653e-05,-0.00014063830894883722,4.857858584728092e-05,0.00017762732750270516,0.0026385000674054027,0.0,0.0,0.00011248544615227729
85,0.5231182397990386,15.449903454936791,-5.7505096458488846e-05,-29.10473727218661,-8.577675534050291e-05,6.76300828672538e-08,-16.509212493896484,0.00030611592228524387,-8.091547012329102,-4.5803881221218035e-05,-1.4152356015983969e-05,0.0003149870899505913,0.00017733224376570433,0.002786800032481551,0.0,0.0,0.00011248544615227729
86,5.824245244542567,-21.3554357550307,0.00016837060917507775,-8.309337037196212,-0.00020795909579506328,1.8281889424542896e-07,-15.514769554138184,0.0006122581544332206,-7.3983564376831055,-0.00010568017023615539,0.00014455130440182984,0.0005023555713705719,0.0002216978173237294,0.0027022999711334705,0.0,0.0,0.00011248544615227729
87,-13.733800977879701,18.823550267980966,1.1828917334656344e-05,-27.037419106417087,0.00020258279176659817,1.3169142221158836e-08,-18.145389556884766,0.00014330125122796744,-8.850561141967773,0.00010514773748582229,4.269466444384307e-06,6.46531698293984e-05,3.1149245387496194e-06,0.002876700018532574,0.0,0.0,0.00011248544615227729
88,6.9236681685677315,-10.070507760743135,-7.512881877492383e-05,-21.15878519163177,0.00011293564153061563,3.537986614787769e-08,-17.157123565673828,0.00026890565641224384,-8.221150398254395,5.989090641378425e-05,-3.471879972494207e-05,0.00018873460066970438,0.0001598572707735002,0.002722800010815263,0.0,0.0,0.00011248544615227729
89,-16.562054170919975,11.562560634305283,-0.00019027671863031088,-16.569736826612125,0.00036115693935543145,3.2148602713277796e-07,-14.950311660766602,0.0007221464184112847,-7.233282566070557,0.00019098311895504594,-0.0001158361992565915,0.0007301236037164927,0.00010053056030301377,0.00236909999512136,0.0,0.0,0.00011248544615227729
90,18.373796763050567,14.059686184343429,0.0003734683439897179,-23.462827877358418,0.0026907378947829716,2.535751718824031e-06,-12.88502025604248,0.0021614485885947943,-6.136976718902588,0.0013948938576504588,0.00016778970893938094,0.001049708342179656,0.00014782151265535504,0.0022136999759823084,0.0,0.0,0.00011248544615227729
91,-0.05390391846532463,10.011744634179383,4.020222795340659e-05,-12.661802288856645,-1.5170733760792529e-05,3.881464927246725e-09,-19.367053985595703,8.744395745452493e-05,-9.344511985778809,-7.911218744993676e-06,2.7552301617106423e-05,3.3065305615309626e-05,7.089557038852945e-05,0.0021372000919654965,0.0,0.0,8.744395745452493e-05
92,2.799067602189595,-2.334107105671563,9.718319163172794e-07,-5.948450334410092,-4.1130047995947786e-05,2.3900959433831304e-08,-17.549346923828125,0.00015307606372516602,-8.784575462341309,-2.0335730368969962e-05,-2.3087579847924644e-07,0.0002095069212373346,5.551200592890382e-05,0.002774400054477155,0.0,0.0,8.744395745452493e-05
93,5.308243213707177,-4.524803108523842,-0.00014000946340840198,-29.307681593905805,0.0023097724667703236,1.514294581284048e-06,-13.40056037902832,0.0014950849581509829,-6.505572319030762,0.0012026961194351315,-3.777834353968501e-05,0.0002941433049272746,0.00021507765632122755,0.005428300006315112,0.0,0.0,8.744395745452493e-05
94,-16.30817341537457,25.065556374562302,5.317020605136138e-05,-28.939354562099595,0.00022452918038793121,3.928860792257183e-07,-14.749746322631836,0.0005884619895368814,-7.437998294830322,0.00011310762056382373,1.558091025799513e-05,0.0008702102350071073,4.933674063067883e-05,0.002989300061017275,0.0,0.0,8.744395745452493e-05
95,9.655378222791585,-1.3036423257561291,-4.76125341359525e-05,4.821228865208416,9.424532509026022e-05,1.0799097793778856e-07,-16.041217803955078,0.00041591061744838953,-7.785040378570557,4.823498602490872e-05,-6.432824011426419e-05,0.00020584557205438614,0.0004008492105640471,0.002686500083655119,0.0,0.0,8.744395745452493e-05
96,11.77435884547375,-9.569150495079718,-2.1269860119016754e-05,-14.396925490501982,0.00027531450873381324,1.2882053113116854e-07,-15.864845275878906,0.0004311374214012176,-7.749083518981934,0.00014155925600789487,-1.2608561519300565e-05,0.0004556043422780931,9.83348727459088e-05,0.002243199967779219,0.0,0.0,8.744395745452493e-05
97,5.200236604333566,4.225273064847134,9.139512495103494e-06,-8.079339056953284,1.0180057394557019e-05,1.9589206701198236e-08,-17.748287200927734,0.00014731084229424596,-8.822965621948242,4.9560267143533565e-06,4.683459337684326e-06,0.0001133956975536421,0.00016194701311178505,0.0027296999469399452,0.0,0.0,8.744395745452493e-05
98,-13.943489458280608,11.793320949034147,0.00019277059247733947,-29.015169117113242,0.0003082010433570152,4.747018920170376e-07,-14.560579299926758,0.0007034622831270099,-7.259496212005615,0.00016438848979305476,5.857257929164916e-05,0.0009424169547855854,1.8585435100249015e-05,0.0027879999252036214,0.0,0.0,8.744395745452493e-05
99,-4.1567266409499615,11.655281971764019,-5.726310755582888e-05,-18.863261145130107,-2.543661378225935e-05,1.0211389955827599e-08,-18.399761199951172,0.00012353743659332395,-8.998966217041016,-1.254924154636683e-05,-3.155451486236416e-05,0.0001318599097430706,2.7007459721062332e-05,0.002369399997405708,0.0,0.0,8.744395745452493e-05
100,3.4796658190751635,-9.944205779088158,-4.713514274658926e-05,-7.118033008753651,-0.0001006833021310211,9.242436505019214e-08,-16.196874618530273,0.0003275098279118538,-8.023992538452148,-5.036684524384327e-05,-3.990442928625271e-05,0.0004161604738328606,5.8316629292676225e-05,0.005453599966131151,0.0,0.0,8.744395745452493e-05
0,10.0,-10.0,0.0,10.0,0.0,2.664279996622554e-08,-17.440746307373047,0.00016519649943802506,-8.708374977111816,-4.810091240869951e-07,-3.472792968750582e-06,0.00013611702888738364,0.00018636837194208056,0.0060789999552071095,0.0,1.0,0.00016519649943802506
1,-30.0,30.0,-0.006,-30.0,0.006,1.4406073205464054e-05,-11.147860527038574,0.0058969492092728615,-5.133320331573486,0.0031119210179895163,-0.001689643133431673,0.001912244246341288,0.0002785257820505649,0.002092899987474084,0.0,1.0,0.00016519649943802506
2,27.765593191919837,-5.117436211568484,0.00384998243109952,24.04417983393055,-0.0030436924505737244,4.949579306412488e-05,-9.913622856140137,0.009167751297354698,-4.692063331604004,-0.0015822888817638159,0.006769645493477583,0.00010977334750350565,0.0015218615299090743,0.0026865999680012465,0.0,1.0,0.00016519649943802506
3,19.026618134940907,-14.568716770428225,-0.0016821345271964907,-1.8852502237764712,0.0013181945801441696,3.768041779039777e-06,-12.4889554977417,0.0028488202951848507,-5.8608503341674805,0.0006818452966399491,-0.0016983011737465858,0.0009150444529950619,2.2303103833110072e-05,0.005410499987192452,0.0,1.0,0.00016519649943802506
4,-7.472636933471151,-17.028883988369184,-0.00010168186854351642,2.081009654706772,0.00013810218354378214,8.957035788625944e-07,-13.92565631866455,0.0009433622471988201,-6.966060161590576,7.751045632176101e-05,-0.00011039636592613533,0.001309346640482545,0.00020156412210781127,0.002651299932040274,0.0,1.0,0.00016519649943802506
5,12.05542109437397,-3.304320563338191,-0.00040645509116445815,3.0195273836620955,-0.003922549197504469,4.4997850636718795e-06,-12.311480522155762,0.002845936920493841,-5.861863136291504,-0.0020408977288752794,-0.00047251503565348685,0.0003064656921196729,0.00035858250339515507,0.0026326000224798918,0.0,1.0,0.00016519649943802506
6,14.781929434091492,6.635064995718627,1.1965494513956952e-05,22.09502264299724,0.003569178731764919,4.73502223030664e-06,-12.260523796081543,0.0026975844521075487,-5.915398597717285,0.001855689100921154,-8.496130249113776e-06,6.0861926613142714e-05,0.0016059366753324866,0.0025053999852389097,0.0,1.0,0.00016519649943802506
7,27.173226940662307,-23.671758747583876,0.0003219588033352107,5.416754006712145,0.0008464203365558448,1.295129777645343e-06,-13.556900024414062,0.0016729458002373576,-6.393169403076172,0.00043474530684761703,0.00039713463047519326,0.0013320023426786065,0.00035012938315048814,0.002571800025179982,0.0,1.0,0.00016519649943802506
8,-20.737305126145692,-27.23560605176859,-0.00044024995775328486,26.165175747669068,-0.0004929181922760398,9.550915365252877e-07,-13.861458778381348,0.001551200170069933,-6.46872615814209,-0.0002587654162198305,-0.0007987393764778972,0.0005737720057368279,0.0004136187781114131,0.00283140002284199,0.0,1.0,0.00016519649943802506
9,13.694370111512834,21.105592599675994,-0.000211266406790087,22.50865775056673,-0.0003713878858548668,3.422085455895285e-06,-12.585260391235352,0.0019025432411581278,-6.26456356048584,-0.0001934374013217166,-0.0004086426051799208,6.495769775938243e-05,0.0025359687861055136,0.0030490000499412417,0.0,1.0,0.00016519649943802506
10,24.97371763036869,-0.40300174160689894,-0.00012287071421836473,-26.556009434048782,3.911142534728291e-05,2.4683586161700077e-06,-12.911956787109375,0.001336940680630505,-6.617371559143066,1.146147224062588e-05,-3.796487726503983e-05,0.002187010133638978,0.000388018466765061,0.0020155999809503555,0.0,1.0,0.00016519649943802506
11,15.382196368131385,-2.915791830292608,-0.00027252606682797034,27.932700980420424,-0.00013175721841678035,9.754650136528653e-07,-13.840351104736328,0.0012131589464843273,-6.714527606964111,-6.835799285909161e-05,-0.0005350436549633741,5.0546797865536064e-05,0.0011689679231494665,0.0022089999401941895,0.0,1.0,0.00016519649943802506
12,-8.167212376284732,-24.03387364103141,0.0005728211739317885,23.76410690134435,-0.0005012205103237109,1.193685420730617e-06,-13.63846492767334,0.0015632740687578917,-6.460972785949707,-0.00026134532527066767,0.001013540313579142,0.00016610929742455482,0.00041066770791076124,0.002651300048455596,0.0,1.0,0.00016519649943802506
13,1.8058527836652678,-9.001018290470197,-7.609101882877639e-05,-18.406783973741835,0.00019922526641652312,3.6362789046506805e-07,-14.82713508605957,0.0006199036724865437,-7.385946273803711,0.00010741788719315082,-4.138880831305869e-05,0.0008294876897707582,0.00011270627874182537,0.002790300059132278,0.0,1.0,0.00016519649943802506
14,11.743018189855459,-19.508643940042962,-0.0002748745646532515,-10.89768503316864,-0.00021097022234663302,1.387060137858498e-07,-15.790908813476562,0.0005997094558551908,-7.419065475463867,-0.00011078808165621012,-0.00020671806123573333,0.0003459287399891764,0.00021847794414497912,0.002114500035531819,0.0,1.0,0.00016519649943802506
15,2.645545676927618,-27.520185181088376,-0.00024062286171699657,-14.190475266058808,0.00036219392172699537,1.1334076361890766e-06,-13.690281867980957,0.0011964882723987103,-6.72836446762085,0.00019488662655930966,-0.00015915870608296245,0.0014427638379856944,0.00024212209973484278,0.002526500029489398,0.0,1.0,0.00016519649943802506
16,-9.405899406170025,-1.7618254775713715,-3.3527051124507635e-05,-3.796396230521328,-8.651860043853391e-05,4.5109774760021537e-07,-14.611581802368164,0.0005982872098684311,-7.4214396476745605,-4.088872083229944e-05,-3.025469050044194e-05,0.00094021757831797,0.0001140701278927736,0.002137599978595972,0.0,1.0,0.00016519649943802506
17,-6.159537741760439,-6.729420365471395,-3.3585492125144446e-05,-2.856503315800076,-0.0004737927967519929,5.256733288661053e-07,-14.458585739135742,0.0008030282333493233,-7.127120494842529,-0.00024215938174165785,-3.140882108709775e-05,0.0009604098158888519,9.8510216048453e-05,0.00547450000885874,0.0,1.0,0.00016519649943802506
18,2.1056039041254135,-9.553742012590746,-0.00011597406244353787,29.6780025448815,0.0001254943321468599,1.05847661302505e-07,-16.061264038085938,0.0005042059347033501,-7.592525959014893,6.400646088877693e-05,-0.00022796144185122102,0.0002810815640259534,0.0001433945435564965,0.0026502000400796533,0.0,1.0,0.00016519649943802506
19,-4.081113147001356,-8.98494081141639,-0.0001401392043568606,-13.205236526686813,0.0003059059160903956,1.0151786682399688e-06,-13.800445556640625,0.001007319544441998,-6.900462627410889,0.00016522067016921937,-9.719677473185584e-05,0.0013957127230241895,9.409143240191042e-05,0.0020613999804481864,0.0,1.0,0.00016519649943802506
20,7.620527234780263,-3.5645988805068463,0.0002078934483069492,16.1314948024221,-0.0002640260893610059,2.282527020724956e-07,-15.29281234741211,0.0007346779457293451,-7.216078281402588,-0.00013774276885669678,0.00030873523792251945,0.0001124074260587804,0.00046399241546168923,0.0025441000470891595,0.0,1.0,0.00016519649943802506
21,-6.291158445453334,-3.1342431333866827,6.910141135535493e-05,-15.675517638381748,-0.00047644785934684495,9.492752610640309e-07,-13.86756706237793,0.0009893131209537387,-6.91849946975708,-0.00024191012198571116,4.553889812086709e-05,0.0013312032679095864,7.252494833664969e-05,0.0029087000293657184,0.0,1.0,0.00016519649943802506
22,0.3501901393166911,-25.2694376896607,-0.0002985571969483507,13.448535581107496,-0.0006587163333273057,4.30624311320571e-07,-14.658029556274414,0.0011315883602946997,-6.784132957458496,-0.00034088827669620514,-0.0004254827508702874,0.00036563375033438206,0.00036480106064118445,0.0021171000553295016,0.0,1.0,0.00016519649943802506
23,1.8026630561773982,-15.664940286131833,-0.00011731220727405154,24.251253842562615,0.0002877987050340076,8.301002196731133e-08,-16.304304122924805,0.0004888054099865258,-7.623546123504639,0.00014897961227688938,-0.0002060815313598141,0.00015514476399403065,0.00011234373960178345,0.0026111999759450555,0.0,1.0,0.00016519649943802506
24,-13.933031023556845,3.171550052922193,8.635523426166479e-05,22.315229099793882,0.0005153142405412138,2.5142713866443955e-07,-15.196112632751465,0.0008154228562489152,-7.1118035316467285,0.00026642042212188244,0.0001547805586596951,0.00036136782728135586,0.0004270759236533195,0.001997999963350594,0.0,1.0,0.00016519649943802506
25,0.9057986965747375,-9.096847282339416,-8.262602634482203e-05,28.02462382180579,0.0002609118869802929,8.624265035450662e-08,-16.266101837158203,0.00048169289948418736,-7.6382036209106445,0.00013446176308207214,-0.00015824359434191138,0.00027504193712957203,0.00010293308878317475,0.0020067000295966864,0.0,1.0,0.00016519649943802506
26,8.247323708832349,29.92952522126499,0.0008084817766511088,-6.6984735943302285,0.0005042076712442496,1.0730343547038501e-06,-13.745019912719727,0.001673528691753745,-6.392820835113525,0.0002594366669654846,0.0006958759040571749,0.0006430548382923007,0.0007933774031698704,0.0021382999839261174,0.0,1.0,0.00016519649943802506
27,2.4371452311177655,-1.5196866818477348,-0.0004544647206245744,1.0967835367350194,6.226713665813093e-05,2.6652691076378687e-07,-15.13779067993164,0.0006584895891137421,-7.325562000274658,3.29600261466112e-05,-0.0004992447211407125,0.00011055581853725016,0.00014201387239154428,0.002556899911724031,0.0,1.0,0.00016519649943802506
28,-5.571850360713881,-12.042280910934839,1.772816153320407e-05,12.149757563693711,0.0008310854486211566,2.7435211791271286e-07,-15.108853340148926,0.000735065492335707,-7.215550899505615,0.00043382326839491725,2.778479756671004e-05,0.0003764066204894334,0.00017050823953468353,0.0021442000288516283,0.0,1.0,0.00016519649943802506
29,6.882483062400761,-3.009177297016077,0.00022229204941036587,-19.269345353697194,0.00040194842029126024,6.430561683146152e-08,-16.55961799621582,0.0003974059072788805,-7.830552577972412,0.00020918360678479075,0.00012362025154288858,3.154987280140631e-05,9.765419963514432e-05,0.0021155000431463122,0.0,1.0,0.00016519649943802506
30,0.2446117003325301,5.279047957870284,0.00012757542390284845,-1.5109131694578086,0.0005080684498852517,1.0205781819649928e-07,-16.097726821899414,0.0004989501903764904,-7.603004455566406,0.00026445931871421635,0.00012681676889769733,4.101911690668203e-05,0.00017432906315661967,0.0021319000516086817,0.0,1.0,0.00016519649943802506
31,5.091629260102484,-7.367099601775307,0.0002607633006664259,-10.717097292075113,0.0005240357422195002,1.4360374223088002e-07,-15.756208419799805,0.0006130445981398225,-7.397072792053223,0.0002737263566814363,0.0002017349615925923,0.00023272247926797718,4.2444062273716554e-05,0.0020718000596389174,0.0,1.0,0.00016519649943802506
32,15.06314376038691,-9.782962134033971,0.00017726130990811974,-16.00224435834843,-0.00010494026426764165,4.1096305380960985e-07,-14.70476245880127,0.0006754144560545683,-7.30018424987793,-5.79348998144269e-05,0.00011434210318839177,0.0008791496511548758,0.00012712535681203008,0.00543739995919168,0.0,1.0,0.00016519649943802506
33,5.527771500576727,5.596026044505615,3.790159648765359e-05,-19.86877101814583,0.0002337174658861122,3.0294216912807315e-08,-17.31230926513672,0.000251387624302879,-8.288514137268066,0.00012102897744625807,2.1117173673701473e-05,0.00016639535897411406,5.2087583753746e-05,0.0025098000187426805,0.0,1.0,0.00016519649943802506
34,7.4830081042113905,-2.8057633306637695,-2.887249235117028e-05,-0.40009803668899574,0.0004288271486177844,7.729557438551637e-08,-16.375629425048828,0.0004126394633203745,-7.792936325073242,0.00022267269378062338,-3.410554563743062e-05,0.00010835815191967413,0.0002033642667811364,0.0026132999919354916,0.0,1.0,0.00016519649943802506
35,4.226302420654341,-8.103608379087008,-2.3801082529257843e-05,-3.5616344166684772,0.000396332994730207,7.143058411429593e-08,-16.454540252685547,0.00035047082928940654,-7.956233024597168,0.00020728058007080108,-2.307899558218196e-05,0.00023632653756067157,3.895986083080061e-06,0.0020149999763816595,0.0,1.0,0.00016519649943802506
36,5.953218233989089,16.093568784905713,-5.872625400288986e-06,-28.71224411355207,3.559724221695436e-05,2.1094302837809664e-07,-15.37167739868164,0.00044155094656161964,-7.725217342376709,1.6098552805487998e-05,2.589349605841562e-06,0.0006013679667375982,0.00024435811792500317,0.002753900014795363,0.0,1.0,0.00016519649943802506
37,0.4606019910818924,17.36377567682256,-9.020997676913707e-06,-19.235650568346777,0.00031746392934931526,1.0738293099166185e-07,-16.046865463256836,0.0003758491366170347,-7.886322498321533,0.00016346552001778036,-5.230004717304837e-06,0.0004013751167804003,1.293208151764702e-05,0.0026436999905854464,0.0,1.0,0.00016519649943802506
38,-8.01702973401804,25.496643228289773,-2.674075842207847e-05,-8.675171028942014,-0.000279898244262036,3.0000717288203305e-07,-15.01945972442627,0.0005653516855090857,-7.478062629699707,-0.0001486883993493393,-2.3142776626627892e-05,0.000743527605663985,4.351339157437906e-05,0.0026185999158769846,0.0,1.0,0.00016519649943802506
39,-4.670369150625957,27.45256846020351,2.411744088301596e-06,-23.987292694576308,0.0005772230277297495,6.21040726400679e-07,-14.291869163513184,0.0008368157432414591,-7.085906505584717,0.0002957979741040617,1.8750841945802676e-06,0.0010319569846615195,4.632837590179406e-05,0.002647100016474724,0.0,1.0,0.00016519649943802506
40,1.1959414719583676,-7.638355072377814,-4.631017240442623e-05,11.221538347536885,0.0003212055301851068,3.990332686498732e-08,-17.036806106567383,0.0003171332355123013,-8.056188583374023,0.00016754200623836368,-6.531782855745405e-05,0.00010582748654996976,6.271931488299742e-05,0.0026193999219685793,0.0,1.0,0.00016519649943802506
41,6.981749807313401,5.807003516401954,-2.7585373754007193e-05,-9.418468804048224,5.1774838988643204e-05,4.94463456846006e-08,-16.822378158569336,0.0002691618865355849,-8.220197677612305,2.6022069505415857e-05,-2.5689723770483397e-05,0.00024616753216832876,0.000188732665264979,0.0022920999908819795,0.0,1.0,0.00016519649943802506
42,10.656951424881834,-19.744993156942144,-0.00011557144619235155,17.70067566125273,0.0008433266027561596,2.404123051746865e-07,-15.240910530090332,0.0007402604096569121,-7.208508491516113,0.0004382049955893308,-0.00017910024325829,8.840357622830197e-05,0.0001575068017700687,0.0026448999997228384,0.0,1.0,0.00016519649943802506
43,9.913375124887766,-3.1039282571471714,-6.82738883788678e-05,-13.30849476024332,0.0003713191398421107,8.993811917434869e-08,-16.224143981933594,0.0004008201649412513,-7.82199764251709,0.00019198475638404489,-4.8057252570288256e-05,0.000318641570629552,2.914790002250811e-06,0.002897599944844842,0.0,1.0,0.00016519649943802506
44,-26.776129032658087,-17.35239158659736,-9.351407990557565e-05,29.05187573402962,0.0016861786305106283,1.69423969964555e-06,-13.288276672363281,0.0019659828394651413,-6.231762886047363,0.0008719416800886393,-0.00016735290409997106,0.0011439415393397212,0.0007094353204593062,0.00200920004863292,0.0,1.0,0.00016519649943802506
45,-1.50959386766217,13.538639527308272,5.085066064572335e-05,-6.881956192956497,-0.0003537920211590844,6.357056747674505e-08,-16.571115493774414,0.000392543850466609,-7.842862129211426,-0.00018462768639437854,4.13113011745736e-05,0.00017100655531976372,0.00016220318502746522,0.002063699997961521,0.0,1.0,0.00016519649943802506
46,-6.024410860072514,4.7140554505664936,-8.005676853277326e-05,0.42564085574780125,-0.00015641505188273368,4.743639436810554e-08,-16.863876342773438,0.00030071669607423246,-8.109341621398926,-8.016297942958772e-05,-8.630796219222248e-05,0.00025890249526128173,9.589026376488619e-06,0.0021156000439077616,0.0,1.0,0.00016519649943802506
47,-6.469543997934843,23.079781905683568,3.097902115741494e-05,-18.777617332352555,-0.0007655085828247499,3.707236260197533e-07,-14.807808876037598,0.0007447208045050502,-7.20250129699707,-0.00040077100857160985,1.7378184566041455e-05,0.0006477494607679546,5.39381426278851e-06,0.002515600062906742,0.0,1.0,0.00016519649943802506
48,3.0936843066415536,10.829424377283537,-2.2251402539586304e-05,-3.086896891307842,2.7406748627808045e-05,7.610715613282082e-08,-16.391122817993164,0.0003085970529355109,-8.083474159240723,1.344950851489557e-05,-2.7801117539638653e-05,0.00020668948127422482,0.0003280033415649086,0.002612299984320998,0.0,1.0,0.00016519649943802506
49,4.965037173323118,-4.217466395563973,-3.993308842967745e-05,0.5074667365064841,0.00011683672140746246,1.5850897483460358e-08,-17.960039138793945,0.00019789414363913238,-8.527778625488281,6.109977402957156e-05,-4.548707511276007e-05,4.993556285626255e-05,0.00013267902249936014,0.002658699988387525,0.0,1.0,0.00016519649943802506
50,4.755041072001928,6.2532204215821485,-2.5016339600180743e-05,-21.746963086491643,-0.00012687251965253236,1.6444273498450457e-08,-17.923288345336914,0.00018386056763119996,-8.601332664489746,-6.631806900259107e-05,-1.0633832062012516e-05,0.00012935069389641285,8.446664287475869e-05,0.0031027999939396977,0.0,1.0,0.00016519649943802506
51,0.9038509856272233,-6.0873940428229165,-6.329511464232387e-05,18.36027716227589,3.7073212546445615e-05,2.35860682096245e-08,-17.56260871887207,0.00022830659872852266,-8.384820938110352,1.8999204257852398e-05,-0.00010364903573645279,6.935012788744643e-05,0.0001419665786670521,0.0022480000043287873,0.0,1.0,0.00016519649943802506
52,2.9843654517156883,9.26866299601538,-2.134041561360308e-05,6.187220707449984,-6.829780796629325e-06,1.3678025823082862e-07,-15.804889678955078,0.00037320208502933383,-7.893390655517578,-4.2626461436157115e-06,-3.542768536135554e-05,0.00017770141130313277,0.0004893221193924546,0.005908399936743081,0.0,1.0,0.00016519649943802506
53,3.0669054706837477,-8.966980273796077,-3.31499909419895e-05,-4.5387348640196965,-1.9308136104557775e-05,7.078386943248915e-08,-16.463634490966797,0.00024048914201557636,-8.33283519744873,-8.266758413810749e-06,-3.060710514546372e-05,0.00037229046574793756,3.0940100259613246e-05,0.002073200070299208,0.0,1.0,0.00016519649943802506
54,9.58208787112399,4.24785637672784,-1.0462315054514745e-05,-12.789978927309733,-5.83598846241457e-05,8.378785310014791e-08,-16.29497718811035,0.00029447529232129455,-8.130315780639648,-3.1818010029383004e-05,-9.632940418669023e-06,0.00038963090628385544,0.0001164177738246508,0.0022954000160098076,0.0,1.0,0.00016519649943802506
55,5.937895018007364,18.2756649519081,1.0542683753860977e-05,-17.546759601939645,-0.000296901738611105,1.8862991169044108e-07,-15.483478546142578,0.0004941768129356205,-7.612617015838623,-0.00015669912681914866,4.353978511062451e-06,0.0005635253619402647,0.00010272204963257536,0.0021506999619305134,0.0,1.0,0.00016519649943802506
56,-14.678047793446208,21.350781104502712,-0.0006357491715882809,-21.052961137486395,-0.0005185063541516106,2.5636916234361706e-07,-15.176647186279297,0.0008139784913510084,-7.113576412200928,-0.0002712676941882819,-0.0003189314156770706,0.0003998150350525975,4.774364788318053e-05,0.0020641000010073185,0.0,1.0,0.00016519649943802506
57,1.5552626257995108,4.1706190336974664,-4.652057275730198e-05,-5.025304382533798,-5.6063683030351125e-05,1.4741560860898062e-08,-18.032594680786133,0.00017502183618489653,-8.650599479675293,-2.8786649636458606e-05,-4.567371433950029e-05,5.915869405725971e-05,0.00014196426491253078,0.0025100000202655792,0.0,1.0,0.00016519649943802506
58,-3.2516260105830823,6.8283319177890744,-0.0008622033793024783,10.364767077325645,-0.0008653183120536862,1.6028943718993105e-06,-13.34369945526123,0.0017642701277509332,-6.340018272399902,-0.00045029210741631687,-0.0011735487496480346,8.391062146984041e-05,0.00019694780348800123,0.0021421000128611922,0.0,1.0,0.00016519649943802506
59,-7.311969491207298,19.874005797311536,0.0004338162175827897,-26.601948796683278,0.0005743337260444779,1.861136240677297e-07,-15.496908187866211,0.0006740407552570105,-7.302219867706299,0.000297136401059106,0.0001590920437593013,0.0003761508851312101,5.947368117631413e-05,0.0027024000883102417,0.0,1.0,0.00016519649943802506
60,-20.413780603440472,9.515897123367937,-0.0005082921961332084,13.803352676035647,0.00013973444925354712,8.05925594704604e-07,-14.031274795532227,0.0012433279771357775,-6.6899638175964355,7.194592762971297e-05,-0.0007286886102519929,0.00017105965525843203,0.0007143270340748131,0.0027112000389024615,0.0,1.0,0.00016519649943802506
61,6.194570423496009,20.66037856957802,-0.0005098626227454359,-20.16128685031304,-0.0007184817710514368,4.3573396624196903e-07,-14.646233558654785,0.0009952990803867579,-6.9124674797058105,-0.00037636488559655845,-0.0002686351945158094,0.0006652738666161895,3.532401387928985e-05,0.002639499958604574,0.0,1.0,0.00016519649943802506
62,-7.085252173250535,17.93561247752655,-8.211547040557126e-05,-22.79064210551568,-0.00016018191909014304,3.226929834454495e-08,-17.249149322509766,0.00024948662030510604,-8.29610538482666,-8.411944145336747e-05,-3.692930476972833e-05,0.00021407174062915146,4.280398934497498e-05,0.002187000005505979,0.0,1.0,0.00016519649943802506
63,0.5563173322187573,-5.941846828670312,-6.151534335196802e-06,17.484444289041402,-0.00019590719915412862,1.9921824190305415e-08,-17.731449127197266,0.00020276583381928504,-8.503458976745605,-0.00010206079605268314,-1.2213583431730513e-05,4.943365274812095e-05,0.00012754923955071718,0.0021841999841853976,0.0,1.0,0.00016519649943802506
64,-10.642663658805409,27.15186002477235,0.00010737986741667014,-27.79018538765173,-6.991404008984515e-05,6.206770422068075e-07,-14.292454719543457,0.0006476840935647488,-7.34210729598999,-4.103950777789578e-05,3.6576373531715944e-05,0.0011110646883025765,2.9071665267110802e-05,0.005420799949206412,0.0,1.0,0.00016519649943802506
65,-26.5900294326423,20.787389097340327,-0.00020486334367242175,-9.515618300341544,-3.1768458475159894e-05,1.816976435975448e-07,-15.52092170715332,0.0005629158113151789,-7.482380390167236,-1.7811642464948818e-05,-0.0001565721322549507,0.0003116655570920557,0.00046539842151105404,0.0027638000901788473,0.0,1.0,0.00016519649943802506
66,2.6860276558041583,-21.149047270878604,0.00010188373234487898,18.32908437593713,8.246845121780563e-06,6.654207851397587e-08,-16.52543067932129,0.00033350451849400997,-8.005853652954102,4.543301201920258e-06,0.00016692286590114236,5.067514575785026e-05,0.00027340155793353915,0.005497600068338215,0.0,1.0,0.00016519649943802506
67,10.628830463955882,0.4668460922374894,-0.0001884389355848366,-1.255264991840912,-0.000546091385295514,2.267056089522157e-07,-15.299613952636719,0.0008092239731922746,-7.119434833526611,-0.00028513214783743024,-0.00019979593344032764,0.00030643472564406693,0.00034215705818496644,0.0026943000266328454,0.0,1.0,0.00016519649943802506
68,2.8841203547079743,-14.659613646493275,-4.139546258112678e-05,-6.415666027092337,0.0019861740138276012,1.2721973234874895e-06,-13.5747652053833,0.0014408305287361145,-6.542535781860352,0.0010356761049479246,-3.453009412623942e-05,0.0006176416645757854,0.00012360703840386122,0.0026554999640211463,0.0,1.0,0.00016519649943802506
69,15.129261178989301,-22.636754823173135,-0.00012921316573564603,9.31693839090738,9.408891300173769e-05,1.3273238153033162e-07,-15.834931373596191,0.0005322941578924656,-7.538314342498779,4.757791612064466e-05,-0.00016644161951262504,0.0003565784136299044,0.0002799707872327417,0.002093799994327128,0.0,1.0,0.00016519649943802506
70,12.70438581225885,-25.609448986853653,1.957801396243249e-05,2.7677544175911524,0.00018318570587211983,1.2197207865938253e-07,-15.919473648071289,0.00045570358633995056,-7.693667888641357,9.427847544429824e-05,2.8925525839440525e-05,0.0002913779753725976,0.00037362120929174125,0.0026959999231621623,0.0,1.0,0.00016519649943802506
71,7.005375727977502,-5.503026143394872,-2.280957230590614e-05,-17.20237660232364,3.0709803211867284e-05,4.7908197409185505e-09,-19.156564712524414,8.73864846653305e-05,-9.345170021057129,1.6354440958821215e-05,-1.214429266838124e-05,2.8753043807228096e-05,8.90224619070068e-05,0.0021530999802052975,0.0,1.0,8.73864846653305e-05
72,10.437042218205962,-26.282230717939058,4.436258297548277e-05,13.038965448534197,0.00019930443785715041,1.10916900553093e-07,-16.014484405517578,0.0004245009331498295,-7.764596462249756,0.00010346871567890048,7.126016862457618e-05,6.881058652652428e-05,0.00043073348933830857,0.0021160999312996864,0.0,1.0,8.73864846653305e-05
73,10.203106810824046,-6.098289363003169,-3.160377384846808e-05,3.1877721968527832,7.301437117178308e-05,4.963957778159056e-08,-16.818477630615234,0.0002933721407316625,-8.134068489074707,3.724059570231475e-05,-4.056747638969682e-05,0.00020376889733597636,0.00022735925449524075,0.0021914999233558774,0.0,1.0,8.73864846653305e-05
74,8.859984875216613,-20.202673378389065,-0.0005647777099675083,-7.190727654889215,-0.005305947540072688,7.86939199315384e-06,-11.752530097961426,0.0033812997862696648,-5.689495086669922,-0.002758521120995283,-0.00048485834849998355,6.147451495053247e-05,0.00021436582028400153,0.0020644000032916665,0.0,1.0,8.73864846653305e-05
75,2.2445752461340636,-3.532906023663415,-2.8571312903136825e-06,-12.18379430468013,-1.3805911196729812e-05,7.840264970582211e-08,-16.361408233642578,0.00021817561355419457,-8.43021011352539,-5.291324669087771e-06,-1.6628920320727048e-06,0.0003949532692786306,2.748953556874767e-05,0.002186700003221631,0.0,1.0,8.73864846653305e-05
76,-28.69632649055988,26.618814463043062,-0.0002426758693054164,8.089430584771502,-0.0006767293363876747,1.6388277117584948e-06,-13.321529388427734,0.0018251144792884588,-6.306112766265869,-0.00035607433528639376,-0.00028987228870391846,0.000985322636552155,0.001373013132251799,0.0029826000100001693,0.0,1.0,8.73864846653305e-05
77,4.696105083851239,-3.2173169755136555,-4.018235215404314e-05,4.850537810463492,-2.2514131603870127e-05,2.4117177588323102e-08,-17.540342330932617,0.00017075700452551246,-8.67526912689209,-1.1584192179725505e-05,-5.201450039749034e-05,8.190765584004112e-06,0.00020612584194168448,0.002148200059309602,0.0,1.0,8.73864846653305e-05
78,4.033676125202717,-1.236982037603189,-4.741809042377603e-05,4.4517391077343715,-3.806029288491025e-05,3.1124152144457184e-08,-17.285282135009766,0.0001995469501707703,-8.519460678100586,-1.970235098269768e-05,-6.063538967282511e-05,5.858051736140624e-06,0.00023256037093233317,0.002115999930538237,0.0,1.0,8.73864846653305e-05
79,-0.06474440454569735,10.2737114813704,-7.072399278397265e-05,-19.6640101883393,-0.00013306142248244643,6.66340804755805e-09,-18.826635360717773,0.00012597558088600636,-8.979422569274902,-6.904397741891444e-05,-3.756003570742905e-05,8.86808629729785e-06,2.9875056497985497e-05,0.0027977999998256564,0.0,1.0,8.73864846653305e-05
80,-14.058512074848233,26.539272120307785,-0.00021661224191831254,-19.266256146537856,2.1236288402777064e-05,4.936558184454043e-07,-14.521427154541016,0.0006445090984925628,-7.347021579742432,6.919634415680775e-06,-0.00011778018233599141,0.0009775582002475858,6.206045509316027e-05,0.002646199893206358,0.0,1.0,8.73864846653305e-05
81,-1.6927240627968783,-1.4693411002851782,-3.1312500067087654e-05,16.416998147309716,-8.564188650461253e-05,1.7353807280073852e-08,-17.86945343017578,0.00020094591309316456,-8.51247501373291,-4.4786498619941995e-05,-5.103011062601581e-05,6.399862468242645e-05,0.00014625999028794467,0.002536799991503358,0.0,1.0,8.73864846653305e-05
82,-4.27876993968948,18.00480347972979,1.0062531062146655e-05,-17.28618212976763,-8.381396433636543e-05,5.1205041984303534e-08,-16.78742790222168,0.00021306447160895914,-8.4539155960083,-4.4840962800662965e-05,5.7404440667596646e-06,0.00031334933009929955,1.1616801202762872e-05,0.002651599934324622,0.0,1.0,8.73864846653305e-05
83,-8.714621010011683,-8.033726485194476,0.00047261620213462266,18.099652193502852,0.0019289399579287755,1.5976200984368916e-06,-13.34699535369873,0.0018802108243107796,-6.276371479034424,0.0010031834244728088,0.0007526174886152148,2.7806643629446626e-05,0.00022101316426414996,0.0019948999397456646,0.0,1.0,8.73864846653305e-05
84,13.474985023903796,-11.57904915767467,-7.587713028154833e-05,-1.4168496732850873,0.00011604752910347223,1.057852188068864e-07,-16.06185531616211,0.0003747353912331164,-7.8892903327941895,5.871180837857537e-05,-7.836018630769104e-05,0.000436946953414008,3.8379821489797905e-05,0.0021278999047353864,0.0,1.0,8.73864846653305e-05
85,9.620798598725964,-5.248457945042074,-5.734258401332657e-05,2.2396565530845916,3.0590235014947224e-05,4.7715296602746093e-08,-16.858013153076172,0.0002897765371017158,-8.146400451660156,1.5256235201377422e-05,-6.863711314508691e-05,0.00018629716942086816,0.0002254691644338891,0.005517199984751642,0.0,1.0,8.73864846653305e-05
86,-29.529774356827104,-2.6991874831634917,9.765560014825673e-05,10.287521793233141,0.00022368515366110814,6.937244165783341e-07,-14.181191444396973,0.0010759596480056643,-6.834542274475098,0.00011992952931905165,0.00014555656525772065,0.0008463509730063379,0.0007745961775071919,0.0027401000261306763,0.0,1.0,8.73864846653305e-05
87,3.154992298401231,-5.2370565921642935,-3.127986781516683e-05,4.286258098232585,-1.9077870216771358e-05,1.4900241041004847e-08,-18.021888732910156,0.00016370588855352253,-8.717438697814941,-9.313956070400309e-06,-3.917772846762091e-05,0.00011728432582458481,0.00011314407311147079,0.0055195000022649765,0.0,1.0,8.73864846653305e-05
88,8.912673591025188,-3.908586746158928,-8.511458814961495e-05,-21.66272207739049,-3.5349203573800486e-05,4.16047853946111e-08,-16.99505043029785,0.00025151303270831704,-8.288015365600586,-1.908030390040949e-05,-3.888375431415625e-05,0.0002411680470686406,0.0001459298946429044,0.0027677000034600496,0.0,1.0,8.73864846653305e-05
89,-9.687563088310734,13.390943622687438,2.6908216589064897e-05,-0.8803962541962721,1.8575307201835585e-05,3.9463188272748084e-09,-19.350482940673828,9.28149456740357e-05,-9.284902572631836,9.499452062300406e-06,2.860634594981093e-05,4.802595867658965e-05,6.139234028523788e-05,0.0028068999527022243,0.0,1.0,8.73864846653305e-05
90,27.442765864033237,-17.984548097089625,-0.00031526752028745596,17.738614167361305,0.002539303934920768,2.0622744614229305e-06,-13.09170150756836,0.002068959642201662,-6.180709362030029,0.0013189945602789521,-0.000498973298817873,0.00035373790888115764,0.00014824584650341421,0.0025652999756857753,0.0,1.0,8.73864846653305e-05
91,-26.531132547530447,17.638172563026526,0.0003707373832016514,-4.227919092459228,0.00036706698470248403,3.532850882947969e-07,-14.855990409851074,0.0008842132519930601,-7.0308122634887695,0.00019066198728978634,0.0003608941042330116,5.692574995919131e-05,0.0006083885091356933,0.0021066999761387706,0.0,1.0,8.73864846653305e-05
92,-8.385098315668438,12.533248876204063,7.752767962388665e-05,-14.520564071776903,-5.742270752603963e-06,2.3514939329061235e-08,-17.565629959106445,0.00017268431838601828,-8.664045333862305,-2.0452628177736187e-06,5.2520441386150196e-05,0.00020058287191204727,3.565434235497378e-05,0.002671200083568692,0.0,1.0,8.73864846653305e-05
93,0.8183390536389579,-3.6543458351121756,3.8606590146882035e-05,-8.213943826457427,8.182080044877087e-06,1.0104770353791537e-07,-16.10767364501953,0.00026582652935758233,-8.232666969299316,6.331752047117334e-06,3.236125485273078e-05,0.0004470669664442539,7.200087111414177e-06,0.0027528000064194202,0.0,1.0,8.73864846653305e-05
94,9.284177178765844,-5.797087968650642,-5.8123492380059236e-05,-5.5906854908697925,2.2862977016436747e-05,2.4505396822860348e-08,-17.524372100830078,0.00020101753761991858,-8.512118339538574,1.1285021173534915e-05,-5.4310068662744015e-05,0.00019100320059806108,7.984170952113345e-05,0.002181599964387715,0.0,1.0,8.73864846653305e-05
95,-6.7149956108941975,18.933648918817266,0.00011966202886917413,-11.041052259244614,8.073356077453866e-05,6.780078365409281e-08,-16.50669288635254,0.0003164165827911347,-8.058450698852539,4.05918835895136e-05,9.045757906278595e-05,0.0003390210622455925,3.17132034979295e-05,0.0022163999965414405,0.0,1.0,8.73864846653305e-05
96,-12.51677504907926,16.979190065852723,-6.752395278092663e-06,-4.52114676919538,-2.8061005664443687e-05,2.4634784878685423e-08,-17.519105911254883,0.0001747468631947413,-8.652172088623047,-1.5284102119039744e-05,-4.250287929608021e-06,0.0001723063614917919,0.00013811860117129982,0.004337000078521669,0.0,1.0,8.73864846653305e-05
97,9.88812656754379,-12.911057485304905,2.4671281288679796e-05,21.121482401066334,6.865121224493418e-05,2.260501830164685e-08,-17.605093002319336,0.0002066839369945228,-8.484319686889648,3.5333141568116844e-05,3.79620396415703e-05,8.731365232961252e-05,0.00017946383741218597,0.002212999970652163,0.0,1.0,8.73864846653305e-05
98,4.351129067651256,8.377399778631512,6.76083321412912e-06,-23.41022162413391,-7.529621315643764e-05,2.399334952940535e-08,-17.545488357543945,0.0001896695321192965,-8.57022762298584,-3.9735074096824974e-05,4.941605311614694e-06,0.00018196753808297217,0.00010801816824823618,0.0026733000995591283,0.0,1.0,8.73864846653305e-05
99,-12.181800513599569,23.432998542772896,-2.6585917355094154e-05,3.637183957240047,0.00018192109116203317,1.952196271304274e-07,-15.449140548706055,0.0004940611543133855,-7.612851142883301,9.210395364789292e-05,-2.8806858608732e-05,0.0005891722976230085,0.00015712833555880934,0.005466499947942793,0.0,1.0,8.73864846653305e-05
100,12.385383546406258,5.016577206386836,-0.005919191336720854,-0.49821434543938237,-0.001769018748729631,3.969216413679533e-05,-10.134356498718262,0.007605277001857758,-4.878912925720215,-0.0009214436286129057,-0.006214213091880083,0.0003913757100235671,0.0005478649400174618,0.002822499955072999,0.0,1.0,8.73864846653305e-05
0,10.0,-10.0,0.0,10.0,0.0,2.664279996622554e-08,-17.440746307373047,0.00016519649943802506,-8.708374977111816,-4.810091240869951e-07,-3.472792968750582e-06,0.00013611702888738364,0.00018636837194208056,0.002627299982123077,0.0,2.0,0.00016519649943802506
1,-30.0,30.0,-0.006,-30.0,0.006,1.4406073205464054e-05,-11.147860527038574,0.0058969492092728615,-5.133320331573486,0.0031119210179895163,-0.001689643133431673,0.001912244246341288,0.0002785257820505649,0.0025972999865189195,0.0,2.0,0.00016519649943802506
2,16.131706140441075,-27.670693021615897,0.002175471924834676,24.00103938614935,-0.00433222452982299,2.0059338567079976e-05,-10.816815376281738,0.006413450464606285,-5.049357891082764,-0.0022529109846800566,0.0038481787778437138,3.3646010706434026e-05,0.000591075629927218,0.0022903999779373407,0.0,2.0,0.00016519649943802506
3,7.101111258694137,-1.989324324077281,-0.0003710279189127924,10.728193937732692,0.0021841350117644425,1.6440632180092507e-06,-13.318339347839355,0.0019107931293547153,-6.260236740112305,0.0011353350710123777,-0.0005147671326994896,0.0001119204971473664,0.0004094613541383296,0.0028087999671697617,0.0,2.0,0.00016519649943802506
4,7.7986991544420095,-2.4199228833361035,-0.00018946068527943782,-7.258249360834645,-0.000734350438440308,1.877993582866111e-07,-15.487892150878906,0.000666162115521729,-7.313977241516113,-0.0003822437720373273,-0.0001654829684412107,0.00013509427662938833,0.00010177637886954471,0.0026626000180840492,0.0,2.0,0.00016519649943802506
5,18.91384014757936,-26.31244594649342,-0.0034970028326847444,1.788979939751948,0.00012935903760587293,1.5573245036648586e-05,-11.069955825805664,0.004616693127900362,-5.378076553344727,6.369929906213656e-05,-0.0038807005621492863,0.0009118167799897492,0.00043277020449750125,0.002528300043195486,0.0,2.0,0.00016519649943802506
6,5.311341670504253,-8.83992308061896,-0.0058373029969990805,-1.3494551085076858,-0.0033270444080040107,3.877755079884082e-05,-10.157669067382812,0.007791951764374971,-4.854663848876953,-0.0017292823176831007,-0.0059813642874360085,0.00014295533765107393,1.9654969946714118e-05,0.003242200007662177,0.0,2.0,0.00016519649943802506
7,29.889027275629246,-11.121133441846426,0.0004106075806763466,-27.870378824937838,0.00041309706496015674,6.863421731395647e-06,-11.889304161071777,0.002416034694761038,-6.025627613067627,0.00019991649605799466,0.000145312151289545,0.0036563980393111706,0.000485213880892843,0.005578499985858798,0.0,2.0,0.00016519649943802506
8,-20.887157838552188,-13.723841066843068,0.000271878771024233,3.4253629281324334,4.2713204066228666e-05,2.2212002477317583e-06,-13.017462730407715,0.0015219920314848423,-6.487735271453857,3.092180850217119e-05,0.0003201118379365653,0.0020350352860987186,0.0003068816149607301,0.0022788000060245395,0.0,2.0,0.00016519649943802506
9,22.26660987448568,8.841623597663471,-0.0006472407693126519,15.925172931675478,-0.0006539633834416818,3.162459051964106e-06,-12.66416072845459,0.0024346797727048397,-6.017940044403076,-0.0003407008480280638,-0.0010195047361776233,0.00015116637223400176,0.001997782150283456,0.0021838999819010496,0.0,2.0,0.00016519649943802506
10,6.988171225044054,25.115309273406496,0.006,28.514011798605072,0.006,0.00014193588867783546,-8.860135078430176,0.015703408047556877,-4.1538777351379395,0.003119488712400198,0.01138292159885168,0.00010949757415801287,0.0022924994118511677,0.0020131999626755714,0.0,2.0,0.00016519649943802506
11,-4.257703908939828,-23.07565320067628,-0.0010428524055936222,9.889630552052015,-0.0042557537369671316,7.162601832533255e-06,-11.846637725830078,0.004134064074605703,-5.488494396209717,-0.0022096538450568914,-0.0013950617285445333,0.0007609187159687281,0.00029777767485938966,0.0026694999542087317,0.0,2.0,0.00016519649943802506
12,-8.49474702598139,-8.776841286632017,-0.001283436415697006,20.125228013852745,-0.0006076603877692009,4.575742877932498e-06,-12.2947416305542,0.0025764680467545986,-5.9613356590271,-0.00031628579017706215,-0.0021086898632347584,7.285668834811077e-05,0.00023012810561340302,0.0026575999800115824,0.0,2.0,0.00016519649943802506
13,20.267082321400913,-18.543480837672103,3.106672393839029e-05,10.535278988363272,0.00049120073847204,2.169602169033169e-07,-15.343551635742188,0.0005958463298156857,-7.425527572631836,0.0002532457292545587,4.313897807151079e-05,0.0005470269243232906,5.18963897775393e-05,0.005591999972239137,0.0,2.0,0.00016519649943802506
14,-5.512413880014652,-6.539438621953572,0.0011775370371609611,0.8667163010660264,-0.0008700253574307304,2.112474930981989e-06,-13.06765079498291,0.0021403604187071323,-6.146780967712402,-0.00044919506763108075,0.0012803924037143588,0.0007310223300009966,9.052360837813467e-05,0.005606499966233969,0.0,2.0,0.00016519649943802506
15,10.49150460466836,-14.828394929564945,-0.0004821056639857322,-1.029657778382415,4.733239602767565e-05,2.6603146352499607e-07,-15.13965129852295,0.0006458341958932579,-7.344967842102051,2.4085817130981013e-05,-0.0004970302688889205,0.00017817525076679885,7.126101263565943e-05,0.0022353000240400434,0.0,2.0,0.00016519649943802506
16,19.55725177230961,-7.824339200406362,-0.0009934235132661939,-20.895121255275882,-0.0010169558417409,1.7898771602631314e-06,-13.233363151550293,0.0019258183892816305,-6.25240421295166,-0.0005350561114028096,-0.0004998206859454513,0.001569170504808426,0.00021271267905831337,0.0021834000945091248,0.0,2.0,0.00016519649943802506
17,13.14409905586466,-17.783339034066834,0.00013457166454596095,17.523361794122184,-0.001213844859859075,4.5359971068137384e-07,-14.606050491333008,0.000928361143451184,-6.982089519500732,-0.000631725590210408,0.00021144408674445003,0.0001357513974653557,3.46315537171904e-05,0.0026233999524265528,0.0,2.0,0.00016519649943802506
18,7.644278589085214,-4.142638229802554,0.00010237669233710943,6.81871757244032,-0.0010736820271727602,3.7393400020846457e-07,-14.799186706542969,0.0008770955028012395,-7.0388946533203125,-0.000558655709028244,0.00012310160673223436,0.00010299743735231459,0.0002876788203138858,0.0021566000068560243,0.0,2.0,0.00016519649943802506
19,-2.9433706707453564,-26.062572672215747,-1.384126855435206e-05,1.5049409378098244,0.00025390837859074774,9.481399843025429e-07,-13.86876392364502,0.0009576433803886175,-6.951035022735596,0.00013788985961582512,-1.0185751307290047e-05,0.0013326572952792048,0.00028647828730754554,0.0019733000081032515,0.0,2.0,0.00016519649943802506
20,15.488163578777339,0.18317895819621,0.00028541238712225225,5.186218956277793,0.000105870519468551,4.048426660574478e-07,-14.719767570495605,0.0009108171216212213,-7.001168251037598,5.3466086683329195e-05,0.0003329614701215178,0.0003973609709646553,0.0006514181732200086,0.002688899985514581,0.0,2.0,0.00016519649943802506
21,2.760187855002732,-17.05169939292134,-9.974081423359799e-05,-9.072604424659739,-0.0003697820540924747,3.6955657378712203e-07,-14.810961723327637,0.0007429405814036727,-7.204894542694092,-0.00018863059813156724,-7.848229142837226e-05,0.0007942670490592718,0.0001573882473167032,0.005419200053438544,0.0,2.0,0.00016519649943802506
22,-3.103475357171648,-9.556069096028804,3.562533188792629e-05,7.575673349147525,2.976737994100441e-05,9.598057459925258e-08,-16.159120559692383,0.0003181865904480219,-8.052872657775879,1.736877311486751e-05,4.6747085434617475e-05,0.0004241932474542409,8.394823089474812e-05,0.002778199966996908,0.0,2.0,0.00016519649943802506
23,4.0532677372714065,-4.314873845053706,0.00021496750078700124,20.583087299619432,0.0003925520655833482,2.325724182128397e-07,-15.274064064025879,0.0007892051944509149,-7.144484043121338,0.00020361215865705162,0.0003502430918160826,0.00012109281669836491,0.00034960705670528114,0.002551599987782538,0.0,2.0,0.00016519649943802506
24,5.324669717653316,-24.096352347529617,0.00021060796076383245,22.341259232155657,0.0005202097310703156,2.81519362488325e-07,-15.083065032958984,0.000857774110045284,-7.061169624328613,0.00027025211602449417,0.00036745885154232383,6.185651000123471e-05,0.0003782697895076126,0.0020035000052303076,0.0,2.0,0.00016519649943802506
25,-2.3696578229492915,-3.4313634013369194,7.744494259323083e-05,9.13577128033559,0.0001447632808982979,3.230425349443067e-08,-17.24806785583496,0.00028560313512571156,-8.160907745361328,7.608506712131202e-05,0.00010130875307368115,0.00017560810374561697,4.081055521965027e-05,0.005427500000223517,0.0,2.0,0.00016519649943802506
26,-12.86843869310355,17.806205720353837,3.373102658290218e-05,-7.088905355095996,0.0004014539037024436,7.244790367622045e-08,-16.440397262573242,0.00040406716288998723,-7.813929557800293,0.0002079597907140851,3.130075128865428e-05,0.0001973590988200158,0.00013225417933426797,0.0021416000090539455,0.0,2.0,0.00016519649943802506
27,-26.84093439519398,16.968286290148626,0.00021298961603173934,-17.160896601067805,0.0013317608669948678,6.07291326559789e-07,-14.314257621765137,0.0011314575094729662,-6.7842488288879395,0.0006943707703612745,0.00013147760182619095,0.00042584724724292755,0.00018537110008765012,0.0026032000314444304,0.0,2.0,0.00016519649943802506
28,-9.911677380598642,5.3069844297824655,-0.00021319606733877564,-21.172555336302995,0.00046052310198387497,7.213168373709777e-07,-14.142187118530273,0.0009451274527236819,-6.96419095993042,0.00024445890448987484,-0.00010567161371000111,0.0011393945896998048,5.059931208961643e-05,0.0027184999780729413,0.0,2.0,0.00016519649943802506
29,-27.310770741122873,23.226474350382237,-1.7311603344881618e-05,-10.450310475068358,-0.0001302204428121045,3.050309373975324e-07,-15.002852439880371,0.0006190445274114609,-7.387333393096924,-7.02879624441266e-05,-5.407334356277715e-06,0.000612867996096611,0.0004738305287901312,0.002157400012947619,0.0,2.0,0.00016519649943802506
30,-6.457305467836609,1.4979948619219796,9.421333894318042e-05,-2.971081120945413,0.0002484844258161826,1.7205751134952152e-07,-15.575437545776367,0.0005151232471689582,-7.571104526519775,0.00013160031812731177,9.285610576625913e-05,0.0005389195284806192,4.241404167260043e-05,0.0025890000397339463,0.0,2.0,0.00016519649943802506
31,-18.314271726521,25.53373579242412,-0.00022561223777070903,-9.222463486352954,0.0005249671970125641,4.931721946377365e-07,-14.522407531738281,0.001005756319500506,-6.902015686035156,0.0002694529830478132,-0.00017830879369284958,0.0008362306980416179,0.00027975838747806847,0.0026227000635117292,0.0,2.0,0.00016519649943802506
32,-25.356309498265166,29.078413599339182,0.0005604032322615344,-29.741409011528877,-0.00041035003188199924,1.4078580079512903e-06,-13.473441123962402,0.001287495600990951,-6.655056476593018,-0.0002202307659899816,0.00015758561494294554,0.0016217234078794718,0.00019763503223657608,0.0027014000806957483,0.0,2.0,0.00016519649943802506
33,-4.451373194306018,6.84741746692631,0.0001971171805813851,7.309323277735354,-4.027891783685622e-05,6.884140901775027e-08,-16.4914608001709,0.0003355625958647579,-7.999701976776123,-2.0970073819626123e-05,0.00024752007448114455,1.5723002434242517e-05,0.00011842191452160478,0.002028699964284897,0.0,2.0,0.00016519649943802506
34,-27.449073660310976,29.620186784808276,0.0005362036717988284,6.072479892531503,-6.651689665831526e-05,1.961420366569655e-06,-13.141841888427734,0.001943750656209886,-6.243135929107666,-3.959497553296387e-05,0.0006825611344538629,0.001180733903311193,0.0012624551309272647,0.0027269000420346856,0.0,2.0,0.00016519649943802506
35,-4.893575625440613,-2.0052032937969813,2.7891227633616364e-05,2.918663146958826,-2.0249550768819612e-05,9.064500261501962e-08,-16.2163143157959,0.00026693398831412196,-8.228508949279785,-8.649787559988908e-06,3.2171286875382066e-05,0.00042209288221783936,3.0132936444715597e-05,0.0021497999550774693,0.0,2.0,0.00016519649943802506
36,-0.8148889789867804,-0.8525848531124657,8.471062660236984e-05,-9.499139945702904,4.1771172723776366e-05,1.2091147993942286e-07,-15.928207397460938,0.00033485013409517705,-8.001827239990234,2.3927359507069923e-05,6.801135168643668e-05,0.000481044698972255,4.778141374117695e-06,0.0027358001098036766,0.0,2.0,0.00016519649943802506
37,-3.7232932877720573,0.5568447052750394,2.9572432903233904e-05,9.014014969939614,-2.4274857099831014e-05,9.630143793515344e-09,-18.4583683013916,0.0001361880567856133,-8.901473999023438,-1.2102151231374592e-05,3.752550037461333e-05,0.00011070197797380388,6.241882510948926e-05,0.0054567999904975295,0.0,2.0,0.0001361880567856133
38,-6.4095567010588095,8.258954924170471,5.5490869724833296e-05,-4.569709025937314,-0.00019252230262253175,3.5485651750377656e-08,-17.154136657714844,0.00026253657415509224,-8.24512004852295,-9.912304813042283e-05,5.1614726544357836e-05,0.0002142547455150634,9.342873454443179e-06,0.0020255999406799674,0.0,2.0,0.0001361880567856133
39,2.7662912126454042,2.8832956832852177,5.077912052512194e-05,-2.9425737620906243,9.267506110815676e-05,2.0679257417555164e-08,-17.694133758544922,0.00019525631796568632,-8.541197776794434,4.839645771426149e-05,4.644491491490044e-05,2.2333259039442055e-05,0.00017849662981461734,0.002510500024072826,0.0,2.0,0.0001361880567856133
40,-5.264338373087076,3.0892889519187867,1.2761476358562203e-05,12.153107862340546,-8.872191669384298e-05,3.866865938562114e-09,-19.370820999145508,9.408110054209828e-05,-9.271353721618652,-4.6145112719386816e-05,1.663177681621164e-05,9.37421737035038e-06,5.3234205552143976e-05,0.0026589001063257456,0.0,2.0,9.408110054209828e-05
41,-22.408147057104674,24.8204329618093,0.00020148391812160546,-5.103867206833574,0.004162613067349397,5.1517708925530314e-06,-12.176170349121094,0.0030067586340010166,-5.806892395019531,0.002161226933822036,0.00019431837426964194,0.0007891650893725455,0.0005132618825882673,0.0020667000208050013,0.0,2.0,9.408110054209828e-05
42,20.524513556846177,-29.37504401058539,-0.0003317135300737559,28.15133677250798,-0.00010743324011905951,6.986480798332195e-07,-14.174118995666504,0.0011472214246168733,-6.770412445068359,-5.5181822972372174e-05,-0.0006140831392258406,0.00017785228556022048,0.0007780606974847615,0.00264040008187294,0.0,2.0,9.408110054209828e-05
43,-4.275553508257657,-7.583585977735862,5.1895477177452e-07,-4.7529335017053045,-0.00029879183132006435,4.713276950951695e-07,-14.56771183013916,0.0006666889530606568,-7.313187122344971,-0.00015120854368433356,1.8617163277667714e-06,0.0009433349478058517,8.390246512135491e-05,0.002095900010317564,0.0,2.0,9.408110054209828e-05
44,-7.679477268634128,-5.134363246875267,2.8155195221012113e-05,13.758028879459149,-0.0003233194856759175,5.5250513497639986e-08,-16.711387634277344,0.0003692910249810666,-7.90392541885376,-0.00016735924873501062,4.3218016799073666e-05,0.00017226161435246468,0.00014516587543766946,0.002603099914267659,0.0,2.0,9.408110054209828e-05
45,-13.107883545863745,0.3918970338714996,-7.868700954975499e-06,-0.6490325618846339,-0.0004394598087490762,4.324257645293983e-07,-14.653855323791504,0.0007536453776992857,-7.190588474273682,-0.0002248255186714232,-4.99408224641229e-06,0.000851638033054769,0.0001960134832188487,0.0025282000424340367,0.0,2.0,9.408110054209828e-05
46,14.903765940016424,12.929325607522712,-0.00021799193800589822,-27.52725746116356,0.00012775208919254944,5.444333055493189e-07,-14.4235200881958,0.0007811148534528911,-7.154788494110107,6.24350577709265e-05,-6.879238208057359e-05,0.0009867094922810793,0.00031306533492170274,0.00215419998858124,0.0,2.0,9.408110054209828e-05
47,-3.89152009769595,23.06954364215201,-3.084014085263254e-05,-21.57140796737139,-0.000599266090069019,3.318768619919865e-07,-14.918501853942871,0.0006811224156990647,-7.291768550872803,-0.00031446415232494473,-1.4741554878128227e-05,0.0006819568225182593,2.1876627215533517e-05,0.0021918000420555472,0.0,2.0,9.408110054209828e-05
48,6.71175417710758,3.2607569684617053,-9.484996656097268e-05,-4.21892687176618,2.4786471725244566e-05,5.543982695144223e-08,-16.70796775817871,0.00031810562359169126,-8.05312728881836,1.2295079613977578e-05,-9.434972162125632e-05,0.00017058166849892586,0.00025233998894691467,0.0019911000272259116,0.0,2.0,9.408110054209828e-05
49,25.510093250716984,-22.587134055092857,-0.0005287609445685104,-27.069636151125927,0.0007296437707036641,6.663283329544356e-06,-11.918898582458496,0.002541189081966877,-5.975122928619385,0.00036498677218332887,-0.00017906846187543124,0.0035812610294669867,0.00041300654993392527,0.0021208999678492546,0.0,2.0,9.408110054209828e-05
50,3.2226449290175903,11.17953030416247,-7.3006470824671975e-06,-4.686794039098391,0.0003022153715428044,9.46652818356597e-08,-16.17291831970215,0.00043016666313633323,-7.751338005065918,0.00015629864356014878,-1.241388963535428e-05,0.00021993732661940157,0.00030297093326225877,0.002087600063532591,0.0,2.0,9.408110054209828e-05
51,-3.1080388953900786,5.724645434724842,-5.280607362524827e-05,3.2028571021460133,0.00014357331633252458,1.9605906231845438e-08,-17.747434616088867,0.00023370396229438484,-8.361454963684082,7.499958883272484e-05,-6.334682984743267e-05,6.577567546628416e-05,0.00012493939721025527,0.005458800005726516,0.0,2.0,9.408110054209828e-05
52,0.09644055155102645,-8.238767337197327,3.195379911937151e-05,3.7103438672526696,7.71224694935006e-05,6.753252534963394e-08,-16.510656356811523,0.0002654008858371526,-8.234269142150879,4.1744220652617514e-05,3.731927426997572e-05,0.0003586034581530839,1.4071320038056001e-05,0.00253499997779727,0.0,2.0,9.408110054209828e-05
53,19.17795313184681,-23.04069339642414,-4.297478040755508e-05,-5.211507009843442,-0.0005061795016409442,8.352068903150212e-07,-13.995586395263672,0.00105691934004426,-6.8523969650268555,-0.0002678966266103089,-3.386974640307017e-05,0.0011933710193261504,0.00031693503842689097,0.00257639994379133,0.0,2.0,9.408110054209828e-05
54,13.944631272315062,-13.092692820094113,-0.00018448640404488813,9.74462065018344,2.213839753934446e-05,1.0964934205048849e-07,-16.025978088378906,0.00046460333396680653,-7.674326419830322,1.0448031389387324e-05,-0.00024939808645285666,0.0002783456875476986,0.0001311687083216384,0.0026209999341517687,0.0,2.0,9.408110054209828e-05
55,-9.28176237217256,3.374461237689145,1.3846916385145258e-05,21.290888150840843,-8.95804972284295e-05,5.241069089834127e-08,-16.7641544342041,0.0002858368679881096,-8.160089492797852,-4.7768331569386646e-05,2.5271434424212202e-05,0.0002776632900349796,0.00014793094305787235,0.004676299984566867,0.0,2.0,9.408110054209828e-05
56,2.250648016948289,-7.404776494235666,-1.4157505995928336e-05,7.740052340888977,4.432167031786544e-05,1.3283681710163364e-08,-18.136730194091797,0.00014889237354509532,-8.812286376953125,2.3733069610898383e-05,-1.959177643584553e-05,0.00014009408187121153,7.104096584953368e-05,0.002757200039923191,0.0,2.0,9.408110054209828e-05
57,-0.5312514206804,21.303440166330162,-0.0007458282598267758,-8.90748035656532,-0.0008357636721279891,7.312960974559246e-07,-14.128447532653809,0.0014303696807473898,-6.5498223304748535,-0.00043674875632859766,-0.0006154600414447486,0.0005150911747477949,0.00024123067851178348,0.005427600000984967,0.0,2.0,9.408110054209828e-05
58,-1.8743241679064961,-0.405106996498172,-0.0001428367702180417,23.591665632703627,-0.0002538162415617357,1.3319916547516186e-07,-15.831419944763184,0.0006125250365585089,-7.397920608520508,-0.0001330022350884974,-0.000254483544267714,0.00023528804013039917,0.00021479041606653482,0.002638000063598156,0.0,2.0,9.408110054209828e-05
59,-28.969713871417095,7.068346191435593,7.271874114920204e-06,26.581240785414174,2.947395053327405e-05,1.5942067648211378e-06,-13.34913444519043,0.0012673946330323815,-6.670792102813721,1.1592714145081118e-05,3.995855149696581e-05,0.0008779074996709824,0.0015537792351096869,0.005532699986360967,0.0,2.0,9.408110054209828e-05
60,0.0796287578943873,-8.48209791868307,-8.283580931603348e-06,11.923083908342946,-3.7747224117984035e-05,9.760313446349755e-09,-18.4449405670166,0.00010791201202664524,-9.134194374084473,-1.8994714992004447e-05,-1.2155795957369264e-05,0.00013472202408593148,1.880097079265397e-05,0.002138199983164668,0.0,2.0,9.408110054209828e-05
61,-6.735328787921718,12.835542882860663,3.3280478578226466e-05,-5.415465518889125,-2.6050493508084384e-05,1.5203802661289956e-09,-20.304306030273438,6.378869875334203e-05,-9.659934997558594,-1.3544763532991055e-05,2.967570435430389e-05,1.4804526472289581e-05,2.6331928893341683e-05,0.0021506999619305134,0.0,2.0,6.378869875334203e-05
62,12.425619063597463,-8.920436141249258,-0.0001198246737088443,3.5612621118065166,9.613965801760466e-05,8.479543112116517e-08,-16.283023834228516,0.0004333221004344523,-7.7440290451049805,4.886676833848469e-05,-0.0001425627269782126,0.0003016530245076865,0.0001821321784518659,0.00537509995047003,0.0,2.0,6.378869875334203e-05
63,-18.049071188172384,20.515189074901095,4.4310390012621124e-05,-20.002363470490838,-0.00026738751276660495,5.3707374547684594e-08,-16.739715576171875,0.00032518780790269375,-8.031107902526855,-0.0001400440523866564,2.4695866159163415e-05,0.00024843437131494284,7.246144377859309e-05,0.0027883999282494187,0.0,2.0,6.378869875334203e-05
64,-2.792363603030791,5.838030025812504,9.761553309055238e-05,-15.442669912998054,-5.2413672990447036e-05,7.870293217138169e-08,-16.357585906982422,0.0002898231614381075,-8.146239280700684,-2.547650547057856e-05,6.338622915791348e-05,0.0003844024322461337,1.751845411490649e-05,0.005445099901407957,0.0,2.0,6.378869875334203e-05
65,-11.96681266940281,-4.097078906938331,-0.0008851068775804193,-25.303958338319646,-7.689048918145172e-05,3.7626925859512994e-06,-12.490375518798828,0.0017404421232640743,-6.353616237640381,-2.831396705005318e-05,-0.0003502075560390949,0.002697741612792015,2.6099698516190983e-05,0.0024441999848932028,0.0,2.0,6.378869875334203e-05
66,-8.157743863024272,11.759340759873561,3.870825144104449e-05,6.1123416354894315,-0.00012545367886042852,1.2747408462132626e-08,-18.17793846130371,0.00017585829482413828,-8.645832061767578,-6.567418313352391e-05,4.733329842565581e-05,0.00011021794489352033,1.5483661627513357e-05,0.002902999985963106,0.0,2.0,6.378869875334203e-05
67,18.0991508175008,-29.62933697274028,-0.0006311249564126738,-16.915979371790513,-0.0007912438267833135,1.7514173578092596e-06,-13.255084991455078,0.0018188836984336376,-6.309532165527344,-0.000417800823925063,-0.0003770050825551152,0.0016453600255772471,0.0004027955583296716,0.002366500091738999,0.0,2.0,6.378869875334203e-05
68,5.0318907535590265,-10.824247742948454,-5.349001772566633e-05,19.763475560764228,0.00012827061308394558,2.354089900791223e-08,-17.564525604248047,0.000258424028288573,-8.260909080505371,6.638637569267303e-05,-8.995122334454209e-05,7.71687991800718e-05,0.0001270040520466864,0.002124899998307228,0.0,2.0,6.378869875334203e-05
69,-9.898948357441556,16.27958531278656,6.518574728562824e-05,1.9642775966832733,-6.971625850208333e-05,3.563705419651342e-08,-17.149879455566406,0.0002565510803833604,-8.268182754516602,-3.7213631003396586e-05,7.334057590924203e-05,0.00023293521371670067,5.905852958676405e-05,0.0026398999616503716,0.0,2.0,6.378869875334203e-05
70,-3.898753703747174,10.729119701779645,2.714255988681749e-05,8.166942035878918,-0.00013288078740617462,3.8631888799045555e-08,-17.06918716430664,0.0002789142308756709,-8.184606552124023,-6.969169044168666e-05,3.0903713195584714e-05,0.0001463450607843697,0.0002102925645885989,0.002167399972677231,0.0,2.0,6.378869875334203e-05
71,-9.320657631766549,14.303807341904342,5.241932138327406e-05,2.9042629365454506,-0.00033705039665554346,4.769250949721027e-08,-16.858491897583008,0.0003361813141964376,-7.997859954833984,-0.00017589669732842594,6.020509681547992e-05,0.00015586751396767795,4.429150067153387e-05,0.002671200083568692,0.0,2.0,6.378869875334203e-05
72,9.794569550799151,-15.007180150750937,8.145918859848298e-05,28.498032281919283,-0.00022725012543401706,4.8106226557820264e-08,-16.849853515625,0.0003712298348546028,-7.898689270019531,-0.00011853793694172055,0.0001525813713669777,7.26917787687853e-05,0.0001275293034268543,0.005484199966304004,0.0,2.0,6.378869875334203e-05
73,6.295327370749819,10.12209077872664,-1.1633131230643235e-05,-3.1794690731534545,7.5936451766885726e-06,1.243702882902653e-07,-15.900002479553223,0.00036734103923663497,-7.909219741821289,2.8520273644971894e-06,-1.888853876153007e-05,0.000278030609479174,0.0004131703753955662,0.0021286000264808536,0.0,2.0,6.378869875334203e-05
74,-7.074883775984223,26.517301101860212,0.00010772549568096157,-12.133527140496676,8.261191001875938e-05,3.58247490339636e-07,-14.842041969299316,0.000561204447876662,-7.4854254722595215,3.9424699934897944e-05,7.785674097249284e-05,0.0008357953047379851,5.205073466640897e-05,0.0060397000052034855,0.0,2.0,6.378869875334203e-05
75,-15.998216636990087,14.999557815650967,0.00015346253776134597,-19.770762491710858,-3.12047067941473e-05,8.220781921863818e-08,-16.314016342163086,0.00032005965476855636,-8.047002792358398,-1.4525997357850429e-05,8.324196824105456e-05,0.00038246033363975585,6.212302832864225e-05,0.005540599930100143,0.0,2.0,6.378869875334203e-05
76,-4.589529383498367,0.5557674743021105,7.553996981498718e-05,16.3722266059885,-0.00017528898467693754,2.6141428577375336e-08,-17.459745407104492,0.00027374280034564435,-8.20332145690918,-9.146232332568616e-05,0.00011436450586188585,7.709499186603352e-05,5.873695045011118e-05,0.0026431999867781997,0.0,2.0,6.378869875334203e-05
77,-17.926586260289568,19.78467144742981,0.0001545835125849875,-26.674936348007847,8.443910691857897e-05,8.387986305535833e-09,-18.596466064453125,0.00015383411664515734,-8.779635429382324,4.3657371861627325e-05,5.5495362175861374e-05,7.498488412238657e-05,3.437786654103547e-05,0.002023800043389201,0.0,2.0,6.378869875334203e-05
78,-6.548838744853883,13.46213670642022,8.414668273825854e-05,-23.942964897149462,4.1892351412580355e-05,1.8834469983630697e-08,-17.78757667541504,0.0001751864911057055,-8.649659156799316,2.2647300284006633e-05,3.7212194001767784e-05,0.00017563044093549252,5.502354179043323e-05,0.0027516999980434775,0.0,2.0,6.378869875334203e-05
79,-0.0647088115969125,-19.275249472461812,0.0002099148230365449,21.5624545988712,-0.000385046830727238,2.0207345130529575e-07,-15.414634704589844,0.0007119327783584595,-7.247527122497559,-0.00020044425036758184,0.000358963618054986,5.364701428334229e-05,0.0002514027582947165,0.002183099975809455,0.0,2.0,6.378869875334203e-05
80,-23.124555958975513,25.902596570140698,0.0001697890645141389,-28.015549835885057,0.000269626524309501,5.255621431388136e-07,-14.458797454833984,0.0007458885083906353,-7.200934410095215,0.0001360128226224333,5.4026913858251646e-05,0.0009976360015571117,0.00011406149860704318,0.0021850999910384417,0.0,2.0,6.378869875334203e-05
81,-6.457286883544299,18.48247384785479,0.00048405853732238384,-8.588925612997198,0.002671519490712428,2.138490799552528e-06,-13.055410385131836,0.00197351211681962,-6.227940559387207,0.0013878754107281566,0.00039946683682501316,0.00032055587507784367,5.1783961680484936e-05,0.0021303000394254923,0.0,2.0,6.378869875334203e-05
82,0.5734893147878029,7.542169447475048,4.9178241929105705e-05,-9.545127785789152,-6.011637758531793e-05,7.846608696127078e-09,-18.663185119628906,0.00013144270633347332,-8.936939239501953,-3.104596908087842e-05,3.7492696719709784e-05,2.391512316535227e-05,0.00010189296153839678,0.005502999993041158,0.0,2.0,6.378869875334203e-05
83,2.3170995574775533,6.673585969286252,4.0586256254657956e-05,-8.943876244291925,-5.486793287346906e-05,1.0975047537442606e-08,-18.3276424407959,0.00014222896425053477,-8.858072280883789,-2.8550412025651895e-05,3.073305924772285e-05,3.461905725998804e-05,0.00013127193960826844,0.0027504999889060855,0.0,2.0,6.378869875334203e-05
84,4.973477520002264,-9.230733411746211,-9.43699026310899e-05,8.090585438840638,6.381824723976788e-06,2.047244151981431e-08,-17.704185485839844,0.00019779091235250235,-8.528300285339355,3.6548995012708474e-06,-0.00012350297765806317,5.589958163909614e-05,8.536646782886237e-05,0.002648100024089217,0.0,2.0,6.378869875334203e-05
85,-25.398848842751324,14.393824570714722,-0.0005831057448811888,-19.67357010789058,0.002599867228385759,2.328432401554892e-06,-12.970314979553223,0.002154327230527997,-6.140276908874512,0.0013557338388636708,-0.0003121395129710436,0.0008818648639135063,9.104308992391452e-05,0.0026844999520108104,0.0,2.0,6.378869875334203e-05
86,-0.05286547250099453,15.115797217148216,0.0001959804458077774,-12.856959634786877,-3.698536828871722e-05,6.157594611977402e-08,-16.602994918823242,0.0003482400206848979,-7.962618827819824,-2.0285940991016105e-05,0.00013788019714411348,0.00026769735268317163,0.00011245039058849216,0.002726400038227439,0.0,2.0,6.378869875334203e-05
87,0.18205611520887377,13.349567197223212,-0.00032555849337514113,-8.443799292292983,-7.586110543719988e-05,1.1328789639719616e-07,-15.99333381652832,0.0005050613544881344,-7.5908308029174805,-4.023358633276075e-05,-0.00027407161542214453,0.00020363996736705303,0.00017787233809940517,0.002431500004604459,0.0,2.0,6.378869875334203e-05
88,-5.141153307643208,8.84538408367167,6.746457023995853e-05,-13.843485670349859,-9.870111423108235e-05,5.076581288676607e-08,-16.796043395996094,0.00025405053747817874,-8.277976989746094,-4.992189860786311e-05,4.654627264244482e-05,0.00030344139668159187,1.1723367606464308e-05,0.002588499919511378,0.0,2.0,6.378869875334203e-05
89,-16.147651672181812,15.427731075923637,3.64536437808424e-05,-25.922543306293253,-0.0001877184768378088,1.2354423972738005e-07,-15.90666675567627,0.00035354561987333,-7.947497844696045,-9.549601236358285e-05,1.3781381312583108e-05,0.0004778658621944487,1.0670585652405862e-05,0.00213789998088032,0.0,2.0,6.378869875334203e-05
90,-4.288480303160317,8.976378692340855,7.028908839871595e-05,-13.584005237741225,-5.8324525759719885e-05,3.320908703585701e-08,-17.220441818237305,0.00020211563969496638,-8.506670951843262,-2.9174594601499848e-05,4.8757694457890466e-05,0.0002448445011395961,3.522208317008335e-06,0.0026564999716356397,0.0,2.0,6.378869875334203e-05
91,-5.499297526160672,5.361629295653633,4.496592368959507e-05,-0.72390192031394,-5.069824230895137e-05,3.156544892135571e-08,-17.271202087402344,0.00020192484953440726,-8.507615089416504,-2.527161268517375e-05,4.621821426553652e-05,0.00023895864433143288,2.1911400835961103e-05,0.00540779996663332,0.0,2.0,6.378869875334203e-05
92,-0.4306830865600146,-0.38336846225903576,4.393599895442877e-06,8.773011942350056,-1.4687966694642839e-05,1.4665467062968673e-08,-18.037771224975586,0.00011983478907495737,-9.029396057128906,-7.326493687287439e-06,2.6117229481315007e-06,5.962021168670617e-05,0.00016017293091863394,0.002665399922989309,0.0,2.0,6.378869875334203e-05
93,-14.347512541931753,19.402499012171265,9.0480354237147e-05,-18.95099722053669,-3.4024914548111193e-06,2.442396862534224e-08,-17.527700424194336,0.00018577541050035506,-8.590971946716309,-2.5522442683723057e-06,5.143394446349703e-05,0.00019814888946712017,6.542955816257745e-05,0.003582900040782988,0.0,2.0,6.378869875334203e-05
94,-1.1503238634907835,13.146665060188846,8.6458261347082e-05,-15.55867421711858,-8.786130218728406e-05,1.3859281722261585e-08,-18.094310760498047,0.0001835274015320465,-8.60314655303955,-4.6119872422423214e-05,5.4887161240912974e-05,0.00012622422946151346,3.881650627590716e-05,0.0028049000538885593,0.0,2.0,6.378869875334203e-05
95,-2.0333322822353486,18.738171721478523,4.779845137997997e-05,-24.505781881356462,-3.506637803870464e-05,9.477965079440764e-08,-16.171710968017578,0.0002925001608673483,-8.137044906616211,-1.99565984075889e-05,2.1272009689710103e-05,0.00042674661381170154,7.579650991829112e-05,0.002117200056090951,0.0,2.0,6.378869875334203e-05
96,9.836524805077673,-15.026625298822692,-5.48680673402489e-05,13.668992252502202,-0.0001157150166340572,1.4837166162351423e-08,-18.02613067626953,0.0001983261900022626,-8.52559757232666,-6.049740477465093e-05,-8.021816029213369e-05,9.533717093290761e-05,1.9884066205122508e-05,0.0021004999289289117,0.0,2.0,6.378869875334203e-05
97,2.4884583371144298,-25.021079757714595,-0.0003510804694140248,19.201682964796042,0.0007385532903495122,5.425313247542363e-07,-14.427020072937012,0.0011722423369064927,-6.748836994171143,0.0003843306330963969,-0.000561088090762496,5.784866152680479e-05,0.0003957984736189246,0.002713700057938695,0.0,2.0,6.378869875334203e-05
98,-6.951131096628136,21.982000584979037,0.00016013159809626185,-29.985860603835057,0.0003039291698543116,2.077076430850866e-07,-15.387134552001953,0.0005423371912911534,-7.519622802734375,0.0001555837516207248,4.665262531489134e-05,0.0005963356816209853,8.386586705455557e-05,0.0027166999643668532,0.0,2.0,6.378869875334203e-05
99,0.16561643062654552,-9.324355158091494,-5.6580970333784673e-05,12.086603190702828,-9.211326616653166e-05,1.8843332227902465e-08,-17.787107467651367,0.00020212819799780846,-8.506608009338379,-4.72291030746419e-05,-7.983030081959441e-05,0.00014292557898443192,7.211980573629262e-06,0.0021033999510109425,0.0,2.0,6.378869875334203e-05
100,9.31968951185287,-5.983180539142903,-1.1615613738988428e-05,4.741997472465955,-0.00019847531692070565,5.135276381906806e-08,-16.784547805786133,0.00031843988108448684,-8.052077293395996,-0.00010374448174843565,-1.8259219359606504e-05,0.00015557940059807152,0.00023729295935481787,0.0026627000188454986,0.0,2.0,6.378869875334203e-05
0,10.0,-10.0,0.0,10.0,0.0,2.664279996622554e-08,-17.440746307373047,0.00016519649943802506,-8.708374977111816,-4.810091240869951e-07,-3.472792968750582e-06,0.00013611702888738364,0.00018636837194208056,0.003037799964658916,0.0,3.0,0.00016519649943802506
1,-30.0,30.0,0.006,-30.0,0.006,1.4374205420608632e-05,-11.15007495880127,0.005887492559850216,-5.13492488861084,0.0031119210179895163,0.0016801862511783838,0.001912244246341288,0.0002785257820505649,0.002136999974027276,0.0,3.0,0.00016519649943802506
2,28.96664765103479,-4.188954296449299,-0.0034392174291800826,25.42648164171885,-0.0028948527760825986,4.286501643946394e-05,-10.057454109191895,0.008726993575692177,-4.741334438323975,-0.0015045282198116183,-0.00624940637499094,0.0001987927535083145,0.0017473242478445172,0.0020351000130176544,0.0,3.0,0.00016519649943802506
3,3.902672733326046,-0.010573576743463056,0.001977364525967722,-0.36672690915955514,0.0016477531901786867,5.06342803419102e-06,-12.193467140197754,0.0030379737727344036,-5.79656457901001,0.0008570337668061256,0.0020762942731380463,2.114546805387363e-05,0.00018814601935446262,0.0020458000944927335,0.0,3.0,0.00016519649943802506
4,5.81187221649325,-20.620160522227824,-0.000536388640474181,27.49460678441335,-0.0004225959424351191,1.0908930789810256e-06,-13.728513717651367,0.0014215982519090176,-6.555973529815674,-0.00022047691163606942,-0.001000105170533061,0.00016020922339521348,0.00024182310153264552,0.002126600011251867,0.0,3.0,0.00016519649943802506
5,11.03651067725799,-29.096876436891073,-0.0005214386785436793,-17.743233672246998,-0.001713605377446161,9.494216328675975e-07,-13.867412567138672,0.0014363370137289166,-6.545659065246582,-0.0008912310004234314,-0.00030066867475397885,0.00017388476408086717,0.00031498991302214563,0.0020332999993115664,0.0,3.0,0.00016519649943802506
6,11.18140350323972,-17.548008521501888,-0.003029763447632099,25.951136014155452,0.004404771231784704,3.579643816919997e-05,-10.237662315368652,0.007848056964576244,-4.847489356994629,0.0022902144119143486,-0.005527193192392588,5.413301914813928e-05,7.1645913521933835e-06,0.0026632999069988728,0.0,3.0,0.00016519649943802506
7,30.0,-30.0,0.006,30.0,-0.006,0.00014772359281778336,-8.820167541503906,0.015595744363963604,-4.160757064819336,-0.003117747139185667,0.01172138936817646,0.0005570331122726202,0.0009561816114000976,0.0021017000544816256,0.0,3.0,0.00016519649943802506
8,11.262733260219129,9.844587213997672,-0.006,-13.842467499852535,-0.00033251932713308655,1.7300671970588155e-05,-10.964765548706055,0.004681525751948357,-5.364130973815918,-0.00017512297199573368,-0.004134985618293285,0.0005556672113016248,0.0001871663989732042,0.002132900059223175,0.0,3.0,0.00016519649943802506
9,12.038275583230096,4.751265600610237,0.004167281943527114,15.940204047644897,-0.0006511899167978294,4.0600796637590975e-05,-10.111722946166992,0.007273728493601084,-4.923486232757568,-0.0003393084043636918,0.006316573359072208,0.00016526247782167047,0.0010704310843721032,0.002735899994149804,0.0,3.0,0.00016519649943802506
10,-3.0358972707575695,20.630753180837722,-0.0012100592257144524,-5.941589382479812,-0.0005474097461204801,1.4005780712977867e-06,-13.478625297546387,0.0017108162865042686,-6.370784759521484,-0.0002865695278160274,-0.0010917597683146596,0.00045885518193244934,0.0002061188279185444,0.002503399970009923,0.0,3.0,0.00016519649943802506
11,13.167871981552612,-11.316825533705154,-0.0013846572838590778,-28.33095284286769,0.0006291587229704563,6.992491989876726e-07,-14.173258781433105,0.0013324113097041845,-6.62076473236084,0.00032407575054094195,-0.0004400651669129729,0.0008469019667245448,0.000289638846879825,0.00210529996547848,0.0,3.0,0.00016519649943802506
12,11.526410209349434,21.645919889575804,-0.0006300002742305264,-11.43956292106703,-0.00040076919632557536,5.854077471667551e-07,-14.350956916809082,0.0012454686220735312,-6.688243389129639,-0.00021094895782880485,-0.0004825507348868996,0.0006101353792473674,0.000493802537675947,0.0021077999845147133,0.0,3.0,0.00016519649943802506
13,-16.57987893299561,-15.885402922392165,0.0004040624371866301,0.6275436704314726,-0.0001317448042582851,2.591217935332679e-06,-12.863382339477539,0.0017033517360687256,-6.375157356262207,-5.9164438425796106e-05,0.00044020291534252465,0.002175766509026289,0.00023220229195430875,0.002663100021891296,0.0,3.0,0.00016519649943802506
14,17.72069495692124,-27.282743896748087,-0.0011262036340282042,23.200556991121058,0.0008114276919755209,4.140230885241181e-06,-12.394759178161621,0.0026816921308636665,-5.92130708694458,0.00042172023677267134,-0.0019489983096718788,5.196749771130271e-05,0.0005699796602129936,0.00206840003374964,0.0,3.0,0.00016519649943802506
15,9.359581824894912,-6.048254337715935,-0.0001727716454153319,-15.97913105554794,-0.006,9.780396794667467e-06,-11.535130500793457,0.0033839987590909004,-5.688697338104248,-0.003120686626061797,-0.0001079818102880381,0.0002323014778085053,7.835950964363292e-05,0.002063299994915724,0.0,3.0,0.00016519649943802506
16,27.60661965719111,-4.838575103057121,0.00017306467348211888,-3.6814072655868597,0.005247714403691838,8.482816156174522e-06,-11.677468299865723,0.0037786082830280066,-5.578399658203125,0.0027231720741838217,0.00015891251678112894,0.0013845219509676099,0.00040852557867765427,0.0026533999480307102,0.0,3.0,0.00016519649943802506
17,29.688532415292585,27.243087660743356,0.0008066621394500792,29.780525016638027,-0.0012081034134915195,2.1213390937191434e-05,-10.76087760925293,0.005311296787112951,-5.237919330596924,-0.0006268122233450413,0.001459319144487381,0.0003460691077634692,0.006104261614382267,0.0020786999957636,0.0,3.0,0.00016519649943802506
18,4.339706622990331,8.837775403395296,-2.1040640274409224e-05,-25.34009056310479,0.0004173540180037373,7.760408493595605e-08,-16.371644973754883,0.000395266804844141,-7.835949420928955,0.00021636902238242328,-5.6841217883629724e-06,0.00020065924036316574,0.0001457680482417345,0.0027437000535428524,0.0,3.0,0.00016519649943802506
19,19.57296009244815,-24.973578380599598,0.00041723028004222047,-5.376848356758318,0.00035485083921968407,1.076566491065023e-06,-13.74173355102539,0.001396771753206849,-6.573591709136963,0.00017947952437680215,0.0003881164884660393,0.0012832536594942212,0.00037509799585677683,0.0026283999904990196,0.0,3.0,0.00016519649943802506
20,-1.7641338009156255,12.12842278681788,-0.00013565622150213508,3.2150270019360545,0.001694191825898934,8.537812163922354e-07,-13.973590850830078,0.0012647180119529366,-6.672905921936035,0.0008803106029517949,-0.00016159308142960072,0.0001673543592914939,0.00027827449957840145,0.002657500095665455,0.0,3.0,0.00016519649943802506
21,2.844687912874668,-9.944631368018683,-0.00023032827331585085,-26.594273211981626,-2.5986190644505948e-05,4.4630547790802666e-07,-14.622262001037598,0.0006331592448987067,-7.36478853225708,-9.206047252519056e-06,-8.095905650407076e-05,0.0009235512698069215,0.00016243700520135462,0.0025261000264436007,0.0,3.0,0.00016519649943802506
22,14.393294553165049,2.1357030796193364,-0.00011394534160867579,1.339341988826192,-0.0005979186969041881,3.718268999364227e-07,-14.804837226867676,0.0009490192169323564,-6.960081577301025,-0.00031263139680959284,-0.0001355674467049539,0.0004308994102757424,0.0005707413074560463,0.002645100001245737,0.0,3.0,0.00016519649943802506
23,0.06466410978072316,-15.524244282091104,-0.00027709408070771945,-19.613171698694966,0.0009776325866917043,1.4357776763063157e-06,-13.453804016113281,0.00148555648047477,-6.511965751647949,0.0005151312798261642,-0.00014703038323204964,0.0015095584094524384,0.00013723121082875878,0.005502799991518259,0.0,3.0,0.00016519649943802506
24,-11.397587128077236,7.729974180186691,0.0003851181025189382,-3.254671585175022,-0.0019391913722190107,1.2422977988535422e-06,-13.59854793548584,0.0016457636374980211,-6.409550666809082,-0.0010066218674182892,0.00037637041532434523,0.00039807349094189703,0.00012746916036121547,0.0020941999973729253,0.0,3.0,0.00016519649943802506
25,1.806159946156802,-6.944610700444618,-0.0002020635901250249,-2.1777869937235663,-0.0005756601995633769,1.940513243425812e-07,-15.455142974853516,0.0006821923889219761,-7.290198802947998,-0.0002976605319418013,-0.00020259722077753395,0.00035886309342458844,5.006131686968729e-06,0.0020862999372184277,0.0,3.0,0.00016519649943802506
26,11.084791564519541,7.182897768255638,-0.0003122496181466636,-18.3367256023088,-0.00013686767771777707,2.0669914135851286e-07,-15.392001152038574,0.0005469562020152807,-7.511141777038574,-7.344634650507942e-05,-0.00017882109386846423,0.0005818930803798139,7.484373327315552e-06,0.0026472999015823007,0.0,3.0,0.00016519649943802506
27,2.7480681845612653,5.069140975996796,-0.000399750356726609,-17.38245464926172,-0.0004304135524574852,1.0840454223171037e-07,-16.037395477294922,0.0004981197416782379,-7.60467004776001,-0.00022339967836160213,-0.0002382744860369712,5.629784209304489e-05,1.6593221516814083e-05,0.0022109999554231763,0.0,3.0,0.00016519649943802506
28,6.760879961013762,-0.5304828717562573,-0.00047893959448015624,-28.149346411501107,-0.0008697914641781562,2.5548175131007156e-07,-15.18011474609375,0.0007539764046669006,-7.190149307250977,-0.00045227931695990264,-0.00015211207210086286,7.6022777648177e-05,0.0002231473190477118,0.002645100001245737,0.0,3.0,0.00016519649943802506
29,1.1412367404389185,26.41378973628371,-0.0008962147373509728,-27.909223397905315,0.0016802323290211333,1.3334813502297038e-06,-13.527717590332031,0.0017364369705319405,-6.35591983795166,0.0008696114527992904,-0.00029438399360515177,0.0009760576649568975,0.00016882516501937062,0.003724000067450106,0.0,3.0,0.00016519649943802506
30,2.4844785630649175,-16.05856008385039,0.00013432708760837127,-9.361284633094039,-0.0007652178722205771,4.986554813513067e-07,-14.511350631713867,0.0009783292189240456,-6.929664134979248,-0.00039423725684173405,0.00011097476090071723,0.0008003436378203332,0.00014589086640626192,0.004143900005146861,0.0,3.0,0.00016519649943802506
31,4.3798675253253165,11.522651522220244,-0.00040454080139412353,-28.976077033404014,-0.000533628582106863,1.7049798373136582e-07,-15.584542274475098,0.0006736141513101757,-7.302853107452393,-0.0002786909753922373,-0.00011965372686972842,0.0003276053466834128,0.00022293352230917662,0.0027004999574273825,0.0,3.0,0.00016519649943802506
32,8.694712883451965,-11.036469597493362,-6.904264199912203e-05,0.1404063441668616,-0.00011912351202434085,1.2385422465399643e-08,-18.206745147705078,0.0001846587547333911,-8.597001075744629,-6.207173282746226e-05,-7.408144301734865e-05,7.480523345293477e-05,2.2205918867257424e-05,0.0020471999887377024,0.0,3.0,0.00016519649943802506
33,6.965657320419252,-10.462407924025669,-0.00019658861991490195,-13.660060386367602,-0.00024176631138156363,4.8485993886515644e-08,-16.841991424560547,0.0003795737284235656,-7.876461505889893,-0.00012483139289543033,-0.00013452644634526223,0.00013902795035392046,0.00010140380618395284,0.002652999944984913,0.0,3.0,0.00016519649943802506
34,10.77457687025451,2.151244372890204,-0.00016937880822992388,-0.3764359053286072,0.000279787188215212,1.9203032763925876e-07,-15.465612411499023,0.0006962826591916382,-7.269754886627197,0.00014426882262341678,-0.00018568198720458895,0.0003159331390634179,0.00041673053056001663,0.002009800053201616,0.0,3.0,0.00016519649943802506
35,10.789149566297796,-17.253264471088173,9.949857413568671e-05,6.607778646592458,-0.00015813269165044033,3.830040640195875e-08,-17.077804565429688,0.0003308088635094464,-8.013969421386719,-8.269645331893116e-05,0.0001258262200281024,0.00014827768609393388,9.629467240301892e-05,0.0021998999873176217,0.0,3.0,0.00016519649943802506
36,4.864599207898706,-10.351897727392286,0.00032438130118736297,16.571018535698,0.00020753302414780637,2.660100903995044e-07,-15.139731407165527,0.0006813165964558721,-7.291483402252197,0.00010779545118566602,0.0004970036679878831,3.749602910829708e-05,0.00011553894728422165,0.005666799959726632,0.0,3.0,0.00016519649943802506
37,13.268265926900986,-11.14182686652149,-0.0002452668929213438,-19.490452495691603,-0.00027280238689913046,3.0941322393118753e-07,-14.988588333129883,0.000723338860552758,-7.231632709503174,-0.00014447876310441643,-0.0001298107672482729,0.0007137056672945619,0.0001843930222094059,0.005423899972811341,0.0,3.0,0.00016519649943802506
38,8.93861070668568,-12.16346713469738,0.00033669234685507047,23.65925103801825,0.00025358175292560783,3.8841079685880686e-07,-14.761201858520508,0.0008706208318471909,-7.046304225921631,0.000131463777506724,0.000586358190048486,8.983343286672607e-05,0.00021576425933744758,0.005432800040580332,0.0,3.0,0.00016519649943802506
39,14.091284786872565,-17.70107762617381,-4.849045618255252e-05,2.818551915491986,-0.0005769478195709766,1.8512147903493315e-07,-15.502253532409668,0.0006174385780468583,-7.389930725097656,-0.0003015467373188585,-5.337928087101318e-05,0.000412275199778378,0.00011274989083176479,0.0032029999420046806,0.0,3.0,0.00016519649943802506
40,11.97928474950106,-13.936924656242642,-0.00024193653992479056,-12.562941721274159,-0.0002482295808831275,1.4956493998852238e-07,-15.715535163879395,0.0005887289880774915,-7.437544822692871,-0.00013055633462499827,-0.00017223447503056377,0.0004311780503485352,0.00014069830649532378,0.0027788999723270535,0.0,3.0,0.00016519649943802506
41,6.873821944690309,-4.366364110833588,-0.00010074319971827646,-0.2953139634944063,-0.00010139576016945852,2.801246523631562e-08,-17.390615463256836,0.0002649376110639423,-8.236016273498535,-5.2791889174841344e-05,-0.0001090612931875512,5.107754986966029e-05,0.00015509131480939686,0.0026507999282330275,0.0,3.0,0.00016519649943802506
42,7.2181394932558565,10.000480080619743,-0.00014146228736117028,-13.307212091194629,5.9101885867631884e-05,9.041579573931813e-08,-16.218847274780273,0.0003921050811186433,-7.84398078918457,2.9310862373677082e-05,-0.00010223337449133396,0.0003664525575004518,0.00015466910554096103,0.0021779000526294112,0.0,3.0,0.00016519649943802506
43,1.3244002127133927,0.6382511604527908,-8.272671344338664e-05,-1.3935854246948265,-0.00011911952029827615,2.9093154552128908e-08,-17.35276222229004,0.00028146186377853155,-8.17551326751709,-6.123755883891135e-05,-8.71098818606697e-05,0.0001390753168379888,0.00012715354387182742,0.0027100000297650695,0.0,3.0,0.00016519649943802506
44,1.1802433871875142,-1.581961781691902,-7.837930878465334e-05,-0.0972502143556142,-0.0001440454807550452,3.623386390927408e-08,-17.133272171020508,0.0003051622770726681,-8.094666481018066,-7.396860019071028e-05,-8.498373063048348e-05,0.00019271724158897996,9.970263636205345e-05,0.002196800080128014,0.0,3.0,0.00016519649943802506
45,5.45833669769024,-5.95886937014603,-0.0012309884509155223,-22.310389997561412,0.0029801291276070076,2.7849796424561646e-06,-12.79127025604248,0.0023333271965384483,-6.060460090637207,0.0015511177480220795,-0.0005774194723926485,0.00026529666502028704,0.00014428305439651012,0.0021333999466151,0.0,3.0,0.00016519649943802506
46,-14.53766445136768,6.149905596156799,0.0006617993623617195,-5.0503492619806964,-0.0016366144498041351,1.3684423265658552e-06,-13.501837730407715,0.0019138242350891232,-6.2586517333984375,-0.0008479398675262928,0.0006140663172118366,0.0007130141602829099,0.00019062178034801036,0.0021017000544816256,0.0,3.0,0.00016519649943802506
47,-2.381357329772553,-17.373672090648594,0.0005773451619638418,-23.56553110185525,0.001959349644606914,3.777421852646512e-06,-12.486469268798828,0.0024945922195911407,-5.9936299324035645,0.0010290131904184818,0.00025599825312383473,0.002300421241670847,0.00011874053598148748,0.0019884000066667795,0.0,3.0,0.00016519649943802506
48,3.008671996136596,24.724289694336093,0.00016396704380178856,25.169325528451317,0.0025224611215020364,3.0834485187369864e-06,-12.689461708068848,0.0024873188231140375,-5.9965500831604,0.0013106721453368664,0.00026596119278110564,0.00022840713791083544,0.0015929638175293803,0.0030646000523120165,0.0,3.0,0.00016519649943802506
49,9.499664963055078,-14.526730671401603,0.0002606129373819898,9.652761836855852,-0.0009649483220958661,3.7722506363024877e-07,-14.790423393249512,0.0008985220338217914,-7.014759540557861,-0.0005020410753786564,0.0003479344886727631,9.055418195202947e-05,6.538787147292169e-06,0.005407500080764294,0.0,3.0,0.00016519649943802506
50,2.022126115961442,-2.6810644751322,-2.8492148771825774e-06,7.27235917593251,7.194727334530873e-05,1.8518559130598078e-08,-17.804492950439453,0.00016316694382112473,-8.720736503601074,3.775989171117544e-05,-6.9359839471871965e-06,6.361449050018564e-05,0.00017332765855826437,0.002537099993787706,0.0,3.0,0.00016316694382112473
51,3.9804832972491297,-7.299519042886163,-0.0002809874110325935,-12.344298156277887,-0.00018445267890207842,1.196058860841731e-07,-15.939064025878906,0.0005114470259286463,-7.578266620635986,-9.410745406057686e-05,-0.00020350926206447184,0.0003674865874927491,6.017402120050974e-05,0.002636499935761094,0.0,3.0,0.00016316694382112473
52,7.890651469792037,10.54711022786437,-3.948383054384224e-05,-6.570056140891522,0.00030824752240669564,1.5858435631344037e-07,-15.65697956085205,0.0005631548119708896,-7.4819560050964355,0.00015888208872638643,-4.1578838136047125e-05,0.00035461800871416926,0.00037076970329508185,0.0026015000184997916,0.0,3.0,0.00016316694382112473
53,9.258060183719929,3.007248627668621,-0.00016114617481926156,-8.885713636235046,0.00032419788566073743,1.160906961672481e-07,-15.968894004821777,0.0005584103055298328,-7.490416526794434,0.00016738286649342626,-0.00013555337500292808,0.0003220470098312944,0.00018890111823566258,0.002103300066664815,0.0,3.0,0.00016316694382112473
54,14.521699492316307,-5.365232425379062,-2.6613566566261684e-05,7.440017291018458,0.0005112386087514776,2.2550193534698337e-07,-15.304937362670898,0.0006947754882276058,-7.271921634674072,0.0002645329514052719,-4.187966260360554e-05,0.0003340982657391578,0.00044262746814638376,0.002625899971462786,0.0,3.0,0.00016316694382112473
55,2.331856215047196,0.992793065107942,-3.385121626439941e-05,1.4415198053562668,-2.4566246799733484e-05,2.1769240632352194e-08,-17.64276695251465,0.00017427725833840668,-8.654863357543945,-1.2474210052459966e-05,-4.097408236702904e-05,4.778704897034913e-05,0.0001938708737725392,0.0021320999367162585,0.0,3.0,0.00016316694382112473
56,11.356247825252483,7.3585424756119595,-0.00019234289702848247,-18.13789230537395,0.00027230010781831233,2.1090917812216503e-07,-15.371838569641113,0.0005578574491664767,-7.4914069175720215,0.00013924908125773072,-0.00011135175009258091,0.0005983116570860147,1.620153125259094e-05,0.005404999945312738,0.0,3.0,0.00016316694382112473
57,-2.337165809300881,-13.720119023508422,-7.385343247213723e-05,3.298616215259183,-0.0001363077195608112,2.655756929925701e-07,-15.141366004943848,0.0005678856396116316,-7.47359037399292,-6.777181260986254e-05,-8.298816828755662e-05,0.0007001482881605625,0.00013410298561211675,0.0020499000092968345,0.0,3.0,0.00016316694382112473
58,6.129113608325137,-5.442716717403673,9.207306626598974e-05,15.41847834466415,0.00021778132607651985,8.548157381937926e-08,-16.274965286254883,0.0004474036395549774,-7.71204948425293,0.00011293478746665642,0.00013257564569357783,8.193429675884545e-05,0.00032185210147872567,0.0021856999956071377,0.0,3.0,0.00016316694382112473
59,4.897287320452364,-2.9897053670569913,4.4187575693917134e-05,9.578880376609995,7.29879162486544e-05,4.518193819080807e-08,-16.912569046020508,0.0002544895396567881,-8.276250839233398,3.7838632124476135e-05,5.366530240280554e-05,4.33783425251022e-05,0.00028259289683774114,0.002661100006662309,0.0,3.0,0.00016316694382112473
60,1.2790113830918803,-12.934425378823315,4.469968660384452e-06,5.121306755505681,8.255975772629983e-05,7.544966962313993e-08,-16.399799346923828,0.0002786199329420924,-8.185662269592285,4.4651336793322116e-05,6.6754178078554105e-06,0.0003747692098841071,7.981713133631274e-05,0.005417100037448108,0.0,3.0,0.00016316694382112473
61,2.8961804210996447,-8.296950149961903,5.222628596254158e-05,9.390530800275407,0.00024551597394686806,2.8927244599685764e-08,-17.358482360839844,0.00028399110306054354,-8.1665678024292,0.00012817795504815876,6.783152639400214e-05,0.00010046252282336354,7.550074224127457e-05,0.002939100028015673,0.0,3.0,0.00016316694382112473
62,8.019353112973414,-5.56326638048492,-0.00033653846179532707,-28.68178846452976,-1.6768900323907633e-05,4.310630785653302e-08,-16.959596633911133,0.0002745478705037385,-8.200385093688965,-8.690562935953494e-06,-0.0001009964689728804,8.968501060735434e-05,0.00024003663565963507,0.002195000066421926,0.0,3.0,0.00016316694382112473
63,-7.69937790539482,7.229918031383235,8.149767663033246e-06,9.572502671714968,-0.00017615918761612552,9.201333028840963e-09,-18.503917694091797,0.0001282342418562621,-8.961651802062988,-9.169690019916743e-05,1.0693661351979245e-05,2.912406125687994e-05,2.2563308448297903e-05,0.0024218999315053225,0.0,3.0,0.0001282342418562621
64,-18.795124755090526,26.101818535213656,-6.223037140281073e-05,21.68162640202846,-0.0001859453059920205,7.314656613743864e-07,-14.128215789794922,0.0010237774113193154,-6.884256362915039,-9.969363600248471e-05,-8.95417615538463e-05,0.0007039709598757327,0.00096511299489066,0.0026514000492170453,0.0,3.0,0.0001282342418562621
65,-7.479215803724038,-0.5965600306425453,0.00017479885578072565,20.169160334427303,-1.694802742226001e-05,1.0440099629249744e-07,-16.075027465820312,0.0004361418541520834,-7.737543106079102,-9.57919837674126e-06,0.00028909093816764653,0.0001803342893254012,9.46091313380748e-05,0.002173599903471768,0.0,3.0,0.0001282342418562621
66,-1.6868096206859895,-7.876468133252797,-0.00010245290186796704,10.482831917076835,-0.00012168644124001818,4.7453848850409486e-08,-16.863508224487305,0.0003212145820725709,-8.043400764465332,-6.227970879990608e-05,-0.00013923592632636428,0.00021899952844250947,2.039838000200689e-05,0.0054345999378710985,0.0,3.0,0.0001282342418562621
67,1.3961195497090735,4.179492571855472,7.209735858801086e-05,-0.1706701510407225,-7.189563790433309e-05,2.8082087766279074e-08,-17.388134002685547,0.00022140273358672857,-8.41552734375,-3.7224988773232326e-05,7.232432108139619e-05,1.722576780593954e-05,0.00020648108329623938,0.002127800020389259,0.0,3.0,0.0001282342418562621
68,-11.079529990483064,18.181915275795973,0.00033060283970686593,4.462214423871923,2.9397907672294852e-05,2.199171831307467e-07,-15.330015182495117,0.0006350836483761668,-7.361753940582275,1.3857150406693108e-05,0.0003939281450584531,0.00034079389297403395,0.00011380288196960464,0.002521999995224178,0.0,3.0,0.0001282342418562621
69,-6.2914948501720005,27.73203844818866,0.00014762413197672773,18.72672706205969,-0.00017776355061307832,2.759543917818519e-07,-15.10303020477295,0.0007848340319469571,-7.150038242340088,-9.458430577069521e-05,0.00022823170002084225,0.0005001994431950152,0.00042383663821965456,0.0025559000205248594,0.0,3.0,0.0001282342418562621
70,8.212249973475116,3.771968015653639,3.970826502316564e-05,-19.705162394294252,-3.118573926446677e-05,5.6652080360208856e-08,-16.686336517333984,0.00023444846738129854,-8.358274459838867,-1.7384274542564526e-05,2.2399983208742924e-05,0.00032865657703951,6.067184222047217e-05,0.005424200091511011,0.0,3.0,0.0001282342418562621
71,-1.5359238383572658,-2.2490363753577793,-9.20148478584495e-06,-3.815857163392797,-0.00013978400967252304,1.0844334497051022e-07,-16.037038803100586,0.00031226128339767456,-8.071670532226562,-7.062229997245595e-05,-9.122557457885705e-06,0.0004545721167232841,1.0460744306328706e-05,0.0021200000774115324,0.0,3.0,0.0001282342418562621
72,2.7400539048142325,-0.03371910888700115,-1.1780294070280125e-06,6.577991737456737,-5.664417812121142e-05,3.2572160080235335e-08,-17.23980712890625,0.00016380171291530132,-8.716854095458984,-2.9387370886979625e-05,-6.202480562933488e-06,4.794701453647576e-06,0.0002516290114726871,0.002561699948273599,0.0,3.0,0.0001282342418562621
73,2.642492596286753,-12.030229726384785,-9.124797870045444e-05,2.728827764263597,-8.106703695928286e-05,6.82848195765473e-08,-16.49957847595215,0.0003353094798512757,-8.000456809997559,-4.0602873923489824e-05,-0.00010305145406164229,0.0003305253339931369,5.27849915670231e-05,0.0027182999765500426,0.0,3.0,0.0001282342418562621
74,-7.500832842458663,2.129186937741441,-6.722685343662226e-05,6.819722605680038,-0.0001644685299973132,4.042556867034364e-08,-17.0238037109375,0.000308892282191664,-8.082517623901367,-8.45320028020069e-05,-8.363243978237733e-05,0.00022123372764326632,6.022199886501767e-05,0.0020511000184342265,0.0,3.0,0.0001282342418562621
75,-0.15390993299404154,7.3087259346971685,-3.1520341565657665e-05,10.887989056695627,-3.8886910518712897e-05,7.954659508868644e-08,-16.346923828125,0.0003207203699275851,-8.044940948486328,-2.074769145110622e-05,-5.02155271533411e-05,0.00013052672147750854,0.0003689875884447247,0.0021507999626919627,0.0,3.0,0.0001282342418562621
76,0.7000453792655681,-1.4183278186190806,-2.5560178247273823e-05,15.768019233167344,4.418004980594252e-05,3.479929588934283e-08,-17.173667907714844,0.00022321117285173386,-8.407392501831055,2.2703257855027914e-05,-4.344152694102377e-05,6.916395795997232e-05,0.00024496883270330727,0.002650999929755926,0.0,3.0,0.0001282342418562621
77,22.919347871482394,0.5203006966852342,-0.00012434449754465004,-29.736567957695744,0.0008817973382574712,2.4408554963883944e-06,-12.923161506652832,0.0017487003933638334,-6.34888219833374,0.0004502056399360299,-2.7089252398582175e-05,0.002059418708086014,0.0004833921557292342,0.0020550000481307507,0.0,3.0,0.0001282342418562621
78,10.553417310991156,-4.374976514623017,0.0001292095139065081,-26.043690926035,9.34688747411247e-05,1.4197337350196904e-07,-15.767626762390137,0.0004499780188780278,-7.7063117027282715,4.698488919530064e-05,5.296100789564662e-05,0.00047019217163324356,0.00022987205011304468,0.0021334000630304217,0.0,3.0,0.0001282342418562621
79,-9.20354156598608,5.265548694189808,-0.00014753165237144415,7.859046547087786,-0.0001775838766408623,5.477329523273511e-08,-16.720062255859375,0.00038451969157904387,-7.863515377044678,-9.184309601550922e-05,-0.00018811490735970438,0.00010877800377784297,0.00010034535807790235,0.003716500010341406,0.0,3.0,0.0001282342418562621
80,12.054790376188405,4.513611598803192,6.543349174183129e-05,-22.255051176127324,-0.00012644945854488608,2.4908189288908034e-07,-15.205484390258789,0.0005085658049210906,-7.583915710449219,-6.841351569164544e-05,3.321018084534444e-05,0.0006856833351776004,0.00012820091797038913,0.005618299939669669,0.0,3.0,0.0001282342418562621
81,2.331277173674593,-5.557934296956592,-1.203350836035428e-05,2.4134163603583247,3.3845716545621454e-05,2.2425398427117216e-08,-17.61307144165039,0.00016770639922469854,-8.6932954788208,1.8554515918367542e-05,-1.5038989658933133e-05,0.00019631166651379317,7.191412441898137e-05,0.0027682000072672963,0.0,3.0,0.0001282342418562621
82,-0.45496807794315763,23.869893526037036,0.00026628979713182963,-15.51643284400032,-0.00032066309933174184,3.014040146354091e-07,-15.014814376831055,0.000743927201256156,-7.2035675048828125,-0.00016963128291536123,0.0001694465900072828,0.0006877169944345951,0.00012198164768051356,0.002410299959592521,0.0,3.0,0.0001282342418562621
83,11.344555260137735,-21.068434129621135,-0.00022422712088717225,-25.48297906488963,0.0003777774012321572,1.4820554383732087e-07,-15.724665641784668,0.0005938138347119093,-7.4289445877075195,0.00019543612143024802,-8.331037679454312e-05,0.00037672961479984224,0.0002534050145186484,0.002660999889485538,0.0,3.0,0.0001282342418562621
84,-8.764764879698305,17.4911300640177,-4.9005484008576784e-05,-0.20406263443238748,-0.00033179959743321724,7.281821012838918e-08,-16.435298919677734,0.0003739147796295583,-7.891482830047607,-0.0001737044658511877,-5.219353624852374e-05,0.0002822249662131071,1.3808641597279347e-05,0.005410399986431003,0.0,3.0,0.0001282342418562621
85,6.611448509872955,-11.046455021463865,-5.2880007902892217e-05,16.987100664901416,0.00043622509495986776,7.004273072652722e-08,-16.47416114807129,0.0004112462338525802,-7.796318531036377,0.00022661543334834278,-8.472858462482691e-05,6.0802420193795115e-05,0.00013900200428906828,0.005470000091008842,0.0,3.0,0.0001282342418562621
86,4.7849324122967785,-4.314859910165115,9.840736551704067e-06,-9.772450814437924,4.806482381156602e-05,1.372257862897186e-08,-18.104223251342773,0.00011709956743288785,-9.052486419677734,2.5886158255161718e-05,7.66284665587591e-06,0.0001610945473657921,6.006573130434845e-06,0.00220470002386719,0.0,3.0,0.00011709956743288785
87,9.408982851251011,-12.800399621641285,-0.0003140772728638634,-18.264268121349264,0.0003328143161497706,8.335952372817701e-08,-16.30010223388672,0.0004972448805347085,-7.606428146362305,0.00017291952099185437,-0.00017731015395838767,0.00012686598347499967,0.00016716448590159416,0.005412900005467236,0.0,3.0,0.00011709956743288785
88,3.5355415210886227,-1.659432437760739,-5.877319837511683e-05,10.645603300973983,0.00010283955147442043,5.2965845043217996e-08,-16.753618240356445,0.0003031727683264762,-8.101207733154297,5.337032052921131e-05,-8.564272138755769e-05,3.8325055356835946e-05,0.00028999437927268445,0.0021871000062674284,0.0,3.0,0.00011709956743288785
89,1.0012665839649235,-5.086216627927223,-3.646811595921648e-05,15.17126483060578,0.0002882384480776352,3.7176153711016013e-08,-17.10759925842285,0.00029002793598920107,-8.145533561706543,0.00014985536108724773,-5.758295810665004e-05,1.4894110790919513e-05,0.00015028513735160232,0.00558420002926141,0.0,3.0,0.00011709956743288785
90,1.2278692253099528,5.9476220169478795,-3.6378190962106884e-06,25.96883173484063,-9.13397887589936e-05,2.4423673039564164e-07,-15.225128173828125,0.000512658036313951,-7.575901508331299,-4.853843347518705e-05,-1.8844093574443832e-05,0.00023729618987999856,0.0006532547995448112,0.0025470000691711903,0.0,3.0,0.00011709956743288785
91,-13.958045674560402,11.624725764411432,6.189696455644144e-05,17.302331630166172,6.541036494062709e-05,1.402107727699331e-07,-15.780118942260742,0.0004928299458697438,-7.615346431732178,3.2613104849588126e-05,0.00010268956248182803,0.000329666247125715,0.000385388353606686,0.003555299947038293,0.0,3.0,0.00011709956743288785
92,8.88379399956306,7.115096623217972,3.565751300243253e-05,-11.437294191421236,0.0002166613535774426,1.0283243057074287e-07,-16.090164184570312,0.0004185543511994183,-7.778703689575195,0.00011119956616312265,2.3379236154141836e-05,0.0003802998980972916,0.0001876512251328677,0.002620600047521293,0.0,3.0,0.00011709956743288785
93,-8.5556490039392,14.384839484044315,3.7058850656503425e-05,6.659645183978956,2.2616207506429266e-06,2.5047768303920748e-08,-17.50248146057129,0.00016132130986079574,-8.732112884521484,2.907281100306136e-07,4.578678999678232e-05,0.0002135805698344484,1.6907008102862164e-05,0.0026943000266328454,0.0,3.0,0.00011709956743288785
94,-7.589527232261408,27.96290677609884,-2.1506966041127908e-05,3.3631754274387475,0.0001875939913332117,2.863709767098044e-07,-15.065978050231934,0.0005665720673277974,-7.4759063720703125,9.44583589443937e-05,-2.834594124578871e-05,0.0007261066930368543,0.00016142879030667245,0.0023845999967306852,0.0,3.0,0.00011709956743288785
95,-11.575672069468105,12.106801581719406,6.259825448638478e-05,4.541740251581678,-7.196976689255044e-05,2.1504805047811715e-08,-17.65498924255371,0.00022186784190125763,-8.41342830657959,-3.763055428862572e-05,7.678250403841957e-05,5.600905205938034e-05,0.00015890051145106554,0.002557500032708049,0.0,3.0,0.00011709956743288785
96,-9.600969018187453,25.147554877640395,5.6640444251819285e-05,-0.5606365826838707,-0.00013279892596444742,2.3367749690805795e-07,-15.26932430267334,0.00047433184226974845,-7.653603553771973,-7.189658936113119e-05,5.8707872085506096e-05,0.000670703302603215,1.6751480870880187e-05,0.002635300043039024,0.0,3.0,0.00011709956743288785
97,-2.2230985494303157,6.325598202635128,1.2399770242227575e-05,20.039063723262203,0.00010588863582200753,8.491110037311955e-08,-16.281661987304688,0.000347795314155519,-7.96389627456665,5.4115414968691766e-05,1.3798671716358513e-05,0.00022107046970631927,0.00033869201433844864,0.0054799000499770045,0.0,3.0,0.00011709956743288785
98,7.341477460632772,8.599934058424008,-2.0010877922346183e-05,-19.371146508645108,0.00010446453670426222,7.467471618838317e-08,-16.410123825073242,0.00026228290516883135,-8.246087074279785,5.289199543767609e-05,-1.0600342648103833e-05,0.00037836533738300204,1.921580587804783e-05,0.002749399980530143,0.0,3.0,0.00011709956743288785
99,18.30364716608092,-9.93876152145292,-0.0013350507741794325,-24.713270104924046,-0.0025849824608740932,3.420439725232427e-06,-12.58574104309082,0.0028328001499176025,-5.866489410400391,-0.0013504413655027747,-0.0005434760823845863,0.0015868648188188672,0.00029090067255310714,0.002201499999500811,0.0,3.0,0.00011709956743288785
100,10.857555399271087,-26.247206552328716,4.508418356672137e-05,-1.3848631398237894,0.0003328952166261285,1.062760759396042e-07,-16.057226181030273,0.00046958448365330696,-7.663662433624268,0.0001728855713736266,5.2586903620976955e-05,0.00012566120130941272,0.00036256283055990934,0.0026554999640211463,0.0,3.0,0.00011709956743288785
0,10.0,-10.0,0.0,10.0,0.0,2.664279996622554e-08,-17.440746307373047,0.00016519649943802506,-8.708374977111816,-4.810091240869951e-07,-3.472792968750582e-06,0.00013611702888738364,0.00018636837194208056,0.004137800075113773,0.0,4.0,0.00016519649943802506
1,-30.0,30.0,0.006,-30.0,-0.006,1.4475031093752477e-05,-11.143085479736328,0.00590365007519722,-5.1321845054626465,-0.0031280789989978075,0.0016801862511783838,0.001912244246341288,0.0002785257820505649,0.0024130999809131026,0.0,4.0,0.00016519649943802506
2,22.05714451667664,-8.379422311691242,-0.0040577699755328005,21.11469559052537,0.004292208312088836,5.181352753425017e-05,-9.86785888671875,0.009516457095742226,-4.654732704162598,0.002231634920462966,-0.006815947126597166,7.345560152316466e-05,0.0008642948814667761,0.0020742000779137015,0.0,4.0,0.00016519649943802506
3,4.2184341362471995,-10.791036525017166,0.0017918426425454221,2.7522470529966987,-0.001920454776870446,5.180222615308594e-06,-12.170662879943848,0.0031422374304383993,-5.762820243835449,-0.000997639261186123,0.002040802501142025,0.00020017879432998598,7.412433205900015e-06,0.0021075999829918146,0.0,4.0,0.00016519649943802506
4,16.504269664489637,-3.5248883136682045,-0.0019199872986945907,23.248934935547336,-0.0010410363932639797,1.213997802551603e-05,-11.31900691986084,0.004440086428076029,-5.417081356048584,-0.0005414851475507021,-0.003361556213349104,2.8819471481256187e-05,0.001045270822942257,0.002149099949747324,0.0,4.0,0.00016519649943802506
5,10.927894236528916,-3.2897437137973844,0.00046686785741447757,9.86349005840492,0.005116740590692333,7.589525466755731e-06,-11.788741111755371,0.003613839391618967,-5.622984409332275,0.002659946447238326,0.0006178704788908362,0.0001962533569894731,0.00047579186502844095,0.0050891999853774905,0.0,4.0,0.00016519649943802506
6,-6.491414385043936,-5.987207040047406,-0.00034268428514697315,9.039984488984835,-0.0017223332930876997,1.0816448821060476e-06,-13.737027168273926,0.0015919862780719995,-6.44277286529541,-0.0008939186227507889,-0.0004500041832216084,0.0003841340949293226,0.00011199280561413616,0.0021403999999165535,0.0,4.0,0.00016519649943802506
7,8.587018044909518,-19.15776853452583,-0.00017338798656877033,0.6483121402778597,5.742886975335491e-05,5.205649244999222e-08,-16.770936965942383,0.000323467276757583,-8.036412239074707,3.0231607524910942e-05,-0.00018407827883493155,3.6065703170606866e-05,0.0001822490885388106,0.0026489999145269394,0.0,4.0,0.00016519649943802506
8,25.529441030976052,23.581248819649076,0.00016666158971684504,-14.342860026241695,-1.4726616267944053e-05,4.6469807557514287e-07,-14.581877708435059,0.0007852395065128803,-7.149521827697754,-1.0500244570721406e-05,0.00010060511704068631,0.0006772324559278786,0.0006710358429700136,0.0027191999834030867,0.0,4.0,0.00016519649943802506
9,-21.360480287976536,7.366109860462896,0.00032780618991873426,12.712296862239135,0.001077545110268585,7.979979272931814e-07,-14.041159629821777,0.0014105831505730748,-6.563752174377441,0.0005602125893346965,0.0004791505343746394,2.9503502446459606e-05,0.0007129366276785731,0.002165099955163896,0.0,4.0,0.00016519649943802506
10,22.846889739533463,-16.147520882547163,0.006,-2.383229937694995,0.006,4.6278022637125105e-05,-9.980843544006348,0.009774917736649513,-4.627935409545898,0.0031147999688982964,0.005977766588330269,0.001296147471293807,6.855453830212355e-05,0.0021391999907791615,0.0,4.0,0.00016519649943802506
11,18.288148326576408,-21.72787481269804,0.0005464563335483275,-3.1617035378134997,0.0005318082623045735,8.881751227818313e-07,-13.934097290039062,0.0014393238816410303,-6.543581962585449,0.00027268173289485276,0.0005374120082706213,0.0009885038016363978,0.00026995662483386695,0.00545100006274879,0.0,4.0,0.00016519649943802506
12,25.94203404083234,-23.98540308757498,-0.000318863847312616,10.985512798017378,0.0008067202340758253,7.891587756603258e-07,-14.052298545837402,0.0014531295746564865,-6.534035682678223,0.00041603160207159817,-0.00043208766146562994,0.000856683065649122,0.00035333767300471663,0.0028125999961048365,0.0,4.0,0.00016519649943802506
13,-2.257878988709509,28.11651800687427,-0.0003646023730390167,3.4361698563154968,0.001350622639235275,1.0174204589930014e-06,-13.798239707946777,0.0017133562359958887,-6.3693013191223145,0.0006996102747507393,-0.0004322150198277086,0.0006361011764965951,0.0005269607063382864,0.005504500004462898,0.0,4.0,0.00016519649943802506
14,-23.002173291595334,-19.211021112312917,-1.0071502388502016e-05,-27.165960397099354,-0.00043540631785222035,2.9683618777198717e-05,-10.424915313720703,0.004093502182513475,-5.498354434967041,-0.0001935250620590523,-5.014830094296485e-06,0.007699618581682444,9.03060645214282e-05,0.0021859999978914857,0.0,4.0,0.00016519649943802506
15,17.4850243180302,9.92774237326938,0.0002569834909181063,10.31597667236959,-0.0012608749197880623,1.6128686866068165e-06,-13.337495803833008,0.0018389135366305709,-6.298580169677734,-0.000656807329505682,0.0003223757375963032,0.0002780002250801772,0.0014414608012884855,0.0021588000236079097,0.0,4.0,0.00016519649943802506
16,29.88873504419076,13.249509221790253,-0.0007964379178859767,-17.580315824607478,0.0011929374482014252,1.540969265079184e-06,-13.383098602294922,0.001882203621789813,-6.2753119468688965,0.0006147684180177748,-0.0004753844696097076,0.0013485525269061327,0.00023554899962618947,0.003002700046636164,0.0,4.0,0.00016519649943802506
17,-8.153539922808662,-20.875555368717343,7.358046068160118e-05,14.53868683969459,0.0006404572390246715,3.1868262340140063e-07,-14.959070205688477,0.0008742193458601832,-7.042179107666016,0.00033537953277118504,0.00011423613614169881,0.0005380279617384076,0.00031117929029278457,0.002499499940313399,0.0,4.0,0.00016519649943802506
18,6.311083740596421,8.087956434726646,0.00020007006831891807,-1.5069703178760994,0.0005868769733531776,2.435821215840406e-07,-15.227811813354492,0.0008242831681855023,-7.100996494293213,0.0003042636963073164,0.00019659065583255142,0.00023538553796242923,0.0004114721086807549,0.0026267000939697027,0.0,4.0,0.00016519649943802506
19,11.28577458496319,-13.13259713514763,-3.13675486976079e-05,6.475219136037372,0.000376955029432481,6.052459866623394e-08,-16.620216369628906,0.00036032055504620075,-7.928516387939453,0.00019532654550857842,-4.009051190223545e-05,0.00019676452211569995,5.3042505896883085e-05,0.002108899992890656,0.0,4.0,0.00016519649943802506
20,24.024441377104235,15.651914193824725,-0.0012293405920789048,-16.069694357542673,-0.0007174088540197653,1.3043397757428465e-06,-13.549813270568848,0.0018233365844935179,-6.307086944580078,-0.00037715936196036637,-0.0007812082767486572,0.0009960589231923223,0.00033387914299964905,0.002048900001682341,0.0,4.0,0.00016519649943802506
21,19.71191342050252,-15.542090982596259,-0.00024246447931673893,-5.089704484010741,-0.0007201857363854547,8.232057666646142e-07,-14.010059356689453,0.0012066845083609223,-6.719878673553467,-0.00037892829277552664,-0.00022196551435627043,0.0011189846554771066,9.259673970518634e-05,0.002515300060622394,0.0,4.0,0.00016519649943802506
22,-5.463962588130602,21.1218718423367,-0.0002464376757928953,13.721177188534591,-0.00017868885930358427,2.856079390767263e-07,-15.068645477294922,0.0008359744679182768,-7.086912631988525,-9.470582153880969e-05,-0.00036515359533950686,0.00041899876669049263,0.00033323143725283444,0.00217810005415231,0.0,4.0,0.00016519649943802506
23,-24.086348518499793,-1.0973742840069707,-0.0002482784355775857,2.1048014689264254,-0.0003329669752142147,1.0891737929341616e-06,-13.730091094970703,0.0013349589426070452,-6.618854522705078,-0.00016747134213801473,-0.000270250195171684,0.001325089018791914,0.00046938570449128747,0.002737700007855892,0.0,4.0,0.00016519649943802506
24,12.854358450164154,13.589023916820702,3.9969820958293814e-05,-0.047077456284928404,0.0001900593696418235,4.715995487458713e-07,-14.56713581085205,0.0007645111181773245,-7.176273822784424,9.712730388855562e-05,2.6771846023621038e-05,0.00041463528759777546,0.0008665886125527322,0.0026760000037029386,0.0,4.0,0.00016519649943802506
25,3.8133556437133764,-14.60120261183858,9.380994080468181e-05,9.569253179350202,0.00015450444246332205,3.844964169275045e-08,-17.073917388916016,0.00032568711321800947,-8.029573440551758,8.11350837466307e-05,0.00012627434625755996,0.00016223131387960166,7.43240088922903e-05,0.002508800011128187,0.0,4.0,0.00016519649943802506
26,-5.313887851367819,-22.935657541251274,0.00038483656500584745,28.149259850127926,-0.00021001521986863917,7.419748726533726e-07,-14.113950729370117,0.0012805471196770668,-6.660467624664307,-0.00011116723908344284,0.000735619047190994,0.00045200769091024995,0.00041551393223926425,0.0021099000005051494,0.0,4.0,0.00016519649943802506
27,-2.0226266855151938,-0.5762062241959091,8.664064126113398e-05,6.163857397447772,-0.00011813162623952321,3.226846700954411e-08,-17.249176025390625,0.0002915995428338647,-8.140129089355469,-6.0648235375992954e-05,0.00010528157145017758,0.00016706014866940677,8.427933062193915e-05,0.004403900005854666,0.0,4.0,0.00016519649943802506
28,-1.9081029409363037,-29.475683587039253,-0.000214148388060973,18.89342189931494,-8.576683582374868e-05,2.5261499558837386e-07,-15.191399574279785,0.0007229312905110419,-7.23219633102417,-4.369837915874086e-05,-0.0003358944086357951,0.00020192044030409306,0.0004847565433010459,0.005399400019086897,0.0,4.0,0.00016519649943802506
29,-0.06773222644865702,19.453614473475408,2.62710348215894e-05,-0.5693591630190552,-0.000260648591446231,1.8534571211148432e-07,-15.501043319702148,0.0005645229248329997,-7.47952938079834,-0.00013721692084800452,1.9764505850616843e-05,0.00040149467531591654,0.00041358821908943355,0.0020308999810367823,0.0,4.0,0.00016519649943802506
30,-11.256266393652245,-19.790721548491668,0.00024465660115671555,16.357010675430672,-0.0003202598990504199,3.2938322647169116e-07,-14.926043510437012,0.0009380148840136826,-6.971744537353516,-0.0001645916054258123,0.0003808519395533949,0.0004485391837079078,0.00033660343615338206,0.004039600025862455,0.0,4.0,0.00016519649943802506
31,19.32457607442979,20.93692823588659,-7.859196819874417e-05,-26.47888492990916,-0.0003960367566063623,5.902232942389674e-07,-14.342764854431152,0.0008853221079334617,-7.029559135437012,-0.000210085665457882,-2.3417898773914203e-05,0.0009991966653615236,0.0003044403565581888,0.0022213999181985855,0.0,4.0,0.00016519649943802506
32,5.917783836860895,10.35523625560124,-0.000414747137109739,-6.882290473018439,-0.00011498275274957951,2.2803652655056794e-07,-15.293760299682617,0.0007269196212291718,-7.226694583892822,-6.091474642744288e-05,-0.000367942382581532,0.0002879092644434422,0.0003082156472373754,0.0027224000077694654,0.0,4.0,0.00016519649943802506
33,-2.268691006201368,-3.0466464072761763,-0.000272614622347635,1.9055236053603655,-3.345063595612817e-05,1.6121359180942818e-07,-15.640535354614258,0.0005129926139488816,-7.575249195098877,-1.572403562022373e-05,-0.0003044918121304363,0.0003690952144097537,1.645829797780607e-05,0.002790299942716956,0.0,4.0,0.00016519649943802506
34,-10.706808651335024,11.218276755182504,0.00021142292386987541,10.481743320934727,-0.00019577981245743863,1.1655222920126107e-07,-15.964926719665527,0.0005410108715295792,-7.522071361541748,-0.00010244717122986913,0.00028946116799488664,0.00015522423200309277,0.0001429808180546388,0.0021277000196278095,0.0,4.0,0.00016519649943802506
35,7.8290794734827704,-17.053042969780847,-0.0003492733285994299,-4.7227894122376615,2.215589622506974e-05,1.2200169408060901e-07,-15.919230461120605,0.00046643707901239395,-7.670387268066406,1.2262814379937481e-05,-0.00032292059040628374,0.00011265054490650073,0.0001498568308306858,0.0026346000377088785,0.0,4.0,0.00016519649943802506
36,0.7049824704042691,13.693488912960444,0.00014400441072468252,2.5956716049467556,-0.00024145392401981534,1.5278426701570424e-07,-15.694238662719727,0.0006068760994821787,-7.407186031341553,-0.00012653581507038325,0.00015574684948660433,0.000240006236708723,0.0004091805894859135,0.004410399938933551,0.0,4.0,0.00016519649943802506
37,4.191145311663351,3.218011454954894,-0.00011177069184255816,7.047174966741877,3.1416304672813907e-05,1.0583277543219083e-07,-16.061405181884766,0.00041244045132771134,-7.793418884277344,1.597409755049739e-05,-0.00014826192636974156,9.991220576921478e-05,0.00039649661630392075,0.0026437999913468957,0.0,4.0,0.00016519649943802506
38,11.99981702084394,-19.57388196734004,-4.793683838210774e-05,16.520415868435116,-1.2893478151042457e-05,2.2567796520434058e-08,-17.606740951538086,0.000210214639082551,-8.467381477355957,-7.162494512158446e-06,-7.132230530260131e-05,0.0001229622430400923,0.00014049746096134186,0.003025999991223216,0.0,4.0,0.00016519649943802506
39,2.7829153275388685,-5.765701003168776,-4.9565724492255695e-05,18.248997447688037,3.0469995430978347e-05,3.4662054559930766e-08,-17.17761993408203,0.00024868702166713774,-8.299315452575684,1.5522862668149173e-05,-8.300937770400196e-05,7.955675391713157e-05,0.00022075280139688402,0.0021254000021144748,0.0,4.0,0.00016519649943802506
40,9.370300281837975,-25.09143011861679,-0.00022296269986309534,22.806356435352733,-0.00023513420647547874,2.482854029040027e-07,-15.208686828613281,0.0007436568848788738,-7.203930854797363,-0.00012254960893187672,-0.00037776617682538927,6.629625568166375e-05,0.00042038585525006056,0.00280149991158396,0.0,4.0,0.00016519649943802506
41,3.8191166345110332,-13.255571948875719,-1.3867049076779334e-05,21.179631902512128,0.00020063839297381942,1.4986852647780324e-08,-18.01609230041504,0.0001763995096553117,-8.642759323120117,0.00010398065933259204,-2.369781032030005e-05,8.392828749492764e-05,1.3513779776985757e-05,0.0031688999151811004,0.0,4.0,0.00016519649943802506
42,22.232578683168956,29.001380869806724,-0.0004326409503580655,-27.15329625579122,0.00020432419012875796,4.0098433373714215e-07,-14.72934341430664,0.0008232666878029704,-7.102230548858643,0.00010296929394826293,-0.0001448701659683138,0.0007710743811912835,0.00037978001637384295,0.0029977000085636973,0.0,4.0,0.00016519649943802506
43,-10.721745938759655,-9.081263289499262,-0.0003269738509039733,16.077445007518286,2.2415911483272002e-05,3.008095745826722e-07,-15.016788482666016,0.0007410191465169191,-7.207484245300293,1.2505784070526715e-05,-0.0004938902566209435,0.00019366478954907507,0.0002755813766270876,0.0030672999564558268,0.0,4.0,0.00016519649943802506
44,8.087273940703161,-17.84394130249869,0.000428665914482202,24.445556143739005,0.0006716494572899678,7.120459031284554e-07,-14.155123710632324,0.001199473743326962,-6.72587251663208,0.0003488447400741279,0.0007633540662936866,9.246049739886075e-05,8.208936196751893e-05,0.0028883999912068248,0.0,4.0,0.00016519649943802506
45,2.9457363761011135,-22.939612459012228,-0.0001900819050324569,13.707674262737179,5.3603364029246276e-05,1.4433678074965428e-07,-15.751116752624512,0.0005598585703410208,-7.487826347351074,2.8855403797933832e-05,-0.00027101076557300985,0.00021038118575233966,0.000309603608911857,0.003065000055357814,0.0,4.0,0.00016519649943802506
46,0.21546845611975332,1.2519569312594332,-6.995394319720672e-05,6.569642194015519,-5.383892566424532e-05,2.9112122490460024e-08,-17.35211181640625,0.00023849325953051448,-8.341169357299805,-2.774365020741243e-05,-9.100732859224081e-05,4.409926259540953e-05,0.00019538529159035534,0.0027697000186890364,0.0,4.0,0.00016519649943802506
47,5.948260893351272,1.0102871445893369,-0.00012338427478558105,5.396613104264371,-5.171733050067523e-06,9.77698562110163e-08,-16.140649795532227,0.0003971334081143141,-7.831238269805908,-3.064945758524118e-06,-0.00015652322326786816,0.00010780249431263655,0.00036728804116137326,0.0026955000357702374,0.0,4.0,0.00016519649943802506
48,-5.484728882483695,-7.278909204223473,-2.6353772326826695e-05,6.519568208771148,-0.00011030858592294933,1.3565798440140497e-07,-15.813128471374512,0.0003883784811478108,-7.853530406951904,-5.514097210834734e-05,-3.126769297523424e-05,0.0005031016771681607,0.00010083796951221302,0.0029277000576257706,0.0,4.0,0.00016519649943802506
49,3.602236709748546,-11.263239397207817,-8.580270245557831e-05,3.299417646362022,-4.820313320327111e-05,3.909726586925899e-08,-17.057212829589844,0.00025319529231637716,-8.281349182128906,-2.390833105891943e-05,-9.878805576590821e-05,0.0002388345601502806,2.216325628978666e-05,0.0025927999522536993,0.0,4.0,0.00016519649943802506
50,22.94891707743325,-3.8487608479792597,-0.00010790424860808985,-27.04259091667693,0.0007398533571657426,2.502074949006783e-06,-12.89838981628418,0.0016684019938111305,-6.395888805389404,0.00037610053550451994,-3.1270225008483976e-05,0.0021382118575274944,0.00038385074003599584,0.0022359000286087394,0.0,4.0,0.00016519649943802506
51,-0.8844130551775506,-13.71989245297069,-0.00010120463647964982,14.783050000741868,-4.4534886126054774e-05,4.1807062700627284e-08,-16.99020004272461,0.0003082012408412993,-8.084757804870605,-2.2437205188907683e-05,-0.00014851712330710143,0.0001574850030010566,0.00011700883624143898,0.002585600013844669,0.0,4.0,0.00016519649943802506
52,8.743774007842713,-11.001453569382294,-0.00016184985387126418,25.77603789799787,0.00012728942466647312,1.414036603364366e-07,-15.771647453308105,0.000558938889298588,-7.489470481872559,6.575450242962688e-05,-0.00029983409331180155,9.437971311854199e-05,0.00029232093947939575,0.002694200025871396,0.0,4.0,0.00016519649943802506
53,-2.7501478059132025,-0.5684805211714742,-4.319685512506096e-06,13.902301308915092,-8.067119809030906e-05,7.436145921246862e-09,-18.7169132232666,0.00010720192221924663,-9.140796661376953,-4.195141445961781e-05,-8.55071994010359e-06,7.830130016373005e-06,0.00010556945198914036,0.0030453000217676163,0.0,4.0,0.00010720192221924663
54,4.847744087942835,-14.685393880439085,-0.00010357345655132365,16.102886341144053,-1.7413274573934696e-05,2.5649626422818983e-08,-17.478736877441406,0.00018917839042842388,-8.572819709777832,-8.979744052339811e-06,-0.00015746506687719375,6.704607585561462e-06,3.8762558688176796e-05,0.004197200061753392,0.0,4.0,0.00010720192221924663
55,14.200139586149,-21.3537474520765,-0.0001065209835869048,11.606546310133792,-2.4802561596370726e-05,7.986372452251089e-08,-16.34294319152832,0.0004000439657829702,-7.8239359855651855,-1.387688098475337e-05,-0.00014447928697336465,0.00026128135505132377,0.0002220942114945501,0.0028627999126911163,0.0,4.0,0.00010720192221924663
56,-19.576254507857094,13.576023829241382,2.6084286131838952e-05,17.81949961640682,-0.00017215165204012252,4.2322531612626335e-07,-14.675360679626465,0.0007619222160428762,-7.179666042327881,-9.137373126577586e-05,5.435708226286806e-05,0.0004366653738543391,0.0007957174675539136,0.0022981000365689397,0.0,4.0,0.00010720192221924663
57,9.256358790576561,-18.382766883276823,-0.0001555404412076355,5.662269460011629,4.7406608765619945e-05,4.75849475378709e-08,-16.860750198364258,0.0003086455399170518,-8.083316802978516,2.463117562001571e-05,-0.00018742948304861784,4.638725295080803e-05,0.00014678252045996487,0.002698000054806471,0.0,4.0,0.00010720192221924663
58,0.30020266761121167,6.393558230370098,-2.4314610972707642e-05,4.519772272829283,-0.00012307016974038638,4.562647859529534e-08,-16.90277671813965,0.0002661340404301882,-8.231510162353516,-6.41811711830087e-05,-3.416828621993773e-05,5.738475010730326e-05,0.0002781843941193074,0.0022947998950257897,0.0,4.0,0.00010720192221924663
59,12.129941406248957,-20.451829017754044,-0.00016094456956049723,3.9005474684957595,6.222451012887226e-05,8.669187678833623e-08,-16.260906219482422,0.00044261402217671275,-7.722812652587891,3.152994395350106e-05,-0.00018488423665985465,0.00024488632334396243,0.0002075133816106245,0.0024656999157741666,0.0,4.0,0.00010720192221924663
60,-5.745725845098899,-0.08968216882963809,1.243795632714711e-05,10.833412331883432,-0.0001337357768793499,1.223701318053827e-08,-18.218801498413086,0.00015519461885560304,-8.770830154418945,-6.899929576320574e-05,1.69658669619821e-05,0.00011817382619483396,2.028509152296465e-05,0.0022993000457063317,0.0,4.0,0.00010720192221924663
61,4.274018357155061,-11.740911293353944,5.56932072897889e-05,23.62818711237932,-0.00022230734423958344,3.5655187247130016e-08,-17.149372100830078,0.00032452537561766803,-8.033146858215332,-0.00011616836854955181,9.566274093231186e-05,0.00013026531087234616,9.512320684734732e-05,0.002222399925813079,0.0,4.0,0.00010720192221924663
62,-2.1849329161542936,10.068355435469247,-4.1070427806066124e-05,1.7113660575316834,-3.911299333847399e-05,2.8008631858256194e-08,-17.3907527923584,0.0002157485141651705,-8.441396713256836,-2.0635385226341896e-05,-4.961297963745892e-05,8.264256757684052e-05,0.0002083577128360048,0.0021916000405326486,0.0,4.0,0.00010720192221924663
63,12.68841397789252,-15.983407064724815,-3.8851804230580126e-05,14.613813619979362,-8.383416200032925e-05,1.9260189887404522e-08,-17.765226364135742,0.00019871926633641124,-8.5236177444458,-4.421614721650258e-05,-5.816649354528636e-05,0.00016446177323814481,2.82114815490786e-05,0.002191700041294098,0.0,4.0,0.00010720192221924663
64,-3.711752260431695,13.281058866611357,9.244626032445538e-06,8.340292464228687,5.1929873392757196e-05,5.913133094281875e-08,-16.643505096435547,0.0002734872978180647,-8.204255104064941,2.6100688046426512e-05,6.823785497545032e-06,0.00021747496793977916,0.000263650668784976,0.005449200049042702,0.0,4.0,0.00010720192221924663
65,-2.7183873943020584,-10.705119186591766,1.1728985861385046e-05,16.456941713738246,-0.00010824140912487444,1.0984700260507907e-08,-18.326763153076172,0.00016165297711268067,-8.730058670043945,-5.590575892711058e-05,1.9367857021279633e-05,8.16106257843785e-05,9.114807471632957e-05,0.002255599945783615,0.0,4.0,0.00010720192221924663
66,13.333395767024756,-27.469397377684157,2.551401325651316e-05,3.2177947657787125,-1.4576238466408611e-05,1.5639719208593306e-07,-15.670866966247559,0.0004365287022665143,-7.736656188964844,-8.76394915394485e-06,3.719023516168818e-05,0.00034169884747825563,0.00043945014476776123,0.00220589991658926,0.0,4.0,0.00010720192221924663
67,-0.64032194937591,8.926250258366725,7.247920534788882e-05,18.308447778418678,0.00018177718477096054,1.6432193206128431e-07,-15.621438026428223,0.0005536986282095313,-7.498889923095703,9.360045078210533e-05,0.00010602892871247604,0.0002163965837098658,0.0004917418700642884,0.0022028000093996525,0.0,4.0,0.00010720192221924663
68,-6.904427325548083,7.688770544322741,-4.485271416812989e-05,5.7576589381053305,1.7487038817798958e-05,3.873402931731107e-09,-19.36913299560547,9.070601663552225e-05,-9.307887077331543,9.267785571864806e-06,-5.5591415730305016e-05,3.123639908153564e-05,2.045723158516921e-05,0.0031566000543534756,0.0,4.0,9.070601663552225e-05
69,-2.840803080212773,13.450892250778105,-0.00025125520336146735,-19.550601704790527,0.0003724962215699015,5.7389133445440166e-08,-16.673410415649414,0.00036573450779542327,-7.913602828979492,0.00019359866564627737,-0.00013559203944168985,5.0256476242793724e-05,2.2831150999991223e-05,0.002220400026999414,0.0,4.0,9.070601663552225e-05
70,7.886213968063473,-25.843757757738395,-0.00023271118297613042,-20.318040292353714,-0.0006396882866122818,2.615020093799103e-07,-15.156824111938477,0.0008031865581870079,-7.126923561096191,-0.0003301296092104167,-0.00011695939610945061,0.0004657857061829418,0.0002464093849994242,0.005360000068321824,0.0,4.0,9.070601663552225e-05
71,8.621423895683622,-2.0770484304317915,-0.0005380152354348383,-24.409707670223334,0.0003294828698007328,1.276318073450966e-07,-15.874115943908691,0.0006113654235377908,-7.399815559387207,0.00017057007062248886,-0.00022191791504155844,0.0002560630673542619,0.00018169179384130985,0.002197599969804287,0.0,4.0,9.070601663552225e-05
72,6.649939600627408,15.193950617061478,-0.00012494812923975035,-27.198813658676556,0.0006209335896639145,2.991885139635997e-07,-15.022192001342773,0.0007588433800265193,-7.183715343475342,0.0003205333196092397,-3.989235847257078e-05,0.0005884672282263637,0.00020836816111113876,0.0022546000545844436,0.0,4.0,9.070601663552225e-05
73,-17.081394093508447,20.796932251020788,-0.00019913765199373862,-19.345607243266976,0.0011317937978525662,4.064600886977132e-07,-14.715780258178711,0.000887048605363816,-7.027610778808594,0.0005872824694961309,-0.00010748859494924545,0.0003064481425099075,7.810691022314131e-05,0.0054799000499770045,0.0,4.0,9.070601663552225e-05
74,-9.573796049555042,25.53766330499322,-0.0002097343855321988,-17.99431608434434,-0.0001940650966770523,3.7945949316053884e-07,-14.784518241882324,0.0006588964024558663,-7.324944019317627,-0.00010445481893839315,-0.00012152057752246037,0.0008407945861108601,2.5047413146239705e-05,0.00546880008187145,0.0,4.0,9.070601663552225e-05
75,-22.640305727578536,21.574025131185532,-0.00018940767341668797,1.6484160763565747,0.0007975557006066043,5.879350055693067e-07,-14.346649169921875,0.0012218242045491934,-6.7074103355407715,0.0004124562256038189,-0.0001983888796530664,0.0005391374579630792,0.0006828207988291979,0.0022622999968007207,0.0,4.0,9.070601663552225e-05
76,7.743763404943354,-28.97766671529593,-0.0009089488844874441,-20.583317697406525,0.0001412857329336009,4.291350137464178e-07,-14.661494255065918,0.0009654334862716496,-6.942933559417725,7.654780347365886e-05,-0.0004633116186596453,0.0005914188805036247,0.0002597292768768966,0.0021490000654011965,0.0,4.0,9.070601663552225e-05
77,24.027661612107696,-22.35740215332179,0.00023225744915882923,14.885639171895074,0.00028088116247306123,2.9938581747046555e-07,-15.021533012390137,0.0008650165982544422,-7.052762031555176,0.00014401262160390615,0.0003499623853713274,0.0005070585757493973,0.00023502467956859618,0.004474799963645637,0.0,4.0,9.070601663552225e-05
78,29.923711011331203,28.68599642697294,-0.00016212469279059367,-14.8965876009676,-0.00014565889521092723,4.7577546524735226e-07,-14.558320045471191,0.0008411394665017724,-7.080753326416016,-7.75995576987043e-05,-0.00012231986329425126,0.0004323458415456116,0.000850094307679683,0.0037874000845476985,0.0,4.0,9.070601663552225e-05
79,11.776807101164783,-9.236150259730707,6.48822934520581e-05,21.942476096198313,0.0001010123459315619,1.151633313156708e-07,-15.976914405822754,0.000418172829085961,-7.779615879058838,5.2164650696795434e-05,0.00010224849393125623,8.37089610286057e-05,0.0004438103933352977,0.0028876999858766794,0.0,4.0,9.070601663552225e-05
80,6.612062652982967,-6.540606461413142,2.80267927481584e-05,20.672224789970837,-8.500566290209398e-05,7.623088293939873e-08,-16.38949966430664,0.0003206883557140827,-8.04504108428955,-4.465389793040231e-05,3.979622124461457e-05,0.00010645120346453041,0.00036602525506168604,0.003149299998767674,0.0,4.0,9.070601663552225e-05
81,7.577830020163976,-13.695392230908137,3.9970831937491694e-05,14.388069398787266,-0.00017019912446303404,1.2931248072334256e-08,-18.163619995117188,0.00018788696615956724,-8.579669952392578,-8.862359391059726e-05,5.809157664771192e-05,4.388447632663883e-05,3.845912215183489e-05,0.005585599923506379,0.0,4.0,9.070601663552225e-05
82,-7.931361682957545,0.4380353147288067,-4.5977189365928846e-05,6.361661436401007,0.00011417047078842073,6.022008847139659e-08,-16.625259399414062,0.0003182389191351831,-8.05270767211914,6.076240970287472e-05,-5.5835644161561504e-05,0.0003145627852063626,8.871894533513114e-05,0.005515099968761206,0.0,4.0,9.070601663552225e-05
83,8.801582645959792,-11.371350194266826,4.0898337409143045e-05,16.049218254693123,-6.418244044689035e-05,2.3299930873577068e-08,-17.57481575012207,0.0002227287186542526,-8.40955638885498,-3.370065678609535e-05,5.906283695367165e-05,8.771811553742737e-05,0.0001722123270155862,0.002174300025217235,0.0,4.0,9.070601663552225e-05
84,-10.5749896356925,-16.55741197516331,-3.1962179351377476e-05,22.164549249166217,-0.00025107599927077747,8.939353790538007e-08,-16.23021697998047,0.0004136461648158729,-7.790499687194824,-0.0001310312218265608,-4.8482321290066466e-05,0.00011143073061248288,0.00035683446913026273,0.005496899946592748,0.0,4.0,9.070601663552225e-05
85,8.425397776051868,-1.0700027883555865,-3.3772844351477036e-05,-1.4219473948978476,-0.00010346004043897688,5.199091646090892e-08,-16.772197723388672,0.0003090551763307303,-8.081991195678711,-5.443508780444972e-05,-3.9089871279429644e-05,0.000183181487955153,0.00024787895381450653,0.0023244000039994717,0.0,4.0,9.070601663552225e-05
86,-1.8345641860296003,-1.7256333988059565,-8.656976244394888e-05,-2.619561309245831,-0.00016672958951223895,1.0293811669725983e-07,-16.08913803100586,0.00039005966391414404,-7.849210739135742,-8.479165262542665e-05,-8.615240949438885e-05,0.000419900577981025,1.8330621969653293e-05,0.002654799958691001,0.0,4.0,9.070601663552225e-05
87,-2.8749171106113014,6.711822138565802,-3.5412284516545956e-05,8.619922855725834,-0.00010231649346029032,2.6501444594373424e-08,-17.44606590270996,0.00023134748334996402,-8.371589660644531,-5.341545329429209e-05,-5.015413262299262e-05,5.8455418184166774e-05,0.00019710038031917065,0.002801799913868308,0.0,4.0,9.070601663552225e-05
88,-6.4963887349223555,-17.003048915131494,-2.6482744263413955e-05,27.729044573846004,0.0002051234748484828,1.6457906326650118e-07,-15.619874954223633,0.0005335593014024198,-7.535940170288086,0.00010473523434484378,-4.428970714798197e-05,0.00044602688285522163,0.0003230418369639665,0.005633099935948849,0.0,4.0,9.070601663552225e-05
89,-3.4911428569049208,5.278994114683198,-2.0479776212416305e-05,12.17657791166386,-0.00016301033049325944,2.6117207951870114e-08,-17.46067237854004,0.0002424204139970243,-8.324836730957031,-8.507083111908287e-05,-3.235723124817014e-05,7.79808106017299e-05,0.00017200388538185507,0.00253649998921901,0.0,4.0,9.070601663552225e-05
90,8.862000805193864,-21.467514405194862,3.874764242015341e-05,27.641250053922985,0.00018789192858555966,5.141810888176224e-08,-16.783275604248047,0.00034751929342746735,-7.964690208435059,9.724629489937797e-05,7.704136805841699e-05,9.566426888341084e-05,0.00025079899933189154,0.0026990999467670918,0.0,4.0,9.070601663552225e-05
91,2.4234889408761684,-19.930524770634413,2.3230357891869555e-05,25.587650792006784,-0.00011976594436170181,5.3458904858416645e-08,-16.744352340698242,0.0003237979835830629,-8.035390853881836,-6.305632268777117e-05,4.642631029128097e-05,0.00017694775306154042,0.00025168294087052345,0.004672399954870343,0.0,4.0,9.070601663552225e-05
92,-2.0757660422247017,-9.461968472066674,-7.132545123999804e-08,18.463769379348793,-0.0001787876372195151,9.833602376829731e-09,-18.43745994567871,0.0001248517946805805,-8.988383293151855,-9.302546095568687e-05,3.821908478585101e-07,1.7624348402023315e-05,4.5263928768690675e-05,0.0026536999503150582,0.0,4.0,9.070601663552225e-05
93,3.207855253475645,-14.783046885704856,-0.0005766644116426761,-26.95335540593048,-0.00016878166830599335,7.070660785757354e-07,-14.162141799926758,0.0009365221485495567,-6.973337173461914,-8.249862730735913e-05,-0.000201916613150388,0.0011360968928784132,0.00016811695240903646,0.002810999983921647,0.0,4.0,9.070601663552225e-05
94,10.846502365754878,-17.708303963580665,3.723921300725015e-05,20.289520784709737,0.0002015731738892536,1.9519642791010483e-08,-17.75184440612793,0.00023301102919504046,-8.364424705505371,0.00010447853856021538,6.218381895450875e-05,8.464903658023104e-05,4.8048310418380424e-05,0.002070699934847653,0.0,4.0,9.070601663552225e-05
95,13.485239390783912,-16.513715109522042,6.869352793001489e-05,9.929326542129672,-3.6661660960764866e-05,4.2073800443631626e-08,-16.983840942382812,0.00025199411902576685,-8.286105155944824,-2.002342080231756e-05,9.261088416678831e-05,0.0002562996814958751,2.2419968445319682e-05,0.005893899942748249,0.0,4.0,9.070601663552225e-05
96,0.6516774230291602,10.666874674547923,-0.00017123786707453926,-14.141809236075817,0.0003535565020558908,5.3334805016902465e-08,-16.74667739868164,0.0003762075211852789,-7.885369777679443,0.0001835981965996325,-0.00011777974577853456,8.727836393518373e-05,6.238082278287038e-05,0.0028613999020308256,0.0,4.0,9.070601663552225e-05
97,-3.6800001313785518,28.930622457631582,-0.0002240806827677892,-20.108537081370294,0.0007062872961484405,7.10176095708448e-07,-14.157752990722656,0.0010217048693448305,-6.886282444000244,0.0003627670812420547,-0.00011846631969092414,0.0010624220594763756,1.852077002695296e-05,0.005468100076541305,0.0,4.0,9.070601663552225e-05
98,19.99043189688256,-12.992541996797875,0.0023873948943720115,27.13291050402201,-0.0027183505942343406,2.1808376914123073e-05,-10.733216285705566,0.006184669677168131,-5.085681915283203,-0.0014130796771496534,0.004432830959558487,0.00012234240421094,0.000555175356566906,0.002430099993944168,0.0,4.0,9.070601663552225e-05
99,-4.380830173978828,-4.283451282868917,-4.902338825716211e-05,4.059728763411657,-0.00018900397590000334,1.1242676123401907e-07,-16.00096321105957,0.0003971245314460248,-7.831260681152344,-9.630237036617473e-05,-5.7129138440359384e-05,0.00044494555913843215,4.244048614054918e-05,0.003069699974730611,0.0,4.0,9.070601663552225e-05
100,-9.884162135233055,10.067832261943998,-5.746706728012369e-05,10.029754587350846,8.486828853870886e-05,1.9357363711947073e-08,-17.76019287109375,0.00022770059877075255,-8.387478828430176,4.3679588998202235e-05,-7.611412729602307e-05,0.00011139986600028351,0.00010441390622872859,0.002679700031876564,0.0,4.0,9.070601663552225e-05
