step,q1,q2,cv,q3,ch,mse,log_mse,mae,log_mae,mu_x,mu_y,sigma_x,sigma_y,xopt_runtime,xopt_error,run,best_mae,learned_drift_length
0,10.0,-10.0,0.0,10.0,0.0,2.8923974326744428e-08,-17.35859489440918,0.00017351825954392552,-8.65922737121582,-5.606640343103209e-07,-3.382152272024541e-06,0.00015706980775576085,0.0001820810721255839,0.4415443999459967,0.0,0.0,0.00017351825954392552,0.6000000397409028
1,-0.05512580879023461,3.890361517741415,0.00013486777519580904,0.17048707687937723,-0.00011702396894207644,3.562685435554158e-08,-17.150165557861328,0.00030241694184951484,-8.103703498840332,-5.222747859079391e-05,0.00012891521328128874,8.161863661371171e-05,0.00016092986334115267,0.0022951000137254596,0.0,0.0,0.00017351825954392552,0.6000000397409028
2,8.145217251572402e-06,1.5185382692302212,-4.59082383413823e-05,-1.7706419595121143e-06,3.583052932724353e-05,2.1974573272132147e-08,-17.633378982543945,0.00020276491704862565,-8.503463745117188,1.687569238129072e-05,-4.71797538921237e-05,0.00015366062871180475,0.00012375832011457533,0.0022360000293701887,0.0,0.0,0.00017351825954392552,0.6000000397409028
3,3.185924751953336e-06,10.920087674423959,-2.640501441488481e-05,6.261244748020632e-07,3.064198919400386e-05,4.637546169306006e-08,-16.88649559020996,0.00024403772840742022,-8.318187713623047,1.3304948879522271e-05,-3.0903887818567455e-05,0.00012694677570834756,0.00027271101134829223,0.002060699975118041,0.0,0.0,0.00017351825954392552,0.6000000397409028
4,-0.005202511385166507,-18.877520401508708,0.00013404485603788727,-0.0010600916339589422,0.00011888413656310599,3.633271319358755e-07,-14.827961921691895,0.000683518301229924,-7.288257122039795,5.713332211598754e-05,0.00013380160089582205,0.000808053882792592,0.0001771129172993824,0.005736200022511184,0.0,0.0,0.00017351825954392552,0.6000000397409028
5,4.9588240055243946e-05,8.56804667656115,-1.9801482004493714e-05,-0.00039477580518950935,-1.3574551167695955e-05,2.9860128591963075e-08,-17.32674217224121,0.00017651115194894373,-8.642126083374023,-6.288635631790385e-06,-2.3768261598888785e-05,5.8098172303289175e-05,0.0002348103589611128,0.005425999988801777,0.0,0.0,0.00017351825954392552,0.6000000397409028
6,1.501034412535357e-05,-4.256250859480009,4.814554825052374e-06,-2.887819786980704e-06,1.162622154565752e-05,5.593489049715572e-08,-16.699077606201172,0.00019472267013043165,-8.543933868408203,6.771404514438473e-06,3.897582701029023e-06,0.00033237121533602476,3.573614958440885e-05,0.002142600016668439,0.0,0.0,0.00017351825954392552,0.6000000397409028
7,0.000611192534299901,-0.3057802823375729,-3.6039472312555454e-06,-2.1803257761897163e-06,1.543302509323739e-05,2.6621570725637866e-08,-17.441543579101562,0.00016595813212916255,-8.703775405883789,7.94315474195173e-06,-5.415808573161485e-06,0.00020954335923306644,9.565497020957991e-05,0.005762099986895919,0.0,0.0,0.00016595813212916255,0.6000000397409028
8,2.984846276801362e-06,10.638174660288627,-4.6275086078847534e-05,-1.5226692938847994e-05,5.832808855884875e-05,4.61847271537863e-08,-16.89061737060547,0.0002694317954592407,-8.219195365905762,2.579992542450782e-05,-5.019324453314766e-05,0.00011873104813275859,0.00026814622106030583,0.0020424999529495835,0.0,0.0,0.00016595813212916255,0.6000000397409028
9,5.626335442497036e-06,0.865024681831057,2.893526229285709e-05,3.222314533382081e-07,-5.954302141569165e-05,2.2881316397160845e-08,-17.592945098876953,0.00019557669293135405,-8.539558410644531,-2.5954364900826477e-05,2.5978566554840654e-05,0.00017363160441163927,0.00011365592945367098,0.0026544000720605254,0.0,0.0,0.00016595813212916255,0.6000000397409028
10,3.148502194381192e-06,11.262294148996242,0.00020847573212350368,-6.588492935261115e-08,0.0002502007719114937,9.984887583414093e-08,-16.11960792541504,0.0005176477134227753,-7.566215515136719,0.0001120624874602072,0.00019800278823822737,0.00013690486957784742,0.0002782599476631731,0.0020155999809503555,0.0,0.0,0.00016595813212916255,0.6000000397409028
11,4.032226588610519e-05,10.100089005224225,-0.00563891123371124,-9.09727353861572e-06,0.005704301694389255,3.6907560570398346e-05,-10.207094192504883,0.008250645361840725,-4.797463893890381,0.002566557377576828,-0.0055028521455824375,0.00010302131704520434,0.00025945217930711806,0.00216480006929487,0.0,0.0,0.00016595813212916255,0.6000000397409028
12,2.5808643800350637e-05,10.773691812269465,0.0009010469162338688,-1.168526654990058e-06,0.0009945503859429088,1.006787215374061e-06,-13.808746337890625,0.0015169994439929724,-6.491021156311035,0.0004470825369935483,0.0008734053699299693,0.00012268222053535283,0.00027034079539589584,0.002721099997870624,0.0,0.0,0.00016595813212916255,0.6000000397409028
13,1.411480146621838e-06,-0.8661899939004325,0.0001377500015009968,-8.01713167482472e-06,-0.00025766914333316253,6.02893663881332e-08,-16.624109268188477,0.00040439231088384986,-7.813125133514404,-0.00011487654410302639,0.00013256257807370275,0.0002268502867082134,8.705609798198566e-05,0.0020372000290080905,0.0,0.0,0.00016595813212916255,0.6000000397409028
14,2.556575308407852e-05,-5.208360462049099,0.00026192725030276936,-2.071511165421945e-05,0.00026513501991345066,1.454542513101842e-07,-15.743404388427734,0.0005678008310496807,-7.4737396240234375,0.00012098233855795115,0.00025484547950327396,0.0003623187367338687,2.162726923415903e-05,0.0025689000030979514,0.0,0.0,0.00016595813212916255,0.6000000397409028
15,-1.9006671369881557e-05,-7.832333092315744,-7.003467909783994e-06,-5.018587382013166e-05,9.054316837774934e-06,9.951860135970492e-08,-16.122920989990234,0.00024482328444719315,-8.314973831176758,6.112853043305222e-06,-6.642821517743869e-06,0.0004455664020497352,1.8568833183962852e-05,0.002618099912069738,0.0,0.0,0.00016595813212916255,0.6000000397409028
16,-0.0003839204258753253,-29.674086402989236,-0.0025898073173678962,0.012443256281805617,-0.0026064259698639416,8.461145625915378e-06,-11.680026054382324,0.00443919375538826,-5.417282581329346,-0.0011676221620291471,-0.002519979141652584,0.0011789308628067374,0.0003242536331526935,0.002308199997060001,0.0,0.0,0.00016595813212916255,0.6000000397409028
17,2.2849324093177713e-06,-6.373736702872618,3.288706210702846e-05,-3.4093131796267177e-06,-2.955610393283407e-05,8.082881919335705e-08,-16.3309326171875,0.00024587009102106094,-8.310707092285156,-1.1466317118902225e-05,3.18519159918651e-05,0.00039916200330480933,5.941678409726592e-06,0.0020667000208050013,0.0,0.0,0.00016595813212916255,0.6000000397409028
18,0.0007728804122854378,13.184240190424154,9.366913818261936e-05,1.2201029711478528e-07,8.60388013838224e-05,7.521785505559819e-08,-16.402877807617188,0.0003745164431165904,-7.8898749351501465,3.794431177084334e-05,8.548963523935527e-05,0.0001925403776112944,0.00030962462187744677,0.002103199949488044,0.0,0.0,0.00016595813212916255,0.6000000397409028
19,-1.947393713016693e-05,17.861629028629753,-0.00057514685990012,-0.00037583483569772686,-0.000413240605666816,4.856763666793995e-07,-14.537723541259766,0.0011117086978629231,-6.801856994628906,-0.00018731842283159494,-0.0005680242902599275,0.0003257090866100043,0.000387022941140458,0.005377500085160136,0.0,0.0,0.00016595813212916255,0.6000000397409028
20,1.7179891342129694e-06,-4.166195700530727,9.703698207045084e-05,-2.49595169494712e-06,9.143404560979745e-05,6.560540555256011e-08,-16.539608001708984,0.00031977618345990777,-8.047889709472656,4.267248004907742e-05,9.378949471283704e-05,0.00032954654307104647,3.7081837945152074e-05,0.002603700035251677,0.0,0.0,0.00016595813212916255,0.6000000397409028
21,8.37142079561714e-07,0.9919443440169708,-7.691352427145023e-05,1.8037485111044592e-06,-8.47826516571404e-05,2.845324331701704e-08,-17.375003814697266,0.00025727105094119906,-8.265379905700684,-3.73293187294621e-05,-7.726005424046889e-05,0.00016974810569081455,0.00011561521387193352,0.0024426999734714627,0.0,0.0,0.00016595813212916255,0.6000000397409028
22,2.1944172294964173e-05,2.692929648805778,0.0011660771885800077,0.0005142676038308806,0.001161597632878365,1.577266175445402e-06,-13.359817504882812,0.001787463086657226,-6.326957702636719,0.0005233133560977876,0.001134183956310153,0.00011793013254646212,0.00014200134319253266,0.002108599990606308,0.0,0.0,0.00016595813212916255,0.6000000397409028
23,1.1074333157719022e-06,-6.763881492440553,7.4481366337607416e-06,-5.046309035465494e-06,7.838327260254146e-07,8.47527417136007e-08,-16.283527374267578,0.00021772434411104769,-8.432280540466309,2.241207312181359e-06,7.15583792043617e-06,0.0004115420742891729,5.112535745865898e-06,0.004072100040502846,0.0,0.0,0.00016595813212916255,0.6000000397409028
24,-2.5614874264671006e-05,-0.6132044024179159,2.894236161670369e-06,8.8818255956336e-05,-3.3176861953150645e-06,2.8125507256504534e-08,-17.38658905029297,0.00015644630184397101,-8.762797355651855,-4.5279375626705587e-07,1.0069376230603666e-06,0.00021904475579503924,9.092839172808453e-05,0.0021083999890834093,0.0,0.0,0.00015644630184397101,0.6000000397409028
25,0.00016836386149713913,-18.037586790870016,6.205255327965777e-05,4.711934536584724e-06,-5.685661231092658e-05,3.218151221062726e-07,-14.949288368225098,0.00055777991656214,-7.491546154022217,-2.2076657842262648e-05,6.339559331536293e-05,0.0007792835822328925,0.00016533175949007273,0.0038560000248253345,0.0,0.0,0.00015644630184397101,0.6000000397409028
26,9.878415294594138e-07,-4.560821443317417,-3.8061433579559414e-07,-3.990937999205659e-06,1.2099272722948808e-06,5.895279642231799e-08,-16.646528244018555,0.00018977589206770062,-8.569666862487793,2.126226718246471e-06,-1.0833811074917321e-06,0.0003419372078496963,3.119534449069761e-05,0.002622899948619306,0.0,0.0,0.00015644630184397101,0.6000000397409028
27,1.889216287696386e-06,6.659969951696252,2.2675777076504803e-05,-4.690868283976835e-06,1.4532211840128026e-05,2.127257836548324e-08,-17.665847778320312,0.00012942554894834757,-8.952404975891113,6.608504463656573e-06,1.8206534150522202e-05,4.840420388063649e-06,0.00020438058709260076,0.0053820000030100346,0.0,0.0,0.00012942554894834757,0.6000000397409028
28,-1.864055859902525e-06,-5.191952315010952,-0.000305877068649069,-1.664142569797927e-06,-0.00016144334773232042,1.5999025038127002e-07,-15.648153305053711,0.0005615832633338869,-7.484750747680664,-7.098020432749763e-05,-0.0002987680782098323,0.00036180272581987083,2.186729216191452e-05,0.0026706999633461237,0.0,0.0,0.00012942554894834757,0.6000000397409028
29,8.130779193920373e-07,-6.729156326544544,-0.00012846615110303982,-3.342415659630043e-06,0.00012984217972432857,1.0359756430489142e-07,-16.082752227783203,0.0003933628322556615,-7.840778350830078,6.0312602727208287e-05,-0.00012537009024526924,0.0004104392428416759,4.921041181660257e-06,0.0021480999421328306,0.0,0.0,0.00012942554894834757,0.6000000397409028
30,3.445473182284201e-06,-3.26878589311841,0.00019028263763242584,-1.4948539687402888e-06,-0.0001720307589087799,8.651729643815997e-08,-16.262922286987305,0.00043647323036566377,-7.736783504486084,-7.601047400385141e-05,0.00018445472232997417,0.0003014565445482731,5.05595380673185e-05,0.0024269999703392386,0.0,0.0,0.00012942554894834757,0.6000000397409028
31,0.0002075325040146395,25.530703406329486,-7.374560512340938e-05,-0.00025228203830621204,2.9437939710510774e-05,2.8513710503830225e-07,-15.070295333862305,0.0006200299831107259,-7.385742664337158,1.0954112440231256e-05,-8.156495459843427e-05,0.000537334883119911,0.00051768688717857,0.002587999915704131,0.0,0.0,0.00012942554894834757,0.6000000397409028
32,4.666568165656988e-05,-4.80911604601405,-7.710618849869013e-05,0.0004190683592063709,-8.298961974822792e-05,6.856069489913352e-08,-16.495546340942383,0.0003001751028932631,-8.11114501953125,-3.572921559680253e-05,-7.582297257613391e-05,0.00034973278525285423,2.7513029635883868e-05,0.0034165000542998314,0.0,0.0,0.00012942554894834757,0.6000000397409028
33,5.650961635120611e-05,-7.827987953748644,8.906026766800745e-05,-2.4515700527243593e-05,-8.716345829990565e-05,1.0832646069047769e-07,-16.038116455078125,0.00035616749664768577,-7.9401092529296875,-3.718577863764949e-05,8.701806655153632e-05,0.0004454218433238566,1.850544686021749e-05,0.0019474999280646443,0.0,0.0,0.00012942554894834757,0.6000000397409028
34,1.5186788908251215e-06,-3.9083483258837495,5.304779821734135e-05,-2.820837147706502e-06,-5.198706980248826e-05,5.557073734507867e-08,-16.705608367919922,0.0002539342676755041,-8.278434753417969,-2.1902646039961837e-05,5.082853022031486e-05,0.00032146324519999325,4.09429230785463e-05,0.00551739998627454,0.0,0.0,0.00012942554894834757,0.6000000397409028
35,-4.607746542784524e-06,-25.441337260242964,-0.000301517710212499,-0.00023748963611044705,-0.00023098697014671795,6.612900733671268e-07,-14.229073524475098,0.0010380302555859089,-6.8704304695129395,-9.932406101142988e-05,-0.0002892043848987669,0.0010315135587006807,0.0002674901334103197,0.00258819991722703,0.0,0.0,0.00012942554894834757,0.6000000397409028
36,0.011202064844798533,-29.781824328106214,0.00233023954968858,0.0029368582762059623,0.0023293279715027723,7.05029515302158e-06,-11.862441062927246,0.004085193388164043,-5.5003862380981445,0.0010534795001149178,0.0022779852151870728,0.0011816920014098287,0.00032576487865298986,0.002606599940918386,0.0,0.0,0.00012942554894834757,0.6000000397409028
37,7.65229329138287e-07,-6.180526917704362,-0.00018840477501159492,-2.254916786374663e-07,0.0001980657510288652,1.1938351462958963e-07,-15.940924644470215,0.00047544523840770125,-7.651258945465088,9.09365335246548e-05,-0.00018396061204839498,0.00039303972152993083,8.05644322099397e-06,0.0020929999882355332,0.0,0.0,0.00012942554894834757,0.6000000397409028
38,0.0008333438983533373,-16.96913364985364,0.0004370304002685084,0.00022972475467744765,-0.0004305034736245857,5.07748779909889e-07,-14.493279457092285,0.0010659937979653478,-6.843847751617432,-0.00019037530000787228,0.00042872410267591476,0.0007435205625370145,0.0001502681989222765,0.0026235999539494514,0.0,0.0,0.00012942554894834757,0.6000000397409028
39,1.526514703375827e-06,-2.6478241724008402,-9.732704237287309e-06,-3.1648054719196374e-06,-1.4753465895826198e-05,4.1727620470055626e-08,-16.992101669311523,0.00018707028357312083,-8.584026336669922,-5.321034677763237e-06,-1.0733368981163949e-05,0.00028209094307385385,5.994082675897516e-05,0.0053579999366775155,0.0,0.0,0.00012942554894834757,0.6000000397409028
40,1.7040868371955995e-06,-0.7255800011560701,-3.8586811690213916e-05,-2.1212517864351e-06,-4.44976878643925e-05,3.064713993694568e-08,-17.30072593688965,0.00021423317957669497,-8.448445320129395,-1.8968516087625176e-05,-3.9405396819347516e-05,0.00022251089103519917,8.920763502828777e-05,0.002637599944137037,0.0,0.0,0.00012942554894834757,0.6000000397409028
41,1.5950219714126827e-06,-6.1679942525010825,-2.160017157718835e-06,-7.767264872331223e-07,2.443386907800121e-06,7.713193639347082e-08,-16.377748489379883,0.0002057064266409725,-8.489060401916504,2.904725533880992e-06,-2.375428039158578e-06,0.0003926427161786705,8.209848601836711e-06,0.005412700003944337,0.0,0.0,0.00012942554894834757,0.6000000397409028
42,-0.00014647414991198173,-29.999994282997523,-4.927012739041369e-06,-7.790228851613141e-06,-2.8178481831794227e-06,7.633148584318405e-07,-14.08559513092041,0.0007649308536201715,-7.175724983215332,4.055050794704584e-06,1.091845660994295e-06,0.0011910907924175262,0.0003284771228209138,0.005309500033035874,0.0,0.0,0.00012942554894834757,0.6000000397409028
43,2.855045388787226e-07,-2.730793556326244,-0.000408857132805535,-2.680447549465425e-06,-0.00041457031500174036,2.3643630697733897e-07,-15.257587432861328,0.0007567638531327248,-7.186459541320801,-0.00018522722530178726,-0.00039985650801099837,0.00028467518859542906,5.868506195838563e-05,0.00210679997690022,0.0,0.0,0.00012942554894834757,0.6000000397409028
44,1.5156168975417493e-06,-3.3318054115665223,-0.00012887755005737742,-2.694897031830298e-06,-0.00012725515447515175,6.643868744049541e-08,-16.526987075805664,0.00035907916026189923,-7.931967735290527,-5.58527754037641e-05,-0.00012670891010202467,0.00030342527315951884,4.960970181855373e-05,0.0020594000816345215,0.0,0.0,0.00012942554894834757,0.6000000397409028
45,3.0236900610254833e-05,-0.5652578010538631,-5.2741071190472546e-05,-3.4910232808350642e-06,-5.8333532738780253e-05,3.1339983053157994e-08,-17.278371810913086,0.00023308185336645693,-8.364120483398438,-2.5216442736564204e-05,-5.3251020290190354e-05,0.0002175654226448387,9.166336531052366e-05,0.0019998999778181314,0.0,0.0,0.00012942554894834757,0.6000000397409028
46,1.5996774425972508e-06,4.259321350125751,-5.719767686492626e-05,-1.7742489699054977e-06,5.708932329496992e-05,2.0511555121061065e-08,-17.70227813720703,0.00020361259521450847,-8.49929141998291,2.6075953428517096e-05,-5.8973040722776204e-05,7.064227247610688e-05,0.00016648492601234466,0.005403799936175346,0.0,0.0,0.00012942554894834757,0.6000000397409028
47,5.570453037898716e-06,8.898024526391135,3.179017245605074e-05,1.0529174632836953e-05,-3.4814947488959574e-05,3.207477305977591e-08,-17.25519561767578,0.00019627601432148367,-8.535988807678223,-1.5889665519353002e-05,2.6436046027811244e-05,6.779501563869417e-05,0.00024010558263398707,0.0025168999563902617,0.0,0.0,0.00012942554894834757,0.6000000397409028
48,-8.536200726074223e-06,-5.366053485957023,6.885436754282886e-05,1.2380646112535802e-06,6.376294933133967e-05,7.300369730955936e-08,-16.432756423950195,0.0002903392305597663,-8.144460678100586,3.0386823709704913e-05,6.664304964942858e-05,0.0003672936582006514,1.9325048924656585e-05,0.005321799893863499,0.0,0.0,0.00012942554894834757,0.6000000397409028
49,1.7068869148825087e-06,-2.5439845437326265,3.007359144711993e-05,-2.8849296474768204e-06,-3.151574646964437e-05,4.1725492394562025e-08,-16.99215316772461,0.0002111128851538524,-8.463117599487305,-1.2878306733909994e-05,2.8048763851984404e-05,0.00027885823510587215,6.151339039206505e-05,0.002151499968022108,0.0,0.0,0.00012942554894834757,0.6000000397409028
50,1.5422070868776907e-05,0.5946318732520861,0.0005839391843285203,9.527064622023761e-08,-0.0012069834097703728,6.382900892276666e-07,-14.264472961425781,0.001255149720236659,-6.680500507354736,-0.0005422660615295172,0.0005671841208823025,0.00018191321578342468,0.00010948600538540632,0.0025763000594452024,0.0,0.0,0.00012942554894834757,0.6000000397409028
51,0.00015555857895834828,-9.022375989878826,-0.000322010173899476,-3.749883432579728e-06,-0.00032156211643448777,2.3615800159859646e-07,-15.25876522064209,0.0007156940991990268,-7.242257595062256,-0.00014249671949073672,-0.00031345136812888086,0.0004836498701479286,3.584217483876273e-05,0.00540319993160665,0.0,0.0,0.00012942554894834757,0.6000000397409028
52,0.0002764966934372936,-8.60195100486861,0.0008071895617011211,-0.004202957497476059,-0.0007960139475669521,8.576824939154903e-07,-13.969032287597656,0.0013933856971561909,-6.576018810272217,-0.0003560589684639126,0.0007873273571021855,0.000470272934762761,2.9725832064286806e-05,0.002053300035186112,0.0,0.0,0.00012942554894834757,0.6000000397409028
53,2.4803037394869346e-05,-3.7405378929239395,-2.3852112287569692e-05,-2.6148265294343003e-05,-2.7261129526811178e-05,5.163993321843918e-08,-16.77897071838379,0.00021482878946699202,-8.445669174194336,-1.0799135452543851e-05,-2.4195463993237354e-05,0.00031620703521184623,4.346137211541645e-05,0.0024483000161126256,0.0,0.0,0.00012942554894834757,0.6000000397409028
54,2.4358543704389097e-06,1.4611460029770216,-0.00011173194094223766,-1.3327249604263773e-05,-9.547557598477454e-05,3.380308655209774e-08,-17.202713012695312,0.00029268674552440643,-8.136407852172852,-4.220433038426563e-05,-0.00011134147644042969,0.0001554123155074194,0.00012286953278817236,0.0027162000769749284,0.0,0.0,0.00012942554894834757,0.6000000397409028
55,-1.6203399450945815e-05,-2.195875470714806,6.91638675314158e-05,-1.3434626919797839e-05,-4.932186345709982e-05,4.2954624746016634e-08,-16.96312141418457,0.00025441625621169806,-8.276538848876953,-2.093876537401229e-05,6.606443639611825e-05,0.0002680339093785733,6.67921849526465e-05,0.002646900014951825,0.0,0.0,0.00012942554894834757,0.6000000397409028
56,3.769776328176202e-06,2.331597748181639,6.782392720244608e-05,5.6671348828888455e-06,-6.905223084170253e-05,2.2562563373185185e-08,-17.60697364807129,0.00022654730128124356,-8.392557144165039,-3.043068863917142e-05,6.347700400510803e-05,0.00012890610378235579,0.00013637311349157244,0.002728799940086901,0.0,0.0,0.00012942554894834757,0.6000000397409028
57,2.469673571424411e-06,3.0676411908672585,3.4689923216531434e-05,-4.832510079863013e-07,-0.00011591469238623589,2.0231059494335568e-08,-17.716047286987305,0.000209789170185104,-8.469407081604004,-5.1617229473777115e-05,3.096042200922966e-05,0.00010658622340997681,0.00014783680671826005,0.005418200045824051,0.0,0.0,0.00012942554894834757,0.6000000397409028
58,8.263371548243126e-07,-11.346149141836053,0.005912237532315966,-2.0626949984723196e-05,0.004328800050916373,3.7204637919785455e-05,-10.199077606201172,0.008030245080590248,-4.824540138244629,0.0019504966912791133,0.0057655624113976955,0.0005586748593486845,6.96971983416006e-05,0.002575600054115057,0.0,0.0,0.00012942554894834757,0.6000000397409028
59,-0.0012243679611704437,-12.964319160759056,-0.00027835573292537993,-4.478971011274687e-06,0.0002580652912184763,2.78247398455278e-07,-15.094755172729492,0.000741036725230515,-7.207460403442383,0.00011889891902683303,-0.0002698316238820553,0.0006115005235187709,9.311180474469438e-05,0.00256159994751215,0.0,0.0,0.00012942554894834757,0.6000000397409028
60,-0.00020592609197819372,-17.969321885914315,0.00047055996803537,-0.00013217076865162746,0.00047305299937950543,5.75362435029092e-07,-14.368266105651855,0.0011487501906231046,-6.769080638885498,0.00021637276222463697,0.000461671210359782,0.0007770403753966093,0.00016437200247310102,0.0025918999454006553,0.0,0.0,0.00012942554894834757,0.6000000397409028
61,-3.2810403706815e-05,-1.6108305080272016,0.00017307551325497896,-5.607761860197118e-05,0.0001691904450428267,6.802279983730841e-08,-16.5034236907959,0.00040731162880547345,-7.80593204498291,7.731177902314812e-05,0.00016721413703635335,0.0002498829271644354,7.568853470729664e-05,0.002464899909682572,0.0,0.0,0.00012942554894834757,0.6000000397409028
62,2.4286014730397124e-06,4.094576676802116,0.0006203763881929939,-1.3736158976294065e-06,-0.0006248157160902917,4.571688236865157e-07,-14.598213195800781,0.0010022168280556798,-6.905540943145752,-0.0002807594428304583,0.0006017091800458729,7.559594087069854e-05,0.00016390047676395625,0.0028832999523729086,0.0,0.0,0.00012942554894834757,0.6000000397409028
63,4.010172537534543e-06,8.933869772447782,-3.5177771797249136e-05,-2.6560993237008095e-07,-4.339091800212417e-05,3.32345280185109e-08,-17.219676971435547,0.00021338590886443853,-8.452407836914062,-1.975350096472539e-05,-3.886828199028969e-05,6.884760659886524e-05,0.00024068064521998167,0.002617600024677813,0.0,0.0,0.00012942554894834757,0.6000000397409028
64,0.00025481376241858817,4.940158817400532,-6.047138237098375e-08,0.00011191865880988486,-5.923770394190625e-06,1.6978146888391166e-08,-17.891338348388672,0.00011954150977544487,-9.03184700012207,-2.3701927602814976e-06,-3.4613021853147075e-06,5.0223137805005535e-05,0.00017719688185025007,0.0025556000182405114,0.0,0.0,0.00011954150977544487,0.6000000397409028
65,1.5889757100672116e-05,5.390337899761437,-0.0015634845166753789,1.2731494628011066e-05,0.0015729251453431047,2.8535680485219928e-06,-12.766940116882324,0.002346531953662634,-6.054816722869873,0.0007080523064360023,-0.001527930609881878,3.681307134684175e-05,0.00018428463954478502,0.002130099921487272,0.0,0.0,0.00011954150977544487,0.6000000397409028
66,1.3353276292600555e-06,-4.876066495047844,8.964347327384704e-05,-3.0078755859758293e-06,6.801414910202926e-05,7.082082476017604e-08,-16.463111877441406,0.000308194721583277,-8.084778785705566,3.223181556677446e-05,8.677724690642208e-05,0.0003518523008096963,2.6519026505411603e-05,0.0024765999987721443,0.0,0.0,0.00011954150977544487,0.6000000397409028
67,-1.608412423912025e-06,-3.1225285547230883,-6.797185705876756e-06,-0.00016583788599905443,-2.9423421632637664e-05,4.566548028606121e-08,-16.90192413330078,0.000194425112567842,-8.545463562011719,-1.1857278877869248e-05,-7.738787644484546e-06,0.00029689379152841866,5.276430238154717e-05,0.0020909999730065465,0.0,0.0,0.00011954150977544487,0.6000000397409028
68,4.748137296444048e-06,-2.91663252233538,1.6056021586062544e-05,1.0793254401399755e-05,-1.7729232262642563e-05,4.40001244328414e-08,-16.93907356262207,0.00019427965162321925,-8.546212196350098,-6.623218723689206e-06,1.448565126338508e-05,0.0002904665598180145,5.5875032558105886e-05,0.002484199940226972,0.0,0.0,0.00011954150977544487,0.6000000397409028
69,-8.005970040427233e-07,-3.594986807622565,0.0010740093547940972,-6.802054354224045e-05,-0.0009798892064643591,1.3372550711210351e-06,-13.52489185333252,0.0016643303679302335,-6.398332595825195,-0.00043950180406682193,0.0010461773490533233,0.00031165455584414303,4.564778646454215e-05,0.002742899931035936,0.0,0.0,0.00011954150977544487,0.6000000397409028
70,7.176265737387874e-06,-1.179286221354251,-0.00029140753140646764,-2.4801679098617065e-06,0.0002985447097808036,1.3137487542280724e-07,-15.845211029052734,0.0005806373665109277,-7.4513840675354,0.00013546230911742896,-0.00028577784541994333,0.0002365230320720002,8.227142097894102e-05,0.0021370999747887254,0.0,0.0,0.00011954150977544487,0.6000000397409028
71,9.981273582325692e-07,-2.0222610069061324,-8.061919889656942e-05,-2.2216561816053664e-06,-0.0001007004877353456,4.524718733023292e-08,-16.91112518310547,0.00029014068422839046,-8.14514446258545,-4.4082917156629264e-05,-8.002264075912535e-05,0.00026264050393365324,6.94297268637456e-05,0.002473599975928664,0.0,0.0,0.00011954150977544487,0.6000000397409028
72,-1.3016244375214878e-05,8.482347114577129,9.079793917178783e-05,-9.106415337940036e-07,0.0001097984051864258,3.8287808479253727e-08,-17.078134536743164,0.00027784210396930575,-8.188457489013672,4.924032327835448e-05,8.409118163399398e-05,5.5580560001544654e-05,0.00023344065994024277,0.005395099986344576,0.0,0.0,0.00011954150977544487,0.6000000397409028
73,7.986193272963549e-06,2.219855697107385,-5.053788907512123e-06,-2.11719080069104e-05,2.2323268174405867e-06,1.7875130708944198e-08,-17.839855194091797,0.0001426784583600238,-8.8549165725708,1.6623341707600048e-06,-7.546824235760141e-06,0.00013230233162175864,0.00013463625509757549,0.005328699946403503,0.0,0.0,0.00011954150977544487,0.6000000397409028
74,-0.00011404685625863309,8.552343415063861,-0.0016005738603898177,-6.524558220850239e-07,-0.0016136088402288105,3.0059618438826874e-06,-12.714913368225098,0.0024374155327677727,-6.016817092895508,-0.000726301979739219,-0.0015650168061256409,5.763537046732381e-05,0.0002345583343412727,0.002709200023673475,0.0,0.0,0.00011954150977544487,0.6000000397409028
75,1.8858329292436683e-05,-0.3686088147022073,0.0005217751432154886,-2.519021850684002e-05,-0.0005204303603576889,3.3811903676905786e-07,-14.89986801147461,0.000893125485163182,-7.020783424377441,-0.00023318671446759254,0.0005068465252406895,0.00021150746033526957,9.467707423027605e-05,0.001968699973076582,0.0,0.0,0.00011954150977544487,0.6000000397409028
76,2.0567651841192714e-06,-1.8239073472043201,0.00033658832621222506,-1.3884295845850608e-06,0.00033259116815332777,1.6501098798471503e-07,-15.617254257202148,0.0006420359713956714,-7.350866317749023,0.00015087120118550956,0.000326699111610651,0.0002564853639341891,7.244588050525635e-05,0.0020078999223187566,0.0,0.0,0.00011954150977544487,0.6000000397409028
77,3.3268810034012055e-05,-7.012834258360647,-3.7920446391589704e-05,-5.546919355596796e-06,-4.130858966918952e-05,8.964509135012122e-08,-16.227407455444336,0.0002671273541636765,-8.227785110473633,-1.6665529983583838e-05,-3.70104426110629e-05,0.00041945159318856895,7.451163128280314e-06,0.005053299944847822,0.0,0.0,0.00011954150977544487,0.6000000397409028
78,-2.645759357665425e-05,-7.337698714523983,6.880007588094841e-05,4.089068310752953e-05,1.0187343750409864e-05,9.697789948859281e-08,-16.14878273010254,0.00029438920319080353,-8.130607604980469,6.553208550030831e-06,6.71308662276715e-05,0.000429792795330286,1.1617478776315693e-05,0.0027900999411940575,0.0,0.0,0.00011954150977544487,0.6000000397409028
79,2.8379961510652087e-06,-1.002029258550117,-7.811935064004387e-05,-1.6003553574553354e-06,-8.283979146508571e-05,3.7675015107652143e-08,-17.094268798828125,0.00027206880622543395,-8.209455490112305,-3.618484697653912e-05,-7.787176582496613e-05,0.0002310451091034338,8.497926319250837e-05,0.005455699982121587,0.0,0.0,0.00011954150977544487,0.6000000397409028
80,0.00011595178948548976,-19.982209080612833,-0.00046928292141157395,-0.0003213058613839862,-0.00048191393410014553,6.269582399909268e-07,-14.28238582611084,0.0011858433717861772,-6.737300872802734,-0.00021306416601873934,-0.00045415249769575894,0.0008447152213193476,0.00019253816572017968,0.002713399939239025,0.0,0.0,0.00011954150977544487,0.6000000397409028
81,-5.9298613942772145e-06,8.60418779001105,-0.00024394808462317467,0.000222675709814714,-0.0002546631864899298,1.0135161687685468e-07,-16.10466957092285,0.0005043863784521818,-7.592167854309082,-0.00011478322994662449,-0.00024232338182628155,5.916356894886121e-05,0.00023539601534139365,0.0020178999984636903,0.0,0.0,0.00011954150977544487,0.6000000397409028
82,1.0470830488318982e-05,-1.9181746396000088,0.00011572076992369229,1.3178446564845684e-05,-0.00011183499963927595,5.09849087393377e-08,-16.791736602783203,0.0003256980562582612,-8.029540061950684,-4.910768257104792e-05,0.00011137968976981938,0.00025940907653421164,7.101233495632187e-05,0.0023348999675363302,0.0,0.0,0.00011954150977544487,0.6000000397409028
83,4.4555081757451445e-05,5.996388015215966,-2.7653175732071667e-05,-3.07135461269417e-05,-1.5053952311299898e-05,1.9955800567572624e-08,-17.729745864868164,0.00014370519784279168,-8.847746849060059,-6.618091447307961e-06,-3.067071520490572e-05,1.8970069504575804e-05,0.00019386271014809608,0.005845599924214184,0.0,0.0,0.00011954150977544487,0.6000000397409028
84,5.7191317555980245e-05,-0.18650359674623918,-4.6097064806885367e-07,-2.1445462451375157e-06,-5.5557594332244366e-06,2.59557086934592e-08,-17.466875076293945,0.00015558859740849584,-8.768295288085938,-1.5178641206148313e-06,-2.3848729142628144e-06,0.00020589950145222247,9.747221338329837e-05,0.0020709000527858734,0.0,0.0,0.00011954150977544487,0.6000000397409028
85,3.4800736225471855e-05,-7.373917914147399,-9.914164041141107e-05,-0.00037757780416378535,-9.796642765195217e-05,1.0403889660892673e-07,-16.078500747680664,0.0003602454671636224,-7.928724765777588,-4.2110870708711445e-05,-9.660161595093086e-05,0.0004309532232582569,1.2112719559809193e-05,0.0020192000083625317,0.0,0.0,0.00011954150977544487,0.6000000397409028
86,1.9406003245418347e-06,-0.7944673997098074,0.0002252739032060202,-2.265242852258353e-06,0.00022146616822406862,8.673261220337736e-08,-16.260435104370117,0.0004749976797029376,-7.652200698852539,0.00010072458098875359,0.00021787818695884198,0.0002246363874292001,8.815338514978066e-05,0.0024120999732986093,0.0,0.0,0.00011954150977544487,0.6000000397409028
87,0.0012280515746830077,-23.60376166226227,-7.06449362333901e-05,-0.0013835637420488026,7.567466554187333e-05,5.035843742007273e-07,-14.501514434814453,0.0007082195952534676,-7.252756118774414,3.839401324512437e-05,-6.456258415710181e-05,0.0009680282673798501,0.0002424976701149717,0.002589099924080074,0.0,0.0,0.00011954150977544487,0.6000000397409028
88,-1.7082143725875192e-05,-5.387816007528843,-9.578709898021077e-05,3.722329152985634e-05,9.744541899248304e-05,7.877261509747768e-08,-16.356700897216797,0.0003329177852720022,-8.007615089416504,4.5546956243924797e-05,-9.387646423419937e-05,0.00036797995562665164,1.900878305605147e-05,0.002606400055810809,0.0,0.0,0.00011954150977544487,0.6000000397409028
89,2.935100511759464e-06,10.257585377174252,-1.39411348930934e-05,1.2851329043312258e-06,1.084494895576992e-05,4.04760847061425e-08,-17.022554397583008,0.00020784443768206984,-8.478720664978027,4.481507858145051e-06,-1.8554517737356946e-05,0.00010762301826616749,0.00026199378771707416,0.005344200064428151,0.0,0.0,0.00011954150977544487,0.6000000397409028
90,0.0007196131606666545,-18.80763825085769,-2.5644408893289094e-05,-0.0005997473882126993,-1.360263555287072e-05,3.4007894100795966e-07,-14.894087791442871,0.0005150190554559231,-7.5713067054748535,-2.49867753154831e-06,-2.1909801944275387e-05,0.0008050845935940742,0.00017613657109905034,0.005344400065951049,0.0,0.0,0.00011954150977544487,0.6000000397409028
91,7.313998737296284e-06,11.210392302405026,-0.00013356480990669992,1.9784268183595562e-05,-0.0001516878492909726,7.072972607602424e-08,-16.464399337768555,0.00041065909317694604,-7.7977471351623535,-6.87807405483909e-05,-0.00013547131675295532,0.00013539580686483532,0.00027741826488636434,0.002173400018364191,0.0,0.0,0.00011954150977544487,0.6000000397409028
92,3.1366663244926142e-06,11.128590970645218,-5.6417515245835606e-05,-2.1728205712423903e-07,5.294369392476202e-05,5.113071210871567e-08,-16.788881301879883,0.0002880956744775176,-8.152217864990234,2.331395080545917e-05,-6.0228230722714216e-05,0.0001330160885117948,0.00027609089738689363,0.0021176000591367483,0.0,0.0,0.00011954150977544487,0.6000000397409028
93,2.642752114880388e-06,5.540847153468938,4.9627261008457006e-05,-1.164029932862967e-06,4.5364371792672287e-05,2.0377745713062723e-08,-17.70882225036621,0.00017494452185928822,-8.651041984558105,2.0630172002711333e-05,4.481016731006093e-05,3.234832183807157e-05,0.00018666003597900271,0.002555099898017943,0.0,0.0,0.00011954150977544487,0.6000000397409028
94,-1.2994615804711807e-05,-29.9999999811925,-0.0023948312569043776,-0.007023494977799223,0.002027193007784332,7.0283945206028875e-06,-11.865551948547363,0.004006184637546539,-5.51991605758667,0.0009175615850836039,-0.00232868199236691,0.0011914559872820973,0.00032842622022144496,0.002739999908953905,0.0,0.0,0.00011954150977544487,0.6000000397409028
95,-0.00022961842250458723,-14.48458429169087,0.0001314308900813296,-0.00038411691923447185,9.273394659187333e-05,2.442119182433089e-07,-15.225229263305664,0.0005629629595205188,-7.482296943664551,4.471938518690877e-05,0.00013011092960368842,0.0006613290752284229,0.00011493624333525077,0.002163299941457808,0.0,0.0,0.00011954150977544487,0.6000000397409028
96,-0.0005804461460698013,-18.972119296462,0.0002647640959792189,-0.00013227383471033327,-0.00042380108419847,4.478197865864786e-07,-14.618874549865723,0.0009429265046492219,-6.966522216796875,-0.0001870631385827437,0.00026127969613298774,0.0008107277099043131,0.0001784396736184135,0.002606900059618056,0.0,0.0,0.00011954150977544487,0.6000000397409028
97,3.4460553895652706e-06,3.707714593216928,-1.6105143871439686e-06,-1.5540783234222947e-06,4.3630401499434236e-08,1.62843818429792e-08,-17.933059692382812,0.0001276393886655569,-8.966301918029785,4.786995191352617e-07,-4.616520527633838e-06,8.724872168386355e-05,0.00015783960407134145,0.004233999992720783,0.0,0.0,0.00011954150977544487,0.6000000397409028
98,-6.994239269320422e-06,1.009297260727213,1.170240773625605e-05,1.3191646290573994e-05,6.4241993080810685e-06,2.112895813866089e-08,-17.67262077331543,0.00015539726882707328,-8.769525527954102,3.7114252791070612e-06,9.135547770711128e-06,0.00016921748465392739,0.00011588310007937253,0.0026658999267965555,0.0,0.0,0.00011954150977544487,0.6000000397409028
99,1.3671316052855452e-05,8.025835719403505,-3.0012094303204317e-05,-0.0001292204390103482,-3.548053356189072e-05,2.7842585126336417e-08,-17.396699905395508,0.00018378856475465,-8.601724624633789,-1.607578269613441e-05,-3.35641743731685e-05,4.216083470964804e-05,0.00022613638429902494,0.002756000030785799,0.0,0.0,0.00011954150977544487,0.6000000397409028
100,-3.537678359126081e-06,1.2170532937212144,2.6182758583793682e-05,4.989999463751869e-05,2.242406134222515e-05,2.1010690076650462e-08,-17.678234100341797,0.00017505782307125628,-8.650394439697266,1.0883361028390937e-05,2.319482882739976e-05,0.00016286538448184729,0.00011909387831110507,0.0025035999715328217,0.0,0.0,0.00011954150977544487,0.6000000397409028
0,10.0,-10.0,0.0,10.0,0.0,2.8923974326744428e-08,-17.35859489440918,0.00017351825954392552,-8.65922737121582,-5.606640343103209e-07,-3.382152272024541e-06,0.00015706980775576085,0.0001820810721255839,0.0035683000460267067,0.0,1.0,0.00017351825954392552,0.6000000397409028
1,0.051887540962937295,0.06172144650821064,0.00038148643784910734,0.00024304460873646877,-0.0001066451605892458,1.6347709674846556e-07,-15.626592636108398,0.0005661299801431596,-7.476686954498291,-4.70522245450411e-05,0.0003699236549437046,0.00019576655176933855,0.00010254167864331976,0.0020764999790117145,0.0,1.0,0.00017351825954392552,0.6000000397409028
2,5.330720403061185e-05,8.407562850326702,0.004596643686770567,-3.731470057248108e-05,0.0004725574031145023,2.0119839973631315e-05,-10.813804626464844,0.004832614213228226,-5.332367897033691,0.0002124915918102488,0.004477308597415686,5.3383602789836004e-05,0.00023224503092933446,0.0028464000206440687,0.0,1.0,0.00017351825954392552,0.6000000397409028
3,-7.981409018190456e-07,-3.6333249900249545,0.0002923212928359395,-1.696159103848514e-06,-0.00029211520698675734,1.4753450727766904e-07,-15.729204177856445,0.0005930042243562639,-7.430308818817139,-0.00012999825412407517,0.0002840437809936702,0.0003128525277134031,4.507185803959146e-05,0.0033755000913515687,0.0,1.0,0.00017351825954392552,0.6000000397409028
4,-0.0005427500339185307,-10.403856755091685,-9.533005964800626e-05,6.821576220399462e-05,-9.46469273992393e-05,1.511553335831195e-07,-15.704957962036133,0.0004243532312102616,-7.764944553375244,-4.0188613638747483e-05,-9.206568938679993e-05,0.0005281970952637494,5.60007720196154e-05,0.002049500006251037,0.0,1.0,0.00017351825954392552,0.6000000397409028
5,-7.846274058257083e-06,-29.99999998714642,-0.00024553190252126546,-0.000617059910878645,-0.0031711833648910164,2.8390909392328467e-06,-12.772027015686035,0.0024149937089532614,-6.026058673858643,-0.0014217093121260405,-0.0002334944874746725,0.0011911054607480764,0.0003284745034761727,0.002077599987387657,0.0,1.0,0.00017351825954392552,0.6000000397409028
6,1.286575308455041e-05,-5.801732298930134,-2.5101799847601016e-05,-3.161229495586695e-06,2.7258471682585008e-05,7.349990482907742e-08,-16.425981521606445,0.00023593605146743357,-8.351949691772461,1.4020438356965315e-05,-2.484428659954574e-05,0.0003810522612184286,1.3090391803416423e-05,0.0020446000853553414,0.0,1.0,0.00017351825954392552,0.6000000397409028
7,-1.1126838491496659e-05,2.7565931024139556,0.00011470364158095384,-5.41219409579002e-06,0.00011089939808887932,3.13956540765048e-08,-17.276596069335938,0.00028905135695822537,-8.148905754089355,5.049066385254264e-05,0.00010906301031354815,0.00011600858124438673,0.00014298678433988243,0.0020541000412777066,0.0,1.0,0.00017351825954392552,0.6000000397409028
8,1.348706544751038e-06,-1.4382473826306517,9.396072717315472e-06,-2.2953192082800084e-06,1.0680731148642025e-05,3.305865092784188e-08,-17.22498321533203,0.0001749647781252861,-8.650925636291504,5.958839665254345e-06,7.578430995636154e-06,0.00024453509831801057,7.831992843421176e-05,0.0019021000480279326,0.0,1.0,0.00017351825954392552,0.6000000397409028
9,0.00012601925058766818,-20.971859163129867,0.0006912016280687786,0.0002627527419660904,-0.0006807028822107521,9.574328032613266e-07,-13.859010696411133,0.0015221892390400171,-6.487605571746826,-0.0003023716271854937,0.0006775734946131706,0.0008782049990259111,0.00020628342463169247,0.0025795999681577086,0.0,1.0,0.00017351825954392552,0.6000000397409028
10,-0.0003612642766133806,-17.443916760116732,0.004833324237469476,-0.0013022462908904397,0.0048347695046023695,2.7281157599645667e-05,-10.50931453704834,0.007352408487349749,-4.912727355957031,0.002179067814722657,0.004715088289231062,0.0007595325005240738,0.000156972004333511,0.0054314000299200416,0.0,1.0,0.00017351825954392552,0.6000000397409028
11,0.00031608083427643255,4.306032208789232,-0.0006013792208719105,0.0002193805438480612,-0.0005860163597549493,4.3330948074071785e-07,-14.651813507080078,0.0009711218299344182,-6.937058448791504,-0.0002633278490975499,-0.0005895667709410191,6.92244284437038e-05,0.00016723002772778273,0.004398599965497851,0.0,1.0,0.00017351825954392552,0.6000000397409028
12,-7.846559589536747e-06,-29.999999953204526,-0.0031272349637136024,-0.00012872939943657229,-0.003130439477276837,1.1993500265816692e-05,-11.331145286560059,0.005206302274018526,-5.257885456085205,-0.0014033745974302292,-0.003043149132281542,0.0011910789180547,0.0003284781996626407,0.002083500032313168,0.0,1.0,0.00017351825954392552,0.6000000397409028
13,-4.034926871113961e-06,-2.1100176283084218,4.6147055607731597e-07,-6.8586652602952594e-06,1.705630093460918e-06,3.7533020247337845e-08,-17.098045349121094,0.00016968735144473612,-8.68155288696289,2.011849801419885e-06,-9.444196393815218e-07,0.0002653659030329436,6.80962621117942e-05,0.0025908000534400344,0.0,1.0,0.00016968735144473612,0.6000000397409028
14,9.887310366979225e-05,0.3388240921681604,0.00016229889840395614,-0.00012975847809272212,-0.0007340888529255659,1.5648231510567712e-07,-15.67032241821289,0.0006332377670332789,-7.364664554595947,-0.00032942890538834035,0.0001561568642500788,0.0001897570036817342,0.00010554698383202776,0.0019949000561609864,0.0,1.0,0.00016968735144473612,0.6000000397409028
15,-1.1475381765221672e-05,-11.724265753845112,-3.060967806439836e-05,-2.53465440611941e-05,3.243479554012704e-05,1.669375819801644e-07,-15.605646133422852,0.00036886672023683786,-7.9050750732421875,1.7186592231155373e-05,-2.8609494620468467e-05,0.0005709598772227764,7.518134225392714e-05,0.0019854999845847487,0.0,1.0,0.00016968735144473612,0.6000000397409028
16,2.0397514835968307e-06,-3.188191916570433,2.2823252246616662e-05,-2.590523366822668e-06,-2.2147274034502636e-05,4.6544062826114896e-08,-16.88286590576172,0.00020509070600382984,-8.492057800292969,-8.573995728511363e-06,2.1159379684831947e-05,0.00029893984901718795,5.1774819439742714e-05,0.0024443999864161015,0.0,1.0,0.00016968735144473612,0.6000000397409028
17,0.0001190608022075017,-11.529121776372138,7.726581291600118e-05,0.00016092447068161337,3.672617956044444e-05,1.682238632838562e-07,-15.597970008850098,0.0004140827804803848,-7.789444446563721,1.90896971616894e-05,7.651720807189122e-05,0.0005646012141369283,7.235056546051055e-05,0.0019353999523445964,0.0,1.0,0.00016968735144473612,0.6000000397409028
18,-7.605289551344073e-05,-13.147830520637052,0.0012113802327680346,2.2469708672078652e-05,0.0012169743443373015,1.8969603843288496e-06,-13.175257682800293,0.0020897211506962776,-6.170724868774414,0.0005504340515471995,0.0011827100533992052,0.000617407204117626,9.574716386850923e-05,0.0021314999321475625,0.0,1.0,0.00016968735144473612,0.6000000397409028
19,0.0001801707014173349,3.518787044112851,0.00010216682303608155,-0.000532173291552921,0.00010330741840465124,2.7855968198764458e-08,-17.39621925354004,0.00026750843971967697,-8.226359367370605,4.69725564471446e-05,9.66195366345346e-05,9.294936171500012e-05,0.0001548833097331226,0.0025727000320330262,0.0,1.0,0.00016968735144473612,0.6000000397409028
20,5.223131108713292e-06,-2.5824136385805057,0.00011295904492622335,4.651930056208724e-06,0.00011496831292807114,5.5738478721423235e-08,-16.702594757080078,0.0003324103308841586,-8.009140014648438,5.304478690959513e-05,0.00010887282405747101,0.0002800539950840175,6.093141928431578e-05,0.00538999994751066,0.0,1.0,0.00016968735144473612,0.6000000397409028
21,1.2923724363916645e-06,-5.427800672944676,5.4928013286608e-05,-3.007039868515035e-06,-5.539023747426591e-05,7.169646210059e-08,-16.450824737548828,0.00027014047373086214,-8.216567993164062,-2.32235252042301e-05,5.308186518959701e-05,0.0003692414902616292,1.8428660041536205e-05,0.002567899995483458,0.0,1.0,0.00016968735144473612,0.6000000397409028
22,2.8299704984464557e-06,-2.8679997672463617,2.8594196143108782e-05,-2.2984095019340943e-06,-2.9123120395849613e-05,4.4199570226055584e-08,-16.934551239013672,0.00021123432088643312,-8.462542533874512,-1.1757148058677558e-05,2.6696805434767157e-05,0.0002889507741201669,5.660997339873575e-05,0.002439199946820736,0.0,1.0,0.00016968735144473612,0.6000000397409028
23,1.7564718799255082e-06,-6.511261915986118,-0.00032196289855822226,-3.052175710911709e-06,-0.0010026794804202223,3.8199740970412677e-07,-14.777852058410645,0.0009676711051724851,-6.940618515014648,-0.0004493525775615126,-0.00031408906215801835,0.0004035233287140727,4.935543984174728e-06,0.006196400034241378,0.0,1.0,0.00016968735144473612,0.6000000397409028
24,5.227069687360395e-06,2.637475886681161,0.00034487890703910134,3.2098741718634755e-06,0.0003244609439544217,1.4984217955316126e-07,-15.713683128356934,0.0006105033680796623,-7.401226997375488,0.00014660927990917116,0.0003335180226713419,0.0001196200173581019,0.00014113212819211185,0.005341400043107569,0.0,1.0,0.00016968735144473612,0.6000000397409028
25,-6.401583272023668e-07,-4.5077447430791855,7.689534073773497e-05,-3.206840621352874e-06,-7.809277611083238e-05,6.504239280502588e-08,-16.548227310180664,0.0002939406258519739,-8.132132530212402,-3.356733941473067e-05,7.424598152283579e-05,0.00034026941284537315,3.198520062142052e-05,0.0026096999645233154,0.0,1.0,0.00016968735144473612,0.6000000397409028
26,-6.5721931029562554e-06,-3.64788424770408,1.749760543268428e-05,-2.774173789077124e-06,-4.7164425800896753e-07,5.03475661162156e-08,-16.8043155670166,0.00019641878316178918,-8.535261154174805,1.2433582696758094e-06,1.6094760212581605e-05,0.00031330843921750784,4.4852895371150225e-05,0.005402200040407479,0.0,1.0,0.00016968735144473612,0.6000000397409028
27,2.00165533173261e-06,-0.30707571325673944,1.9617138072666048e-05,-2.1813889214431976e-06,2.884005178758022e-06,2.684248023854252e-08,-17.43328094482422,0.00017213867977261543,-8.667210578918457,2.296397724421695e-06,1.722536762827076e-05,0.00020961316477041692,9.562066406942904e-05,0.005347299971617758,0.0,1.0,0.00016968735144473612,0.6000000397409028
28,-0.0007266991854446998,-7.888889585564182,-0.00025974727486499817,0.00039677041879815724,-0.00025803537065835193,1.7732433832406969e-07,-15.54528522491455,0.000600523198954761,-7.4177093505859375,-0.00011406939302105457,-0.0002530548663344234,0.00044740986777469516,1.9388013242860325e-05,0.0020861999364569783,0.0,1.0,0.00016968735144473612,0.6000000397409028
29,-1.1424509381596193e-06,0.1907888252846268,0.000679369408979498,8.063481134786147e-06,-0.0006749172452655081,5.519390242625377e-07,-14.409828186035156,0.0011119109112769365,-6.801675319671631,-0.00030278164194896817,0.0006603431538678706,0.00019430415704846382,0.00010326808842364699,0.00256459997035563,0.0,1.0,0.00016968735144473612,0.6000000397409028
30,-8.966078132281827e-05,-25.28007699091504,0.005999995060400118,0.0002707002871572338,0.005999995077023537,4.215454464429058e-05,-10.07416820526123,0.009204969741404057,-4.688011646270752,0.0027045931201428175,0.005854765418916941,0.0010259144473820925,0.00026530810282565653,0.0025662999833002687,0.0,1.0,0.00016968735144473612,0.6000000397409028
31,3.516192166712186e-06,-4.8088729557229595,-6.411908682028859e-06,-4.137585460176395e-06,5.044885943917913e-06,6.159932297578052e-08,-16.602615356445312,0.0001994071208173409,-8.520161628723145,3.886332251568092e-06,-6.895312253618613e-06,0.00034973755828104913,2.7513398890732788e-05,0.005716199986636639,0.0,1.0,0.00016968735144473612,0.6000000397409028
32,4.083919984285123e-06,-2.908898307541238,-0.0005036609206893946,-6.086184362176287e-06,-0.0005029736480065599,3.3660157328085916e-07,-14.904365539550781,0.0008903334382921457,-7.023914337158203,-0.000224984236410819,-0.0004922404186800122,0.00029022578382864594,5.599177166004665e-05,0.0021019000560045242,0.0,1.0,0.00016968735144473612,0.6000000397409028
33,-0.0001685954520998725,-8.267498814565709,-0.0002997117617305301,4.635113820437516e-05,-0.00029585482643191933,2.0825481783504074e-07,-15.384503364562988,0.0006651168223470449,-7.315547943115234,-0.00013103493256494403,-0.0002919153484981507,0.0004594807105604559,2.4852410206221975e-05,0.00259869999717921,0.0,1.0,0.00016968735144473612,0.6000000397409028
34,1.1707953139742972e-06,6.9486654833384085,-1.2405255589052588e-06,-1.5605696631765868e-06,1.6258121581838832e-06,2.1921779946865172e-08,-17.635786056518555,0.0001159426974481903,-9.062414169311523,7.627837135260052e-07,-5.196219717618078e-06,1.0999939149769489e-05,0.0002089674526359886,0.0020047000143676996,0.0,1.0,0.0001159426974481903,0.6000000397409028
35,-4.1966652500403804e-05,9.250560154910671,-0.00018931259202803046,-0.00011793900526267133,0.00019417384339481597,7.665386192456936e-08,-16.38396644592285,0.00043830464710481465,-7.732596397399902,8.710960537428036e-05,-0.00018924270989373326,7.814054697519168e-05,0.000245764123974368,0.0026721000904217362,0.0,1.0,0.0001159426974481903,0.6000000397409028
36,-4.86857668512278e-06,-3.8700345743926103,-1.2583809404396061e-05,-1.8485768935266752e-06,3.92097874483508e-06,5.2330214828089083e-08,-16.76569175720215,0.00019731392967514694,-8.530714988708496,3.2506873139936943e-06,-1.3172921171644703e-05,0.0003202632360626012,4.1517407225910574e-05,0.0029221000149846077,0.0,1.0,0.0001159426974481903,0.6000000397409028
37,0.00023458339436791944,7.812472112301681,-1.4411542370560496e-05,-0.0003571290357495262,-1.5260466402295375e-05,2.5832207484199898e-08,-17.471643447875977,0.00015455580432899296,-8.774955749511719,-6.948956524865935e-06,-1.8291006199433468e-05,3.589866537367925e-05,0.00022273302602116019,0.0020674000261351466,0.0,1.0,0.0001159426974481903,0.6000000397409028
38,0.00015023941498199325,-3.0449950266922152,0.0006358389004864056,-4.532247597461226e-06,0.0009810993938837696,6.238653327272914e-07,-14.287331581115723,0.0012358772801235318,-6.695974349975586,0.00044286728370934725,0.0006188095430843532,0.0002944622829090804,5.393880564952269e-05,0.005384800024330616,0.0,1.0,0.0001159426974481903,0.6000000397409028
39,1.485841196683005e-06,-4.115993188313423,0.00010228833369647125,-2.8567035631848713e-06,0.00010930437337408607,6.685003484108165e-08,-16.520814895629883,0.00033250520937144756,-8.008854866027832,5.0707185437204316e-05,9.889565262710676e-05,0.00032797196763567626,3.7832753150723875e-05,0.002033800003118813,0.0,1.0,0.0001159426974481903,0.6000000397409028
40,-2.36259742388682e-05,-10.92110244177712,-9.817780314430768e-05,-2.0848378951124252e-05,9.695825945929663e-05,1.615671436638877e-07,-15.638344764709473,0.0004450191918294877,-7.717392921447754,4.6107299567665905e-05,-9.470328950555995e-05,0.0005448944284580648,6.352276250254363e-05,0.0021035000681877136,0.0,1.0,0.0001159426974481903,0.6000000397409028
41,-5.4913367128143906e-05,-3.32486815693593,0.0003645685918155795,-0.00027554819799397064,0.00036646687064841515,2.0046597626333096e-07,-15.422621726989746,0.0006971825496293604,-7.268463134765625,0.00016632121696602553,0.00035439690691418946,0.0003032175882253796,4.9711296014720574e-05,0.002435399917885661,0.0,1.0,0.0001159426974481903,0.6000000397409028
42,4.0190576217571785e-06,-4.145428435345709,1.1634227229334425e-05,2.941162402140971e-06,1.3734519111674764e-05,5.495497035212793e-08,-16.716751098632812,0.00020136455714236945,-8.510393142700195,7.704818017373327e-06,1.0516055226617027e-05,0.00032889487920328975,3.7392499507404864e-05,0.0025560000212863088,0.0,1.0,0.0001159426974481903,0.6000000397409028
43,2.1487447538310904e-06,11.205203162372905,-0.002570645748694998,2.8095880331156944e-06,-0.006,1.36486669362057e-05,-11.201869010925293,0.005418433342128992,-5.2179484367370605,-0.002700520446524024,-0.0025116237811744213,0.00013524469977710396,0.0002773336018435657,0.002242300077341497,0.0,1.0,0.0001159426974481903,0.6000000397409028
44,1.2315332550539484e-06,-5.782415259388155,0.00017460133748426645,-4.170600556894449e-06,-0.00017523786398962015,1.072554738357212e-07,-16.048051834106445,0.0004438680480234325,-7.719983100891113,-7.710559293627739e-05,0.0001698609412414953,0.0003804424195550382,1.3360584489419125e-05,0.002570200012996793,0.0,1.0,0.0001159426974481903,0.6000000397409028
45,1.5779936884386141e-06,-0.787079320397464,-3.659658736690459e-05,-2.285172214140514e-06,3.550885524710799e-05,3.0767839831469246e-08,-17.296796798706055,0.00021082784223835915,-8.464468955993652,1.7042790204868652e-05,-3.744759669643827e-05,0.0002244084607809782,8.826643897918984e-05,0.002626099972985685,0.0,1.0,0.0001159426974481903,0.6000000397409028
46,-5.156752616011531e-06,-1.6059448227074828,1.9364865165509905e-05,1.0514900922543886e-06,0.00042901745768666744,7.207978569567786e-08,-16.445491790771484,0.0003743248526006937,-7.890386581420898,0.00019423326011747122,1.734508987283334e-05,0.0002497289970051497,7.576400093967095e-05,0.0020252999383956194,0.0,1.0,0.0001159426974481903,0.6000000397409028
47,8.866316056158573e-05,-13.194059556169853,0.005996386078477554,0.0003566922738772304,-0.005996386030333416,4.166314101894386e-05,-10.085893630981445,0.008901375345885754,-4.7215495109558105,-0.002695571631193161,0.0058481511659920216,0.0006188954575918615,9.641123324399814e-05,0.002541900030337274,0.0,1.0,0.0001159426974481903,0.6000000397409028
48,4.437599096300216e-06,-0.6593797286605491,6.770527311518072e-05,-1.82423343130301e-05,-6.928899594014381e-05,3.340427312537031e-08,-17.214582443237305,0.00024968935758806765,-8.295292854309082,-3.0133604013826698e-05,6.421068974304944e-05,0.00022046908270567656,9.022105950862169e-05,0.0023348999675363302,0.0,1.0,0.0001159426974481903,0.6000000397409028
49,0.00016871175237844445,-10.235181991501955,-0.0002188630085639278,0.00015416948371789718,0.00020201349235834883,1.9191833189324825e-07,-15.466196060180664,0.0005939542315900326,-7.428708076477051,9.328432497568429e-05,-0.00021255642059259117,0.0005226912908256054,5.353563392418437e-05,0.005369600025005639,0.0,1.0,0.0001159426974481903,0.6000000397409028
50,-0.00150110355653523,-29.99999648293676,-0.00430889080229147,-0.00042693867634475366,0.0043129341254768685,2.2150983568280935e-05,-10.717628479003906,0.006901252549141645,-4.976052284240723,0.0019461442716419697,-0.004195231944322586,0.0011912970803678036,0.0003284555859863758,0.002591000054962933,0.0,1.0,0.0001159426974481903,0.6000000397409028
51,0.0006052758999955487,-6.435215870547703,-4.1571576583641826e-05,-0.0003494840595092959,4.141476607108632e-05,8.252554550836066e-08,-16.310157775878906,0.0002644589403644204,-8.237824440002441,2.047903399216011e-05,-4.0728202293394133e-05,0.0004010802076663822,5.42322413821239e-06,0.005386300035752356,0.0,1.0,0.0001159426974481903,0.6000000397409028
52,1.3582657345049383e-06,-4.381225006159391,1.1976126343925856e-05,-2.907778159239448e-06,1.6416996805912657e-05,5.731999408453703e-08,-16.67461585998535,0.00020494216005317867,-8.492782592773438,8.944544788391795e-06,1.0914733138633892e-05,0.0003362952556926757,3.387050310266204e-05,0.00248030002694577,0.0,1.0,0.0001159426974481903,0.6000000397409028
53,2.8087907811954506e-05,-2.266783275572329,0.0011569650744648811,0.0003089275749839322,-0.001159712776360228,1.5791501937201247e-06,-13.358623504638672,0.0018152773845940828,-6.311516761779785,-0.0005206050118431449,0.001126698451116681,0.00027022865833714604,6.571923586307094e-05,0.0025996000040322542,0.0,1.0,0.0001159426974481903,0.6000000397409028
54,0.00010934316192117181,-11.970669073049867,-5.566457532188481e-06,-4.293629061745152e-06,6.047539643576858e-06,1.7074712843623274e-07,-15.58308219909668,0.0003383318253327161,-7.991483211517334,5.347604655980831e-06,-4.126635303691728e-06,0.0005789659335277975,7.87492681411095e-05,0.0026775000151246786,0.0,1.0,0.0001159426974481903,0.6000000397409028
55,1.7958625632159435e-06,-2.7507524119721474,-1.1877710943310976e-06,-2.6138142296221158e-06,4.234757129350588e-06,4.2417578782760756e-08,-16.9757022857666,0.00017745114746503532,-8.636815071105957,3.2377938623540103e-06,-2.3733255147817545e-06,0.00028529693372547626,5.8383116993354633e-05,0.00201339996419847,0.0,1.0,0.0001159426974481903,0.6000000397409028
56,-1.350171489341802e-05,-7.762314692713715,6.799039958091701e-05,7.625098067935173e-05,-6.602014224558938e-05,1.0360688662558459e-07,-16.08266258239746,0.0003245849802624434,-8.032962799072266,-2.768051672319416e-05,6.645722896791995e-05,0.00044332791003398597,1.7566559108672664e-05,0.002477700007148087,0.0,1.0,0.0001159426974481903,0.6000000397409028
57,6.484707910393072e-07,6.30528620155704,-6.160978217433123e-05,-7.714615972821233e-05,6.018537653790961e-05,2.4623222572017767e-08,-17.519575119018555,0.000195585802430287,-8.539511680603027,2.7198995667276904e-05,-6.386826862581074e-05,1.0283926712872926e-05,0.00019875312864314765,0.002684100065380335,0.0,1.0,0.0001159426974481903,0.6000000397409028
58,1.8495814582828658e-05,1.0197984159506661,-0.001628624834783818,3.8478454912357865e-05,-0.0016236633341554048,3.082344392169034e-06,-12.689820289611816,0.002462487667798996,-6.006583213806152,-0.0007298293639905751,-0.001590187894180417,0.0001688947231741622,0.00011604616156546399,0.0026806999230757356,0.0,1.0,0.0001159426974481903,0.6000000397409028
59,-5.498174292291942e-05,13.096627531954327,-9.220901696430923e-05,-3.8117396716286654e-05,9.928229522567942e-05,7.662018930432168e-08,-16.3844051361084,0.00038870895514264703,-7.85267972946167,4.391506081447005e-05,-9.571448026690632e-05,0.00019000445900019258,0.00030815432546660304,0.002154099987819791,0.0,1.0,0.0001159426974481903,0.6000000397409028
60,2.1976252665592175e-05,2.5558736240440303,0.00028690730102658304,3.47472519237995e-05,-0.00031570418587682504,1.1398329746725722e-07,-15.987214088439941,0.0005494520883075893,-7.506588935852051,-0.00014145408931653947,0.00027701930957846344,0.00012209475971758366,0.00013986261910758913,0.0025294000515714288,0.0,1.0,0.0001159426974481903,0.6000000397409028
61,1.9195424621067754e-06,-1.0618451610340298,5.176420565933436e-06,-2.271707936923297e-06,1.074449396222969e-05,3.069961707069524e-08,-17.299015045166016,0.00016777384735178202,-8.692893981933594,5.936223715252709e-06,3.3584485663595842e-06,0.0002328932168893516,8.406514098169282e-05,0.0021125999046489596,0.0,1.0,0.0001159426974481903,0.6000000397409028
62,1.5289389377598957e-06,5.320121889087474,-4.796504546381582e-06,2.2773933600635267e-07,4.963765301401251e-06,1.7606614832743617e-08,-17.854991912841797,0.00012170668196631595,-9.013896942138672,2.479026989021804e-06,-8.18892294773832e-06,3.890128209604882e-05,0.00018317617650609463,0.0026406000833958387,0.0,1.0,0.0001159426974481903,0.6000000397409028
63,-3.1148203784491636e-06,-9.43508035131543,-4.340101234453537e-06,-5.08837486769368e-07,8.58089080517913e-07,1.243630833869247e-07,-15.900060653686523,0.00027565789059735835,-8.19635009765625,2.6508507744438248e-06,-3.611454758356558e-06,0.000496923690661788,4.1867482650559396e-05,0.0024375999346375465,0.0,1.0,0.0001159426974481903,0.6000000397409028
64,-4.1395095651432175e-05,8.993802854895652,-0.0012906451235012175,-0.0001042199245916553,-0.0012808355769779096,1.9592446278693387e-06,-13.142951965332031,0.0019956971518695354,-6.216762065887451,-0.0005766113172285259,-0.001262963400222361,7.060549251036718e-05,0.00024163963098544627,0.002589200041256845,0.0,1.0,0.0001159426974481903,0.6000000397409028
65,-6.097395628162138e-05,-10.205838055910027,-0.0059999482629298,0.0011804189958373316,0.005999934554735305,4.165428981650621e-05,-10.086106300354004,0.008839046582579613,-4.728576183319092,0.0027023444417864084,-0.005849283188581467,0.0005217312718741596,5.3107516578165814e-05,0.0019533999729901552,0.0,1.0,0.0001159426974481903,0.6000000397409028
66,1.277813163559695e-06,-5.01940934485761,-1.0730163936408638e-05,-4.9951060601836725e-06,-1.2251471550632307e-05,6.393300111540157e-08,-16.5654296875,0.0002052996278507635,-8.491040229797363,-3.867819941660855e-06,-1.1047466614400037e-05,0.00035636566462926567,2.440299795125611e-05,0.0054435000056400895,0.0,1.0,0.0001159426974481903,0.6000000397409028
67,0.00013992201254744847,-1.5396114930072724,-0.0027850236329471758,-0.0008295671672688519,0.002829168293653128,9.038983080245089e-06,-11.613964080810547,0.004153418354690075,-5.483823776245117,0.0012742920080199838,-0.0027168993838131428,0.00024768238654360175,7.677140820305794e-05,0.0022336000110954046,0.0,1.0,0.0001159426974481903,0.6000000397409028
68,0.00011624308831803689,-6.888136250601002,-0.0005992948495401783,0.0007095204857485448,-0.0006006642473795885,4.998752842766407e-07,-14.508907318115234,0.001063574687577784,-6.8461198806762695,-0.0002683931088540703,-0.0005843943217769265,0.0004154637281317264,6.110895810707007e-06,0.0021159000461921096,0.0,1.0,0.0001159426974481903,0.6000000397409028
69,-1.8324009735112187e-05,1.155810867270964,-4.441029076117179e-05,-3.507589832596605e-06,4.65772185157229e-05,2.310299329622012e-08,-17.583303451538086,0.0002088188921334222,-8.474042892456055,2.1760537492809817e-05,-4.5615983253810555e-05,0.00016473846335429698,0.00011814630124717951,0.005323000019416213,0.0,1.0,0.0001159426974481903,0.6000000397409028
70,5.840312220256017e-06,-1.9376397345232672,-8.253975652931446e-05,2.7806964968721986e-06,4.1026685805832056e-05,4.3402039295870054e-08,-16.9527587890625,0.0002669665263965726,-8.228386878967285,1.9682736819959246e-05,-8.191890810849145e-05,0.00026001359219662845,7.071616710163653e-05,0.005314999958500266,0.0,1.0,0.0001159426974481903,0.6000000397409028
71,1.4037117043502664e-06,-4.894116816269302,1.2464637723412214e-05,-3.072461976673555e-06,-1.7041387967374157e-05,6.261415563812989e-08,-16.586275100708008,0.00020690981182269752,-8.483227729797363,-6.040668267814908e-06,1.1532867574715056e-05,0.00035242040758021176,2.6252158932038583e-05,0.0021838999819010496,0.0,1.0,0.0001159426974481903,0.6000000397409028
72,4.9529910763828725e-06,-10.670396237411975,7.857247958697122e-05,-3.0789249768352027e-06,7.799435094438846e-05,1.5328119218338543e-07,-15.690991401672363,0.0004134241899009794,-7.791036605834961,3.753776763915084e-05,7.75609296397306e-05,0.0005367752746678889,5.98757469560951e-05,0.0020719999447464943,0.0,1.0,0.0001159426974481903,0.6000000397409028
73,-1.7109059315732896e-05,-5.176399823566904,-0.0015730804090869435,-6.870092792341214e-06,-0.0015729721788512359,2.918256313932943e-06,-12.744524002075195,0.0024321696255356073,-6.0189714431762695,-0.000706170336343348,-0.0015342952683568,0.00036131349042989314,2.2094958694651723e-05,0.005452499957755208,0.0,1.0,0.0001159426974481903,0.6000000397409028
74,2.8423330607428195e-06,11.323465521856674,2.670126312324304e-05,-1.866848335835681e-07,-2.3004970585990948e-05,4.915689189033401e-08,-16.828248977661133,0.0002406104322290048,-8.332331657409668,-1.0887936696235556e-05,2.075443262583576e-05,0.00013868330279365182,0.00027925282483920455,0.002763599972240627,0.0,1.0,0.0001159426974481903,0.6000000397409028
75,4.974462470772332e-06,-3.3791728103807834,-1.5623365820278847e-06,-2.480801456208487e-05,-1.939276441653364e-06,4.768599382032335e-08,-16.858627319335938,0.00018001011630985886,-8.62249755859375,5.458936129798531e-07,-2.5634008125052787e-06,0.00030490561039187014,4.889603951596655e-05,0.002829300006851554,0.0,1.0,0.0001159426974481903,0.6000000397409028
76,1.122620761785454e-06,-3.7932127813167025,0.001185362755830514,3.4140345223537726e-05,0.001185785525370555,1.6713099739718018e-06,-13.301902770996094,0.0018701469525694847,-6.28173828125,0.0005350791034288704,0.001154804602265358,0.0003178562328685075,4.267045733286068e-05,0.002842299989424646,0.0,1.0,0.0001159426974481903,0.6000000397409028
77,3.8447354613545694e-05,1.8809224086117786,6.386154897493135e-05,0.00014331839840524477,-0.0019322618264550678,7.769460808049189e-07,-14.06789493560791,0.0010645510628819466,-6.8452019691467285,-0.0008688145317137241,5.974259693175554e-05,0.0001426112139597535,0.00012937677092850208,0.0029613999649882317,0.0,1.0,0.0001159426974481903,0.6000000397409028
78,1.546810928129628e-06,-3.4814527507743467,3.394149423213819e-05,-2.7362563609556413e-06,-3.0282273522319895e-05,4.976275391754825e-08,-16.81599998474121,0.00022200490639079362,-8.412811279296875,-1.2194366718176752e-05,3.208127964171581e-05,0.00030810237512923777,4.735616676043719e-05,0.0025925999507308006,0.0,1.0,0.0001159426974481903,0.6000000397409028
79,1.3812365386373876e-06,-5.917735981637854,-2.6247536071316116e-05,-1.4655597046718898e-06,-2.6046112043134357e-05,7.484265296398007e-08,-16.40787696838379,0.00023398373741656542,-8.360259056091309,-9.95045411400497e-06,-2.5929490220732987e-05,0.00038472155574709177,1.1486027688079048e-05,0.002596299978904426,0.0,1.0,0.0001159426974481903,0.6000000397409028
80,-2.2312771215426182e-06,14.815543823756093,0.0004294569371067674,0.00020256480026527483,0.00042706923858868546,2.9185170546952577e-07,-15.047019958496094,0.0008914657519198954,-7.022643566131592,0.0001912017323775217,0.00041239213896915317,0.00023933214833959937,0.0003364115837030113,0.0053325999761000276,0.0,1.0,0.0001159426974481903,0.6000000397409028
81,-1.2268347228175337e-05,-4.427865375136138,1.274766718955477e-05,-8.669484917175336e-06,1.3084524935439426e-05,5.778345624207759e-08,-16.666563034057617,0.00020459920051507652,-8.494457244873047,7.45139186619781e-06,1.1679901945171878e-05,0.0003377609536983073,3.317483788123354e-05,0.0021516000851988792,0.0,1.0,0.0001159426974481903,0.6000000397409028
82,0.00012609460229281815,-14.277819302501634,3.288018864536597e-05,0.00015924568003795704,-2.8137082073322163e-05,2.216837629021029e-07,-15.322013854980469,0.00042689635301940143,-7.758969306945801,-9.70278779277578e-06,3.3970747608691454e-05,0.0006544715724885464,0.00011197406274732202,0.0025023999623954296,0.0,1.0,0.0001159426974481903,0.6000000397409028
83,-8.982304528759146e-06,-6.240241492272965,0.0001729099722664357,-1.1874716774126931e-05,0.0001736952427281257,1.1274674704964127e-07,-15.99812126159668,0.00044945531408302486,-7.707474231719971,7.997814827831462e-05,0.00016833758854772896,0.00039493219810537994,7.346932306973031e-06,0.005348699982278049,0.0,1.0,0.0001159426974481903,0.6000000397409028
84,6.8582148815718064e-06,-3.1873038482243117,-0.0027339099984728036,7.496576559246094e-05,-0.002736542472426794,8.670121133036446e-06,-11.655628204345703,0.0040720622055232525,-5.503605842590332,-0.0012300519738346338,-0.0026666605845093727,0.000298910221317783,5.178883657208644e-05,0.0026352000422775745,0.0,1.0,0.0001159426974481903,0.6000000397409028
85,1.7917295507204896e-05,-0.500359802530387,0.00034238136386442606,-1.1425410887285779e-05,-0.0003119357075449362,1.57151802682165e-07,-15.666053771972656,0.0006254329346120358,-7.377066612243652,-0.0001393462298437953,0.00033197496668435633,0.00021556603314820677,9.265737025998533e-05,0.002613699994981289,0.0,1.0,0.0001159426974481903,0.6000000397409028
86,1.5290424941994217e-06,-3.656595350759553,9.51922774788535e-05,-2.8152452148113903e-06,9.544131313233446e-05,6.057459245312202e-08,-16.6193904876709,0.0003154062433168292,-8.061649322509766,4.440538396011107e-05,9.184947703033686e-05,0.00031358058913610876,4.472213186090812e-05,0.0022920999908819795,0.0,1.0,0.0001159426974481903,0.6000000397409028
87,-2.353661131450107e-06,-9.739279060915274,0.0002472644509112312,-6.862255903856834e-06,0.0002382381202454892,1.9990621069609915e-07,-15.42541790008545,0.0006278113578446209,-7.3732709884643555,0.00010951501462841406,0.00024178504827432334,0.0005067159072495997,4.6306678996188566e-05,0.002597099984996021,0.0,1.0,0.0001159426974481903,0.6000000397409028
88,-4.2961739729184426e-06,0.48783954688338643,0.0001606021054883389,-2.0403393308019995e-06,-0.00015534544202838,5.158321414455713e-08,-16.78006935119629,0.0003699894296005368,-7.902036190032959,-6.9014509790577e-05,0.0001544607657706365,0.00018518824072089046,0.0001078400673577562,0.002276599989272654,0.0,1.0,0.0001159426974481903,0.6000000397409028
89,3.4335942468774887e-05,2.130778535063161,0.0002108447590563957,-0.00016338549460164753,-0.0002047024671049141,6.755502823807547e-08,-16.51032257080078,0.0004285571922082454,-7.755086421966553,-9.144636715063825e-05,0.0002029789611697197,0.00013501194189302623,0.00013325178588274866,0.0025144999381154776,0.0,1.0,0.0001159426974481903,0.6000000397409028
90,-7.013264754936034e-05,9.068612953178246,-1.2218253305783254e-05,7.375737483165011e-05,-1.1238721172584385e-05,3.2437394992257396e-08,-17.243953704833984,0.00017964729340747,-8.624515533447266,-5.302479166857665e-06,-1.6522531950613484e-05,7.28022278053686e-05,0.0002428423467790708,0.0020425000693649054,0.0,1.0,0.0001159426974481903,0.6000000397409028
91,1.0943929614597452e-06,-7.341565660173808,-0.0007470140648077213,-0.00020986956428595895,-0.0007468610992529956,7.345154813265253e-07,-14.124054908752441,0.0012831969652324915,-6.658400535583496,-0.0003341180272400379,-0.0007282833685167134,0.000429920619353652,1.1670734238578007e-05,0.0053485999815166,0.0,1.0,0.0001159426974481903,0.6000000397409028
92,1.1457041922273162e-05,-7.856644698820716,1.702327909765159e-05,-3.0591616074744304e-06,-1.2052673086825372e-05,1.000816212126665e-07,-16.117279052734375,0.00025279977126047015,-8.282913208007812,-3.3818862448242726e-06,1.678985427133739e-05,0.00044633925426751375,1.8916822227765806e-05,0.002846999908797443,0.0,1.0,0.0001159426974481903,0.6000000397409028
93,6.472351802701023e-07,6.643059048721862,-4.9294720765273474e-05,-1.2518694205214375e-05,5.108820272956075e-05,2.407361243683681e-08,-17.54214859008789,0.00017943703278433532,-8.625686645507812,2.306091846548952e-05,-5.195974154048599e-05,4.720777724287473e-06,0.00020411197328940034,0.0024829000467434525,0.0,1.0,0.0001159426974481903,0.6000000397409028
94,2.5089927960999115e-06,14.412854885941677,-0.00010151306162948445,-5.476684853051483e-05,0.00010168386034381176,9.33964798832676e-08,-16.186412811279297,0.0004288037889637053,-7.754510879516602,4.482908843783662e-05,-0.00010518333147047088,0.00022781407460570335,0.00032976860529743135,0.001995100057683885,0.0,1.0,0.0001159426974481903,0.6000000397409028
95,6.26596117139343e-05,2.800923414496168,9.919221316950061e-06,-0.0001233219104700183,-8.912993724541063e-06,1.695477003238466e-08,-17.892717361450195,0.00013948722335044295,-8.877537727355957,-3.4308422982576303e-06,6.885469701956026e-06,0.00011466348223621026,0.0001436783350072801,0.0021496000699698925,0.0,1.0,0.0001159426974481903,0.6000000397409028
96,-1.1526011628545283e-06,-8.154281179496444,-6.773590146063261e-05,-1.6569734505010848e-06,-6.724889072582012e-05,1.0928828686473935e-07,-16.02927589416504,0.0003334769862703979,-8.005936622619629,-2.8178277716506273e-05,-6.576938176294789e-05,0.00045584936742670834,2.3209255232359283e-05,0.00200920004863292,0.0,1.0,0.0001159426974481903,0.6000000397409028
97,1.2144829590990736e-05,8.181714826820343,1.3983953105038916e-05,-0.00010493272774532984,1.3154830285542303e-05,2.7347724085302616e-08,-17.41463279724121,0.00015276145131792873,-8.786632537841797,5.789827810076531e-06,9.286011845688336e-06,4.6742530685150996e-05,0.00022862869082018733,0.0029634999809786677,0.0,1.0,0.0001159426974481903,0.6000000397409028
98,2.2691841580895145e-05,-4.955310201220515,8.225387822517461e-07,7.469438370106501e-05,1.410071992300635e-06,6.310628464234469e-08,-16.578445434570312,0.00019231619080528617,-8.55636978149414,2.270964841954992e-06,1.987069140341191e-07,0.00035434390883892775,2.5349121642648242e-05,0.004387299995869398,0.0,1.0,0.0001159426974481903,0.6000000397409028
99,1.686095698779846e-05,10.270561274877478,0.00017443580751128795,-0.00044728639897240316,0.0001740288662889645,7.35365262016785e-08,-16.42548370361328,0.00042811856837943196,-7.756110191345215,7.791260577505454e-05,0.0001651074708206579,0.00010799974552355707,0.00026219728169962764,0.0024651000276207924,0.0,1.0,0.0001159426974481903,0.6000000397409028
100,4.116860807756447e-06,0.4175311143887798,1.8139680744787574e-05,-3.391413941748815e-05,-1.1690157309347053e-05,2.3509347357730803e-08,-17.565868377685547,0.00016699102707207203,-8.69757080078125,-4.360128059488488e-06,1.5579831597278826e-05,0.00018734489276539534,0.00010675721568986773,0.00245789997279644,0.0,1.0,0.0001159426974481903,0.6000000397409028
0,10.0,-10.0,0.0,10.0,0.0,2.8923974326744428e-08,-17.35859489440918,0.00017351825954392552,-8.65922737121582,-5.606640343103209e-07,-3.382152272024541e-06,0.00015706980775576085,0.0001820810721255839,0.00254979997407645,0.0,2.0,0.00017351825954392552,0.6000000397409028
1,-0.05201775539667841,19.85402638985621,6.209238649505199e-05,-0.07972795149777544,-6.206969573721628e-05,1.6320639417699567e-07,-15.628250122070312,0.00048125709872692823,-7.639109134674072,-2.953940384031739e-05,5.262844933895394e-05,0.00038200619746930897,0.0004161723190918565,0.002799800015054643,0.0,2.0,0.00017351825954392552,0.6000000397409028
2,-2.0503217875005997e-07,8.47810505217278,0.00022307394459955795,9.675852107115214e-07,-0.0003070262747232327,9.3299682646375e-08,-16.187448501586914,0.000495806394610554,-7.609324932098389,-0.00013833022967446595,0.00021306151757016778,5.545612657442689e-05,0.00023337322636507452,0.005380599992349744,0.0,2.0,0.00017351825954392552,0.6000000397409028
3,4.557758326242319e-06,14.394846627567597,1.8270129988124888e-05,-9.364169549395174e-06,-4.0848858057808264e-05,8.061610401455255e-08,-16.333566665649414,0.000309304625261575,-8.081184387207031,-1.9308357877889648e-05,1.1610585715970956e-05,0.00022729845659341663,0.0003294728812761605,0.0020424999529495835,0.0,2.0,0.00017351825954392552,0.6000000397409028
4,2.9199115926475206e-06,7.245648662215606,0.00018923504294742396,-8.4016015992054e-07,-0.00020010138856694083,6.368443905557797e-08,-16.569326400756836,0.0003870096697937697,-7.85706090927124,-9.005332685774192e-05,0.0001804305356927216,1.9358945792191662e-05,0.00021369264868553728,0.002546900068409741,0.0,2.0,0.00017351825954392552,0.6000000397409028
5,4.3473970685486304e-05,0.691536790555723,-0.0010411352141471808,-1.1047501724572574e-05,1.1187707110313626e-05,1.057083409250481e-06,-13.759997367858887,0.0011681499890983105,-6.752334117889404,5.897873961657751e-06,-0.001017290516756475,0.00017894264601636678,0.00011098050890723243,0.0020770999835804105,0.0,2.0,0.00017351825954392552,0.6000000397409028
6,-0.0010847385955921845,-25.845195454372604,-4.2237730352828334e-05,-0.00035848442335849497,8.665453538148432e-05,5.871723942618701e-07,-14.347947120666504,0.0007392829866148531,-7.209829807281494,4.367688961792737e-05,-3.6307377740740776e-05,0.0010456556919962168,0.00027294171741232276,0.0026464000111445785,0.0,2.0,0.00017351825954392552,0.6000000397409028
7,3.2795148141807503e-06,13.11056308040921,0.0006767861976756819,2.0833803504173593e-06,-0.0006770449951899254,5.867516392754624e-07,-14.348664283752441,0.0012088818475604057,-6.718059539794922,-0.0003054339613299817,0.0006540516042150557,0.00019040703773498535,0.0003083856136072427,0.0020952000049874187,0.0,2.0,0.00017351825954392552,0.6000000397409028
8,-1.181699696860752e-05,3.973669958067178,0.0006387026327819103,0.0001503240385799275,0.0005637442969886367,4.64755203211098e-07,-14.581754684448242,0.0009943429613485932,-6.91342830657959,0.0002541085996199399,0.0006196144386194646,7.923343946458772e-05,0.00016200629761442542,0.00257789995521307,0.0,2.0,0.00017351825954392552,0.6000000397409028
9,2.9953468934444108e-06,8.29100252029138,-0.0001192959879000184,-7.800505676801005e-07,8.640283153779692e-05,4.385245588878206e-08,-16.942434310913086,0.00029959826497361064,-8.113067626953125,3.8737201975891367e-05,-0.00012069407239323482,4.995589915779419e-05,0.0002303780784131959,0.005375299951992929,0.0,2.0,0.00017351825954392552,0.6000000397409028
10,3.088446913300444e-06,10.521449481897971,-0.0004291357710079041,-3.210053360725586e-07,0.00043196108745542877,2.590213057374058e-07,-15.16635513305664,0.0008081897394731641,-7.120713710784912,0.00019394978880882263,-0.00042344772373326123,0.00011532632197486237,0.0002662582555785775,0.005312199937179685,0.0,2.0,0.00017351825954392552,0.6000000397409028
11,2.349530346638673e-06,7.740697057989294,3.693268945904423e-05,-1.711022586425707e-06,3.0880178853926206e-05,2.632232742882934e-08,-17.452848434448242,0.00017330107220914215,-8.660480499267578,1.382370919600362e-05,3.179062332492322e-05,3.378955807420425e-05,0.0002215839340351522,0.005365299992263317,0.0,2.0,0.00017330107220914215,0.6000000397409028
12,1.9409526095433387e-06,-0.893451592389122,-6.545738636126544e-05,-2.2893806153530096e-06,7.149343573048236e-05,3.50782620728296e-08,-17.16568374633789,0.0002559727872721851,-8.270439147949219,3.325032230350189e-05,-6.555691652465612e-05,0.00022769186762161553,8.66392147145234e-05,0.0019860999891534448,0.0,2.0,0.00017330107220914215,0.6000000397409028
13,-1.8545208577523594e-06,6.947247332001353,8.218990032163327e-05,-1.3454888817274311e-05,-9.162694302348972e-05,2.9385173405671594e-08,-17.342775344848633,0.000227302749408409,-8.389227867126465,-4.120076846447773e-05,7.614884088980034e-05,1.0961546649923548e-05,0.00020894470799248666,0.0021007999312132597,0.0,2.0,0.00017330107220914215,0.6000000397409028
14,1.223498038951022e-06,5.331731977316611,0.0018893436854343518,1.2874595494460933e-05,-0.005973956429960051,1.0623524758557323e-05,-11.452439308166504,0.0046375892125070095,-5.373560428619385,-0.002688036533072591,0.0018385949078947306,3.855581962852739e-05,0.0001833594433264807,0.0020806000102311373,0.0,2.0,0.00017330107220914215,0.6000000397409028
15,1.9776344764881464e-06,-0.4831538111471932,-0.00015376441726984308,-2.2621280623992852e-06,0.0009604805055957524,2.381679564678052e-07,-15.250289916992188,0.0007389892125502229,-7.210227012634277,0.00043323871796019375,-0.00015177192108239979,0.0002150363870896399,9.292078175349161e-05,0.0020396000472828746,0.0,2.0,0.00017330107220914215,0.6000000397409028
16,6.82040883563799e-05,5.70599896194203,4.342386672143946e-05,0.00031431326935270777,1.3510949051152601e-05,1.982774122666342e-08,-17.736183166503906,0.00015335698844864964,-8.782742500305176,6.274334282352356e-06,3.871406806865707e-05,2.7462168873171322e-05,0.00018927498604170978,0.00211130001116544,0.0,2.0,0.00015335698844864964,0.6000000397409028
17,1.914407932273153e-06,-0.3756883139208021,-6.454742167401566e-06,-2.2871589309793698e-06,-5.870649504680956e-06,2.6955015997032206e-08,-17.429096221923828,0.00016295631940010935,-8.722028732299805,-1.6338848354280344e-06,-8.17533873487264e-06,0.00021172589913476259,9.4568298663944e-05,0.002111600013449788,0.0,2.0,0.00015335698844864964,0.6000000397409028
18,3.9952858836720945e-05,-5.7404479245693185,-0.0001587776860067939,-3.114907918302322e-06,-0.00015638414894806173,1.0075601153403113e-07,-16.110563278198242,0.00042035471415147185,-7.774411678314209,-6.862728332635015e-05,-0.0001551951136207208,0.000379113364033401,1.395124400005443e-05,0.0019378999713808298,0.0,2.0,0.00015335698844864964,0.6000000397409028
19,2.707686840253907e-06,6.093376478240304,0.00010685713216021574,-1.1295430973123297e-06,0.00010802044015518133,3.16876196393423e-08,-17.2673397064209,0.0002549891360104084,-8.274290084838867,4.875262675341219e-05,0.00010044858208857477,1.6178793885046616e-05,0.00019539706408977509,0.0020488000009208918,0.0,2.0,0.00015335698844864964,0.6000000397409028
20,-0.0002041575760847365,13.651081232341678,0.0001373026872872774,-0.0016080627397112278,-0.0001301249493239281,9.140210721625408e-08,-16.207996368408203,0.0004488590348046273,-7.708801746368408,-5.93885088164825e-05,0.00012788780441042036,0.00020595628302544355,0.00031720916740596294,0.0026859999634325504,0.0,2.0,0.00015335698844864964,0.6000000397409028
21,-8.560154205250685e-07,1.4396995045763294,0.00039240735833293185,-1.1561624440313371e-05,0.0003843256375653262,1.9441328902303212e-07,-15.453279495239258,0.0006932116812095046,-7.27417516708374,0.00017370909336023033,0.00038020030478946865,0.00015606697706971318,0.00012253753084223717,0.002478799899108708,0.0,2.0,0.00015335698844864964,0.6000000397409028
22,-5.909276526368628e-06,-1.2694049033680284,-3.981464055846684e-05,-2.0849357435623874e-06,5.278843780915622e-05,3.4162226825174e-08,-17.1921443939209,0.0002254368009744212,-8.397470474243164,2.4884280719561502e-05,-4.044945308123715e-05,0.00023931069881655276,8.089542825473472e-05,0.002044699969701469,0.0,2.0,0.00015335698844864964,0.6000000397409028
23,1.5073908915443e-06,-4.008656871043088,-1.3537785093922459e-05,-8.930691076729963e-05,-1.5903589284394476e-06,5.36615054613776e-08,-16.740570068359375,0.00019687808526214212,-8.532925605773926,7.897345994933858e-07,-1.4064544302527793e-05,0.0003246085252612829,3.9439095417037606e-05,0.0032196000684052706,0.0,2.0,0.00015335698844864964,0.6000000397409028
24,2.651118359061953e-06,3.7190280701594634,0.0007003072902913571,-1.4311694435715213e-06,-0.0006823039645620242,5.723121034861833e-07,-14.373580932617188,0.001108791446313262,-6.804484844207764,-0.00030657919705845416,0.0006797501118853688,8.690756658324972e-05,0.000158016657223925,0.002632700023241341,0.0,2.0,0.00015335698844864964,0.6000000397409028
25,3.1959350531860014e-06,6.1965411126426595,-9.222642246180517e-05,-3.2747182675353e-06,8.905203105415457e-05,2.9892234465478396e-08,-17.325666427612305,0.00023903613328002393,-8.338895797729492,4.020327833131887e-05,-9.368791506858543e-05,1.3258901162771508e-05,0.00019703098223544657,0.005438299966044724,0.0,2.0,0.00015335698844864964,0.6000000397409028
26,2.3167387683308615e-06,2.421331205080249,-0.0003843299451409476,-1.7014170648870377e-06,7.248782331538693e-05,1.609861612905661e-07,-15.641947746276855,0.0005426234565675259,-7.519094944000244,3.3250315027544275e-05,-0.00037739865365438163,0.0001261805446119979,0.0001377683802274987,0.0053521000081673265,0.0,2.0,0.00015335698844864964,0.6000000397409028
27,5.197640539521166e-05,-10.203463657292211,0.00015545751289459185,-0.00014493979846642066,-0.0037823644559709098,3.049657607334666e-06,-12.700481414794922,0.0021394682116806507,-6.14719820022583,-0.001699690124951303,0.00015239784261211753,0.0005216849385760725,5.30754987266846e-05,0.0020991999190300703,0.0,2.0,0.00015335698844864964,0.6000000397409028
28,3.808731973071043e-05,-14.988503840049976,8.699934300080656e-05,3.266995738501205e-05,0.0003864841201022095,2.7611656605586177e-07,-15.102442741394043,0.0006639264756813645,-7.317338943481445,0.00017698000010568649,8.692390838405117e-05,0.0006779089453630149,0.0001221361308125779,0.00539299997035414,0.0,2.0,0.00015335698844864964,0.6000000397409028
29,0.00033396850695429405,-19.316667058571706,9.18987953533906e-06,3.2434460313414144e-05,1.339213073611482e-05,3.550614167124877e-07,-14.850975036621094,0.0005246499786153436,-7.552779197692871,9.724472874950152e-06,1.2184298611828126e-05,0.0008222246542572975,0.00018325771088711917,0.00265370006673038,0.0,2.0,0.00015335698844864964,0.6000000397409028
30,4.105589136741896e-06,9.20805256260767,-0.00027874194315628635,-1.2405984697059944e-06,-0.001234083557724364,4.1809212802945694e-07,-14.6875638961792,0.0009930147789418697,-6.914764881134033,-0.0005556006799452007,-0.00027642431086860597,7.689545600442216e-05,0.00024508428759872913,0.002176100038923323,0.0,2.0,0.00015335698844864964,0.6000000397409028
31,-0.0001209641758249072,-15.670002709181105,0.001515397305124261,0.00010763441760956454,4.850609611135481e-05,2.4444284463243093e-06,-12.921699523925781,0.0019209363963454962,-6.254942417144775,2.4989250960061327e-05,0.001479794504120946,0.000700457370840013,0.00013184799172449857,0.005505200009793043,0.0,2.0,0.00015335698844864964,0.6000000397409028
32,0.0006810826301807477,10.314464441420233,-0.000533748388783221,-0.001379484889870616,-0.0005343674764802709,3.745645642538875e-07,-14.797501564025879,0.0009523427579551935,-6.95658540725708,-0.00024087142082862556,-0.0005253668059594929,0.00010929082782240584,0.00026291824178770185,0.0026326000224798918,0.0,2.0,0.00015335698844864964,0.6000000397409028
33,8.688690851500634e-07,-6.535062175530494,0.00082169897284663,-6.518555046294133e-06,0.00015712237926966138,7.28578584130446e-07,-14.132170677185059,0.00107810297049582,-6.832552433013916,7.256154640344903e-05,0.0008009876473806798,0.00040427851490676403,4.828973032999784e-06,0.002621099934913218,0.0,2.0,0.00015335698844864964,0.6000000397409028
34,4.952122832963627e-06,2.731114788993952,8.216462098280064e-05,3.3447929136459157e-06,-7.843897205980001e-05,2.4171699308794814e-08,-17.538084030151367,0.00024173830752260983,-8.327654838562012,-3.470819865469821e-05,7.734478276688606e-05,0.00011678024020511657,0.00014259040472097695,0.0020978000247851014,0.0,2.0,0.00015335698844864964,0.6000000397409028
35,3.0054567026828896e-05,-8.538298465979691,0.0003058254659354563,0.0002591429755119696,-0.00022180671377463606,2.0866455940904416e-07,-15.382537841796875,0.0006446914048865438,-7.346738815307617,-9.767519077286124e-05,0.00029855899629183114,0.00046812891378067434,2.8785505492123775e-05,0.005327800055965781,0.0,2.0,0.00015335698844864964,0.6000000397409028
36,-0.00010945585081416546,-5.12914554313557,-8.16499635584211e-05,-9.547523022497355e-06,-7.705600481833803e-05,7.251466627167247e-08,-16.439477920532227,0.00030448695179075,-8.096881866455078,-3.3014595828717574e-05,-8.01639398559928e-05,0.00035983003908768296,2.278680221934337e-05,0.002037000027485192,0.0,2.0,0.00015335698844864964,0.6000000397409028
37,-0.00015404554515251081,14.845207885345484,-0.004203300384454163,-0.0003675324158206531,0.004629456819760688,2.1268544514896348e-05,-10.758281707763672,0.006475324742496014,-5.0397562980651855,0.0020822721999138594,-0.004104521591216326,0.00024017784744501114,0.00033688431722112,0.0020163999870419502,0.0,2.0,0.00015335698844864964,0.6000000397409028
38,7.959012893229067e-07,-8.463887484027444,5.126903879752796e-05,-3.6316092625141715e-06,-4.629609169442571e-05,1.1173219149895885e-07,-16.007160186767578,0.0003157799656037241,-8.060464859008789,-1.8705868569668382e-05,5.0344511691946536e-05,0.00046575520536862314,2.7703979867510498e-05,0.002111600013449788,0.0,2.0,0.00015335698844864964,0.6000000397409028
39,-0.00045274892511193497,-14.328756258369275,-0.00018894562803986308,0.0013784215893519623,0.00010817072196138801,2.5752336796358577e-07,-15.172155380249023,0.0006183766527101398,-7.388412952423096,5.1643135520862415e-05,-0.00018230201385449618,0.0006561570335179567,0.00011270592221990228,0.0025770000647753477,0.0,2.0,0.00015335698844864964,0.6000000397409028
40,2.2051609710135056e-06,4.31095465946051,0.00014024428923811578,-1.487651279303181e-06,-0.0001302331505684084,3.759795674795896e-08,-17.096315383911133,0.00030993708060123026,-8.079141616821289,-5.822601087857038e-05,0.00013351796951610595,6.90907909302041e-05,0.00016729539493098855,0.0020477999933063984,0.0,2.0,0.00015335698844864964,0.6000000397409028
41,7.0357545598282e-05,3.2188317786786915,-0.00010163632352024857,-6.645790704287111e-05,0.00010292058631769024,2.908082663566347e-08,-17.353187561035156,0.00027494365349411964,-8.198944091796875,4.68384605483152e-05,-0.00010200095130130649,0.00010201053373748437,0.0001501979713793844,0.002113600028678775,0.0,2.0,0.00015335698844864964,0.6000000397409028
42,-0.00010319985612093982,-8.116793849435984,-1.564275954907238e-05,0.00014649070146304465,0.003339669034073025,2.3686495751462644e-06,-12.953190803527832,0.0017585790483281016,-6.343249320983887,0.0015049295034259558,-1.4988801012805197e-05,0.00045465404400601983,2.2667434677714482e-05,0.002016099984757602,0.0,2.0,0.00015335698844864964,0.6000000397409028
43,-2.277557924225675e-05,3.6862793773318567,-0.00024078386856280068,4.160892915971247e-05,-0.00024149487579964467,8.452713728956951e-08,-16.28619384765625,0.00046871506492607296,-7.665515422821045,-0.00010821077012224123,-0.0002378045755904168,8.789559797151014e-05,0.00015750383317936212,0.0026115000946447253,0.0,2.0,0.00015335698844864964,0.6000000397409028
44,-1.2424753719065647e-05,4.338065269495379,-0.0014586650890249945,5.371024409141859e-05,0.0015280071806716895,2.521555870771408e-06,-12.890634536743164,0.002231405582278967,-6.105123519897461,0.0006879785214550793,-0.0014254281995818019,6.82762693031691e-05,0.00016772118397057056,0.002459299983456731,0.0,2.0,0.00015335698844864964,0.6000000397409028
45,0.00035399573917323734,-13.838180375345697,-0.00010836378830721248,0.00017228677297091477,-0.00010700892668726759,2.2321741255382221e-07,-15.315119743347168,0.0005219517042860389,-7.55793571472168,-4.525887925410643e-05,-0.00010385874338680878,0.0006399991107173264,0.00010566911078058183,0.00256309995893389,0.0,2.0,0.00015335698844864964,0.6000000397409028
46,2.7235960774713778e-06,6.165172302652859,3.2897082754228194e-05,-3.3604243816999587e-06,-3.1864804211047486e-05,2.041640101424491e-08,-17.706926345825195,0.0001478585763834417,-8.819253921508789,-1.4205172192305326e-05,2.8316628231550567e-05,1.4139493032416794e-05,0.0001965340634342283,0.0025751000503078103,0.0,2.0,0.0001478585763834417,0.6000000397409028
47,-0.00019692682485824306,12.67142150225345,-0.0005229742275023599,7.281792135845344e-05,0.0005192857263262123,3.8125648416098556e-07,-14.779793739318848,0.0009880205616354942,-6.919806957244873,0.00023297069128602743,-0.000515583495143801,0.00017773587023839355,0.0003011968801729381,0.002036100020632148,0.0,2.0,0.0001478585763834417,0.6000000397409028
48,-0.0002847110026806013,-29.060541233754922,0.0004400953193311309,-6.576750187125234e-05,-0.0022881926083821473,1.9590049760154216e-06,-13.143074035644531,0.0021962602622807026,-6.120999336242676,-0.001024509547278285,0.0004347588983364403,0.0011579584097489715,0.0003160253108944744,0.0022681000409647822,0.0,2.0,0.0001478585763834417,0.6000000397409028
49,2.6191657577154142e-06,3.9775159360477224,-0.0006269352316009661,-6.053236564681823e-06,-0.0006197135921217786,4.7126550839493575e-07,-14.56784439086914,0.0010134257609024644,-6.894418716430664,-0.00027844790020026267,-0.0006143857026472688,7.911911234259605e-05,0.0001620652328711003,0.0026762000052258372,0.0,2.0,0.0001478585763834417,0.6000000397409028
50,3.664753222788807e-05,-14.05884700480019,0.0010024533122870282,-0.00013779948330363808,0.00063183593939869,1.256845621355751e-06,-13.586905479431152,0.0016445590881630778,-6.410283088684082,0.00028725340962409973,0.0009792435448616743,0.0006472874083556235,0.00010883681534323841,0.0019758999114856124,0.0,2.0,0.0001478585763834417,0.6000000397409028
51,2.6476171561685717e-06,5.59605663894665,0.000359768697092695,-1.1557680766456136e-06,0.000357433512509726,1.645295384378187e-07,-15.6201753616333,0.0006173590663820505,-7.390059947967529,0.00016105400572996587,0.00034718200913630426,3.071417813771404e-05,0.00018753198673948646,0.0025603000540286303,0.0,2.0,0.0001478585763834417,0.6000000397409028
52,2.7124751247858838e-06,4.83743652924083,-9.570321408007986e-05,-1.3137382649546151e-06,-9.783595256491304e-05,2.809204957543443e-08,-17.387779235839844,0.0002548379998188466,-8.274882316589355,-4.3717041990021244e-05,-9.668307029642165e-05,5.330506610334851e-05,0.00017557073442731053,0.0026726999785751104,0.0,2.0,0.0001478585763834417,0.6000000397409028
53,-2.910397644748209e-05,-6.825558240479915,3.74659342969059e-05,1.4084783932189663e-06,3.806372811796027e-05,8.719774768906063e-08,-16.25508689880371,0.0002649954694788903,-8.235797882080078,1.9025801520911045e-05,3.644007665570825e-05,0.00041350320680066943,5.555983079830185e-06,0.002597999991849065,0.0,2.0,0.0001478585763834417,0.6000000397409028
54,2.373342155907227e-06,-1.4105185632207151,-7.468011682585934e-05,1.172393522091571e-06,8.463392417075204e-05,3.9864570311465286e-08,-17.037776947021484,0.0002748473489191383,-8.199295043945312,3.923399344785139e-05,-7.440364424837753e-05,0.0002436766226310283,7.87428070907481e-05,0.0024858000688254833,0.0,2.0,0.0001478585763834417,0.6000000397409028
55,-9.013506776416303e-07,1.3753071834255233,-2.0024834782022222e-06,-1.1601132179448137e-06,-8.897779329224015e-07,1.9892148372946394e-08,-17.732940673828125,0.00014448848378378898,-8.842310905456543,3.708281326453289e-07,-4.33084733231226e-06,0.00015803247515577823,0.00012154113210272044,0.0021026000613346696,0.0,2.0,0.00014448848378378898,0.6000000397409028
56,-2.8786377373914447e-07,9.916831890613317,-6.362264004827173e-05,-4.815540955413313e-06,-8.501862505939418e-05,4.3629153623214734e-08,-16.947540283203125,0.00028258381644263864,-8.17153549194336,-3.861315417452715e-05,-6.689284055028111e-05,9.7661315521691e-05,0.0002564942988101393,0.0026023000245913863,0.0,2.0,0.00014448848378378898,0.6000000397409028
57,7.105265715733415e-06,-0.9660339606670936,-0.00018461726591383494,-0.00014633060830230319,0.00018998810907251083,7.061030515842504e-08,-16.466089248657227,0.0004260315326973796,-7.760997295379639,8.658281149109825e-05,-0.00018171673582401127,0.00022993564198259264,8.552837971365079e-05,0.0026315998984500766,0.0,2.0,0.00014448848378378898,0.6000000397409028
58,-1.9490718629707962e-06,-3.659925836315964,0.00036973512681105325,-5.6949331605209095e-06,-0.0006802485515820763,2.722728993376222e-07,-15.116460800170898,0.0008433627081103623,-7.078113555908203,-0.0003046545898541808,0.00035952962934970856,0.0003136850136797875,4.467199687496759e-05,0.0019672999624162912,0.0,2.0,0.00014448848378378898,0.6000000397409028
59,1.604574058789673e-05,2.1775531201718596,0.00011669996493596903,-1.4871920969784728e-06,-0.0001080280999985065,3.2557146312228724e-08,-17.24026870727539,0.0002929079928435385,-8.135651588439941,-4.7949190047802404e-05,0.00011117516260128468,0.00013358784781303257,0.00013397946895565838,0.0020129000768065453,0.0,2.0,0.00014448848378378898,0.6000000397409028
60,2.5934038153445463e-06,4.819608702036424,-6.803906483148955e-05,-1.4780295599222182e-06,-7.064762484690271e-05,2.2662430154696267e-08,-17.602558135986328,0.00021574960555881262,-8.441391944885254,-3.147993265883997e-05,-6.970536924200132e-05,5.383848838391714e-05,0.00017529012984596193,0.0026061999378725886,0.0,2.0,0.00014448848378378898,0.6000000397409028
61,0.00014201718392833687,-16.074269730536713,0.0006181245032712559,-0.00017582906342384673,0.0007010568926660991,7.319097790059459e-07,-14.127608299255371,0.0013494680169969797,-6.608044624328613,0.0003186961112078279,0.0006050528609193861,0.0007138456567190588,0.00013759240391664207,0.00542140007019043,0.0,2.0,0.00014448848378378898,0.6000000397409028
62,7.751634586002536e-06,6.443467722854652,-3.471472622946944e-05,-1.3647702589285596e-05,-7.43543642137751e-05,2.274626886844544e-08,-17.598865509033203,0.00017495211795903742,-8.65099811553955,-3.336204099468887e-05,-3.76860007236246e-05,6.863116141175851e-06,0.0002009450545301661,0.002939599915407598,0.0,2.0,0.00014448848378378898,0.6000000397409028
63,3.778405435910503e-05,-11.976660705218116,-0.00020506166353375798,0.00013259545781928883,0.0001737754780269132,2.1681032080778095e-07,-15.344243049621582,0.0006084589986130595,-7.404581069946289,8.082604472292587e-05,-0.0001986334682442248,0.0005791625590063632,7.88363249739632e-05,0.002634699922055006,0.0,2.0,0.00014448848378378898,0.6000000397409028
64,3.0565894208941515e-07,1.5493561360349406,-0.00036440480124141103,-3.136590043326109e-05,-0.00025763105535474225,1.606122594921544e-07,-15.644272804260254,0.000611386785749346,-7.399780750274658,-0.00011518615792738274,-0.0003577224269974977,0.00015272130258381367,0.0001242350845132023,0.0021381000988185406,0.0,2.0,0.00014448848378378898,0.6000000397409028
65,0.0002566891854272844,5.800954570349177,-0.003203166473339393,-0.00026388296689465614,0.0037745697683758896,1.2680591680691577e-05,-11.27543830871582,0.004933180287480354,-5.311771392822266,0.001698738313280046,-0.0031267199665308,2.466872683726251e-05,0.00019077514298260212,0.0024916999973356724,0.0,2.0,0.00014448848378378898,0.6000000397409028
66,1.281841909364672e-05,-0.21384671458949583,6.804270568871246e-05,2.9216640581464815e-05,6.482898195752489e-05,3.113947855126753e-08,-17.2847900390625,0.00024647009558975697,-8.308269500732422,3.015898255398497e-05,6.441399455070496e-05,0.000206742508453317,9.705173579277471e-05,0.002083099912852049,0.0,2.0,0.00014448848378378898,0.6000000397409028
67,4.476832733092016e-06,-4.31792132779986,1.092111774110742e-05,-2.2097877139743954e-05,8.78918851194408e-06,5.661462765260694e-08,-16.68699836730957,0.00019993331807199866,-8.517526626586914,5.503274223883636e-06,9.868565030046739e-06,0.000334307987941429,3.481495878077112e-05,0.005414200015366077,0.0,2.0,0.00014448848378378898,0.6000000397409028
68,2.2921093577787778e-06,2.1662257842775916,6.520043077683338e-05,-1.7422498836640368e-06,-6.104900827022019e-05,2.235616314294475e-08,-17.61616325378418,0.0002216414432041347,-8.414449691772461,-2.6807076210388914e-05,6.09663657087367e-05,0.0001339329028269276,0.00013380309974309057,0.002246699994429946,0.0,2.0,0.00014448848378378898,0.6000000397409028
69,3.0433020999138732e-05,-3.479170377529284,-0.000482350852216156,-3.104505066199617e-05,0.0004912460441320644,3.201948288733547e-07,-14.954336166381836,0.0008715075673535466,-7.045286178588867,0.0002224930503871292,-0.0004713040543720126,0.0003080299647990614,4.73909021820873e-05,0.002367999986745417,0.0,2.0,0.00014448848378378898,0.6000000397409028
70,2.319792619951853e-06,1.9464692470602039,0.00023227443766799061,-1.7079692044148576e-06,0.00046231930600990425,1.1210242689685401e-07,-16.00385284423828,0.0005681696929968894,-7.473090648651123,0.00020873814355582,0.0002239262976218015,0.00014061918773222715,0.00013039128680247813,0.0020841999212279916,0.0,2.0,0.00014448848378378898,0.6000000397409028
71,-0.00048293234268674795,-11.109611720969609,-0.004123489783693188,-0.003886320693703962,0.004090706058372381,1.9704009901033714e-05,-10.834688186645508,0.006171004846692085,-5.087893486022949,0.0018433212535455823,-0.0040189665742218494,0.0005511579802259803,6.627608672715724e-05,0.002086999942548573,0.0,2.0,0.00014448848378378898,0.6000000397409028
72,0.00023978872335916575,-15.840460582622908,-0.003159713442849575,-0.0001240507292011173,0.0015140164822622217,1.0203300007560756e-05,-11.492799758911133,0.0041830581612885,-5.476712703704834,0.0006844936870038509,-0.0030783889815211296,0.0007060803472995758,0.00013427059457171708,0.0020489998860284686,0.0,2.0,0.00014448848378378898,0.6000000397409028
73,-0.0003191515619330952,-10.71143660851102,-4.93285940062837e-05,-4.058429575527905e-06,-5.656611445546875e-05,1.4937067760456557e-07,-15.716835021972656,0.00036944245221093297,-7.903515815734863,-2.300848427694291e-05,-4.713153975899331e-05,0.0005381286609917879,6.047620627214201e-05,0.0057628999929875135,0.0,2.0,0.00014448848378378898,0.6000000397409028
74,-0.000799796678401112,-19.426466899625066,-0.003700509284805489,0.0003557862659106514,-0.004295875866688427,1.7075330106308684e-05,-10.977875709533691,0.006039612926542759,-5.109415531158447,-0.0019294293597340584,-0.0036047741305083036,0.0008260281174443662,0.00018479075515642762,0.0026799000333994627,0.0,2.0,0.00014448848378378898,0.6000000397409028
75,-5.50845064222883e-07,-2.216572473569139,0.0004795207006159011,-5.7236069901454625e-06,0.0004932354507139376,3.054406647606811e-07,-15.001510620117188,0.0008569601341150701,-7.062119007110596,0.00022321485448628664,0.0004661681014113128,0.0002686759689822793,6.647838745266199e-05,0.002623699954710901,0.0,2.0,0.00014448848378378898,0.6000000397409028
76,4.501929602275084e-06,0.7439722900151663,0.00043792387686027905,-2.1879083570922253e-06,0.0004281769598764221,2.3986424935174e-07,-15.243192672729492,0.0007628760067746043,-7.178415298461914,0.00019353596144355834,0.00042477683746255934,0.0001773381227394566,0.000111788249341771,0.0026629999047145247,0.0,2.0,0.00014448848378378898,0.6000000397409028
77,4.517492948177951e-06,15.91652547553108,-0.0004614174479342702,0.001085202500045884,-0.00031087688616776034,3.278568385667313e-07,-14.930688858032227,0.000910244882106781,-7.001796722412109,-0.00014101229317020625,-0.00045655909343622625,0.00027070436044596136,0.00035464271786622703,0.0020981000270694494,0.0,2.0,0.00014448848378378898,0.6000000397409028
78,1.915615846990445e-06,-8.684309518398239,-0.0008054180517079725,-1.733372668265881e-05,0.0003634320433669382,7.557267167612736e-07,-14.095585823059082,0.00120243348646909,-6.723407745361328,0.00016570290608797222,-0.0007848652894608676,0.00047281692968681455,3.091368489549495e-05,0.002629700000397861,0.0,2.0,0.00014448848378378898,0.6000000397409028
79,-7.988970422360581e-05,-27.803891748104096,1.7504187383627577e-05,-8.310870427880343e-06,1.1467506985813813e-05,6.656642881353037e-07,-14.222480773925781,0.0007391072576865554,-7.2100677490234375,1.0142959581571631e-05,2.2425130737246946e-05,0.001113799400627613,0.00029927902505733073,0.0021510000806301832,0.0,2.0,0.00014448848378378898,0.6000000397409028
80,1.0444623766628671e-05,3.929086856442089,4.030975491408048e-06,-9.416178549098366e-06,-4.997910148227769e-09,1.6257091672855495e-08,-17.934736251831055,0.00012218936171848327,-9.00993824005127,4.2737210037557816e-07,8.201543550967472e-07,8.057712693698704e-05,0.00016130653966683894,0.002154399990104139,0.0,2.0,0.00012218936171848327,0.6000000397409028
81,0.00023447587649971506,-4.664012250685353,-6.896450604259535e-05,0.0001860467273241338,7.45082467519759e-05,6.585615608400985e-08,-16.53579330444336,0.00029046396957710385,-8.144030570983887,3.512468174449168e-05,-6.792453496018425e-05,0.00034516261075623333,2.966687679872848e-05,0.002600099891424179,0.0,2.0,0.00012218936171848327,0.6000000397409028
82,-0.0019054164034935709,-29.999856660766664,-0.005999616618260503,0.0001100865207527623,-0.00599963947777245,4.21733311668504e-05,-10.073722839355469,0.009298143908381462,-4.677940368652344,-0.002694513648748398,-0.00584374601021409,0.0011913172202184796,0.00032845220994204283,0.005366099998354912,0.0,2.0,0.00012218936171848327,0.6000000397409028
83,-1.7553002666799193e-06,-2.8567172198234743,7.267231980854312e-06,-3.834294391561148e-06,-5.524562835164498e-07,4.3292804008387975e-08,-16.955280303955078,0.00017968784959521145,-8.624289512634277,1.0981016203004401e-06,5.899869847780792e-06,0.0002885993162635714,5.678044544765726e-05,0.005581500008702278,0.0,2.0,0.00012218936171848327,0.6000000397409028
84,3.0994793054090923e-06,-6.97844028162616,-0.0009812129871204307,-3.376156090631129e-06,-0.0009579564056746927,1.1870495200128062e-06,-13.64404010772705,0.0015986014623194933,-6.438626289367676,-0.0004291618533898145,-0.0009567298693582416,0.0004183600249234587,7.059437848511152e-06,0.005395899992436171,0.0,2.0,0.00012218936171848327,0.6000000397409028
85,-0.00047066633730629207,-25.144911096096138,-7.732513426888813e-05,6.574597977502862e-05,7.935955601787575e-05,5.62848413210304e-07,-14.39025592803955,0.0007533613825216889,-7.19096565246582,4.028682451462373e-05,-7.069227285683155e-05,0.0010212925262749195,0.0002634720294736326,0.005358900059945881,0.0,2.0,0.00012218936171848327,0.6000000397409028
86,2.1177935486945316e-06,-0.5011142296949384,8.081483848450029e-05,-2.03159554161006e-06,-7.631420835517486e-05,3.456205277529989e-08,-17.180509567260742,0.0002643820480443537,-8.238115310668945,-3.33164534822572e-05,7.694789383094758e-05,0.00021558984008152038,9.264554682886228e-05,0.002051199902780354,0.0,2.0,0.00012218936171848327,0.6000000397409028
87,0.002233773266176279,-22.34431736936849,1.4484228570229129e-05,-6.2691848318944225e-06,1.1168459603046395e-05,4.5332544118537044e-07,-14.60665512084961,0.0006022692541591823,-7.414805889129639,9.175406376016326e-06,1.8118587831850164e-05,0.0009247128618881106,0.00022523771622218192,0.002820800058543682,0.0,2.0,0.00012218936171848327,0.6000000397409028
88,4.845758570057308e-07,-1.7332087537797085,6.330628605908257e-05,-2.2459874291714062e-06,6.677743548386464e-05,3.950313143263884e-08,-17.046886444091797,0.00025521585484966636,-8.273401260375977,3.124262730125338e-05,6.0223690525162965e-05,0.00025367297348566353,7.382612238870934e-05,0.0054148000199347734,0.0,2.0,0.00012218936171848327,0.6000000397409028
89,-0.0007219000280540961,-6.6368591430103905,0.004314232641536348,-0.00022625908395495776,0.001211620180028607,1.8074619219987653e-05,-10.921001434326172,0.0049594249576330185,-5.3064656257629395,0.000547099974937737,0.004206214100122452,0.00040756259113550186,4.659882961277617e-06,0.0025961999781429768,0.0,2.0,0.00012218936171848327,0.6000000397409028
90,-0.0008126601112856364,-29.999998434172724,-0.0001338232577651071,0.0014297673534037628,0.0005726562174607066,8.480122914988897e-07,-13.98037052154541,0.0011473954655230045,-6.770260810852051,0.0002630184171721339,-0.00012458633864298463,0.0011911025503650308,0.00032847889815457165,0.003057599999010563,0.0,2.0,0.00012218936171848327,0.6000000397409028
91,5.1387283996529053e-05,3.6227304977920256,0.0006548859482670946,8.38186615331184e-05,-0.0006513012462099944,5.057560201748856e-07,-14.497211456298828,0.001051269005984068,-6.857757091522217,-0.0002926151792053133,0.0006354931392706931,8.980920392787084e-05,0.00015651201829314232,0.0026433999883010983,0.0,2.0,0.00012218936171848327,0.6000000397409028
92,2.1349171869957023e-05,-21.85832857025377,0.00013259551705719163,0.00032851791562845556,0.00011384807097382187,4.572308966999117e-07,-14.598077774047852,0.000751913757994771,-7.1928887367248535,5.5309152230620384e-05,0.00013315481191966683,0.000908364134375006,0.00021853546786587685,0.005407600081525743,0.0,2.0,0.00012218936171848327,0.6000000397409028
93,2.092814600771651e-05,-6.5621339539034045,4.6443034396775476e-05,-2.6160142063851467e-05,4.138871146572246e-05,8.45345624611582e-08,-16.28610610961914,0.00027054271777160466,-8.215080261230469,2.0485176719375886e-05,4.512059604167007e-05,0.00040513661224395037,4.737245490105124e-06,0.0019708999898284674,0.0,2.0,0.00012218936171848327,0.6000000397409028
94,8.827609520637737e-07,-7.943992656704152,5.222138383738998e-05,-3.5525524957862315e-06,-5.148888006665704e-05,1.0412237116952383e-07,-16.077699661254883,0.000306898495182395,-8.088993072509766,-2.1115885829203762e-05,5.1131781219737604e-05,0.00044912929297424853,2.017237238760572e-05,0.0025981999933719635,0.0,2.0,0.00012218936171848327,0.6000000397409028
95,6.920077919170699e-06,-0.2882786111698885,0.0006213008162910136,-1.6688754118942067e-05,-0.0007617820267637131,5.07926813497761e-07,-14.492928504943848,0.0010981389787048101,-6.814138412475586,-0.00034180586226284504,0.0006038614083081484,0.00020903447875753045,9.590903209755197e-05,0.002509300014935434,0.0,2.0,0.00012218936171848327,0.6000000397409028
96,1.427212820144665e-05,-6.7822200050002195,-3.5665203044560445e-05,-3.4924636859183797e-06,-4.064991083673502e-05,8.642184923246532e-08,-16.26402473449707,0.00025995352189056575,-8.25500774383545,-1.6401414541178383e-05,-3.487465073703788e-05,0.00041212356882169843,5.231345767242601e-06,0.0019311000360175967,0.0,2.0,0.00012218936171848327,0.6000000397409028
97,-1.1230181106073849e-05,-12.53114490747948,0.00022514175435696596,0.00015279819465982756,0.00022286507931035908,2.415530389043852e-07,-15.236176490783691,0.0006660070503130555,-7.314210414886475,0.00010299601126462221,0.00022096394968684763,0.0005972403450869024,8.685378998052329e-05,0.0022647998994216323,0.0,2.0,0.00012218936171848327,0.6000000397409028
98,-0.0005555502674517359,-5.760430958798459,-0.0015630523520355035,0.0031094713444463377,-0.0028284512931778896,4.011767032352509e-06,-12.426279067993164,0.0029922155663371086,-5.811741352081299,-0.0012710548471659422,-0.0015244684182107449,0.00037970810080878437,1.3676629350811709e-05,0.0025818999856710434,0.0,2.0,0.00012218936171848327,0.6000000397409028
99,-4.12689254363154e-05,-4.137437692984396,-0.00023778539923321296,1.6092085299263862e-05,-0.0002435084549190778,1.20519374036121e-07,-15.931455612182617,0.0005238049197942019,-7.554391384124756,-0.00010805561032611877,-0.0002326703688595444,0.0003286466235294938,3.75112758774776e-05,0.0024769000010564923,0.0,2.0,0.00012218936171848327,0.6000000397409028
100,-2.69973603343979e-05,-9.257919525085203,1.1794368390300388e-05,-1.6871606130237834e-05,-2.002732005844099e-06,1.2157239837051748e-07,-15.92275619506836,0.00027866606251336634,-8.18549633026123,1.338391257377225e-06,1.2071785022271797e-05,0.0004912297590635717,3.928204023395665e-05,0.0029285000637173653,0.0,2.0,0.00012218936171848327,0.6000000397409028
0,10.0,-10.0,0.0,10.0,0.0,2.8923974326744428e-08,-17.35859489440918,0.00017351825954392552,-8.65922737121582,-5.606640343103209e-07,-3.382152272024541e-06,0.00015706980775576085,0.0001820810721255839,0.0030640000477433205,0.0,3.0,0.00017351825954392552,0.6000000397409028
1,0.9387955619513624,-9.673334597513696,0.0007323105473370158,-0.2656738147816178,-0.0007085600572284179,7.024706292213523e-07,-14.168662071228027,0.0012652571313083172,-6.67248010635376,-0.00031681774999015033,0.000710085965692997,0.0004409927933011204,3.5713950637727976e-05,0.0027115000411868095,0.0,3.0,0.00017351825954392552,0.6000000397409028
2,-6.280208789643363e-05,3.088732862030239,5.007761221580908e-05,-0.00025944579606367745,-4.3611469369124554e-05,1.906527558048765e-08,-17.7753963470459,0.00019209846504963934,-8.557502746582031,-1.9083568986388855e-05,4.595715654431842e-05,0.0001059541100403294,0.00014816137263551354,0.001931200036779046,0.0,3.0,0.00017351825954392552,0.6000000397409028
3,6.220881239292584e-06,6.708304868768731,7.402409775718788e-05,2.097292848590516e-06,-2.024457093164237e-05,2.5798543745736424e-08,-17.47294807434082,0.00018259398348163813,-8.608245849609375,-9.047388630278874e-06,6.82570316712372e-05,5.43079067938379e-06,0.00020514833158813417,0.002892300020903349,0.0,3.0,0.00017351825954392552,0.6000000397409028
4,2.967348451798073e-06,8.001604774452298,0.0001927704351304558,-9.57810166668938e-07,-0.00014230985001043668,6.418481746095495e-08,-16.561498641967773,0.0003814016527030617,-7.871657371520996,-6.414581730496138e-05,0.00018365579308010638,4.1449606214882806e-05,0.00022575051116291434,0.0019926000386476517,0.0,3.0,0.00017351825954392552,0.6000000397409028
5,2.606862460957946e-06,5.809281422418925,2.7134487336123567e-06,-1.1309687263678479e-06,-0.00011018929326213086,2.0961964608545713e-08,-17.68055534362793,0.00015807892486918718,-8.752416610717773,-4.940435610478744e-05,-1.0088199360325234e-06,2.4429686163784936e-05,0.00019090181740466505,0.0037051000399515033,0.0,3.0,0.00015807892486918718,0.6000000397409028
6,-3.3052722846380484e-07,10.502614537328032,1.5225857042094744e-05,1.838980210977304e-05,-2.0167406982488185e-05,4.2139173928035234e-08,-16.982288360595703,0.00020968139870092273,-8.469921112060547,-9.505605703452602e-06,9.81048015091801e-06,0.000114776827103924,0.00026595380040816963,0.0025668999878689647,0.0,3.0,0.00015807892486918718,0.6000000397409028
7,3.908038267480552e-06,12.970021459322307,2.748619810792162e-05,2.2559812993624725e-07,-5.286657137955953e-05,6.525251450284486e-08,-16.545001983642578,0.0002917827805504203,-8.139500617980957,-2.4535838747397065e-05,2.1026313334004954e-05,0.00018635560991242528,0.00030608559609390795,0.0025415000272914767,0.0,3.0,0.00015807892486918718,0.6000000397409028
8,4.761651627398017e-06,5.585630112394382,5.386407000890796e-05,3.0309025964304377e-05,-5.143535870561118e-05,2.0954521673388626e-08,-17.680912017822266,0.00018105865456163883,-8.616689682006836,-2.2935613742447458e-05,4.89280755573418e-05,3.102220216533169e-05,0.00018736773927230388,0.002073099953122437,0.0,3.0,0.00015807892486918718,0.6000000397409028
9,2.763147596847218e-06,6.826756081369541,-0.0010637386613983454,-1.0353017115159602e-06,0.0010140385461618027,1.3136116194800707e-06,-13.542730331420898,0.001604907214641571,-6.434689521789551,0.00045636450522579253,-0.0010410962859168649,7.863171049393713e-06,0.00020702982146758586,0.0020472999894991517,0.0,3.0,0.00015807892486918718,0.6000000397409028
10,-2.2233057650417286e-05,8.234706998278238,0.002565201010239569,-0.00012056330292380025,-0.002562066830717379,7.590568657178665e-06,-11.788603782653809,0.0037886537611484528,-5.57574462890625,-0.0011530667543411255,0.0024966998025774956,4.829929821426049e-05,0.0002294748992426321,0.002667199936695397,0.0,3.0,0.00015807892486918718,0.6000000397409028
11,1.2206111046211634e-06,-5.9890688441738895,-0.0003846112271533217,-2.114942502264481e-06,-0.0005769161551302706,2.8226978088241594e-07,-15.080402374267578,0.000831895915325731,-7.091803073883057,-0.00025783199816942215,-0.000375314470147714,0.0003869784122798592,1.0520460818952415e-05,0.002008400042541325,0.0,3.0,0.00015807892486918718,0.6000000397409028
12,-2.277199298286143e-06,-3.029877087100625,4.8226599943966985e-05,-1.4409774584709287e-05,-4.218182209330068e-05,4.7100151334689144e-08,-16.870988845825195,0.00023757653252687305,-8.345020294189453,-1.761131534294691e-05,4.5883523853262886e-05,0.0002939994155894965,5.416396743385121e-05,0.0019784000469371676,0.0,3.0,0.00015807892486918718,0.6000000397409028
13,-6.294069633312668e-06,1.680066388325172,5.302874095207614e-05,-2.2843724931738236e-06,-3.7690000001605344e-05,2.1719658960250854e-08,-17.645048141479492,0.0002029656316153705,-8.502473831176758,-1.623025855224114e-05,4.923775850329548e-05,0.00014873519830871373,0.00012626004172489047,0.0021012999350205064,0.0,3.0,0.00015807892486918718,0.6000000397409028
14,1.1851227545693786e-06,-3.274199407055687,4.430247947141544e-05,-3.4296597989527855e-06,-3.93366990623195e-05,4.880324411260517e-08,-16.835468292236328,0.00023447483545169234,-8.358161926269531,-1.6297401089104824e-05,4.212557541904971e-05,0.00030162581242620945,5.047787999501452e-05,0.005332699976861477,0.0,3.0,0.00015807892486918718,0.6000000397409028
15,-9.735324579603213e-06,1.6535064149503196,-9.840818919091986e-05,-0.00020988772163306672,-0.00019610112801194196,3.644287005499791e-08,-17.127519607543945,0.00032361416378989816,-8.035958290100098,-8.751168206799775e-05,-9.840516577241942e-05,0.00014954824291635305,0.00012584640353452414,0.0026168000185862184,0.0,3.0,0.00015807892486918718,0.6000000397409028
16,6.044716691795508e-06,-6.073132813277736,1.0414981618246964e-05,6.845352924331672e-07,-7.590719632449478e-05,7.709822824608636e-08,-16.378185272216797,0.00024175025464501232,-8.327605247497559,-3.236627526348457e-05,9.859150850388687e-06,0.0003896387352142483,9.410915481566917e-06,0.0022089999401941895,0.0,3.0,0.00015807892486918718,0.6000000397409028
17,2.9195437547168997e-06,6.9276939338748775,4.2659501802135535e-05,-2.7300257745028324e-06,-3.667445325482464e-05,2.3504505008986598e-08,-17.56607437133789,0.00016361806774511933,-8.717975616455078,-1.6469588445033878e-05,3.76124371541664e-05,1.0438035133120138e-05,0.0002086340682581067,0.0026576999807730317,0.0,3.0,0.00015807892486918718,0.6000000397409028
18,0.00034682453928382476,-18.616427711417153,-0.005864844662494362,8.621007320864774e-05,0.0056870719849915425,3.956521686632186e-05,-10.13755989074707,0.008764033205807209,-4.7370991706848145,0.002562776440754533,-0.00571519136428833,0.0007986719720065594,0.00017345846572425216,0.0020408000564202666,0.0,3.0,0.00015807892486918718,0.6000000397409028
19,0.00036595315035492894,0.42862998199289776,-0.00047189876401020975,0.001107356029399614,-0.0006324732406155345,3.1734128924654215e-07,-14.963288307189941,0.0008928949246183038,-7.0210418701171875,-0.0002837141801137477,-0.0004622230480890721,0.00018696815823204815,0.00010694724187487736,0.002113300026394427,0.0,3.0,0.00015807892486918718,0.6000000397409028
20,2.5612575073629943e-05,-1.4050111241600025,4.883603174658915e-05,-1.8431789162745375e-06,-5.765551956856596e-05,3.548724691881944e-08,-17.15409278869629,0.00023198623966891319,-8.3688325881958,-2.4797012883936986e-05,4.602304397849366e-05,0.00024350507010240108,7.882730278652161e-05,0.0026479000225663185,0.0,3.0,0.00015807892486918718,0.6000000397409028
21,1.839424916027647e-06,-5.3956106201951775,1.3773337397174512e-05,-4.619033810947869e-06,-9.389731667401604e-06,6.814766351226353e-08,-16.501588821411133,0.0002090356865664944,-8.473005294799805,-2.5277736313000787e-06,1.294718913413817e-05,0.0003682257956825197,1.8895661924034357e-05,0.002608200069516897,0.0,3.0,0.00015807892486918718,0.6000000397409028
22,9.465565495370654e-07,-5.478622411078644,9.783035333860086e-06,-3.2878404009828946e-06,-5.38862140298986e-06,6.900270932419517e-08,-16.489120483398438,0.00020406462135724723,-8.497074127197266,-7.157294703574735e-07,9.079511983145494e-06,0.000370845606084913,1.769314258126542e-05,0.0019896000158041716,0.0,3.0,0.00015807892486918718,0.6000000397409028
23,4.2752013823469924e-06,-4.335158312186692,4.356033030426708e-06,-1.5801427608480312e-06,-5.535982831249125e-05,5.721673446146269e-08,-16.676420211791992,0.00021153701527509838,-8.46111011505127,-2.336140096304007e-05,3.4723852877505124e-06,0.0003348486206959933,3.4557819162728265e-05,0.005483799963258207,0.0,3.0,0.00015807892486918718,0.6000000397409028
24,0.00023542429267650535,-6.352456779032782,0.0003781348523611562,-1.0569983860198044e-05,-0.0003746472977163652,2.4298262246702507e-07,-15.230276107788086,0.0007375322165898979,-7.21220064163208,-0.00016676037921570241,0.00036846252623945475,0.00039847230073064566,6.146290161268553e-06,0.0026370000559836626,0.0,3.0,0.00015807892486918718,0.6000000397409028
25,0.000290560589710094,-12.675537241641564,-0.0001077947851456865,0.0011092677129376047,0.00011425370661857884,1.987627200605857e-07,-15.431154251098633,0.0005031721666455269,-7.594578266143799,5.4141422879183665e-05,-0.00010361437307437882,0.0006018983549438417,8.893445192370564e-05,0.0025513999862596393,0.0,3.0,0.00015807892486918718,0.6000000397409028
26,1.3963916877908098e-06,-1.1765408220089397,6.29348565714204e-05,-1.445666859315681e-06,-5.8893767290951547e-05,3.554842464836838e-08,-17.15237045288086,0.0002444663841743022,-8.31643295288086,-2.5385366825503297e-05,5.970518759568222e-05,0.00023643842723686248,8.231322863139212e-05,0.002480700029991567,0.0,3.0,0.00015807892486918718,0.6000000397409028
27,1.5990456101349289e-06,-5.574826866340782,-5.218660919626925e-05,-1.1213791067364523e-05,-0.0001531253689521822,7.717418526453912e-08,-16.377201080322266,0.00031359383137896657,-8.067412376403809,-6.718387157889083e-05,-5.131438956595957e-05,0.00037388334749266505,1.6307814803440124e-05,0.002157399896532297,0.0,3.0,0.00015807892486918718,0.6000000397409028
28,7.581701186603957e-06,-3.4305701867224516,0.00013676560531224906,2.069082289282969e-06,-0.00012269227484889309,6.853410638996138e-08,-16.495933532714844,0.0003634232562035322,-7.919942378997803,-5.3785879572387785e-05,0.00013232063793111593,0.0003065112105105072,4.812226688954979e-05,0.0020869000582024455,0.0,3.0,0.00015807892486918718,0.6000000397409028
29,1.872117844320192e-05,-2.980588511242999,4.238100975518618e-05,2.0897214054188132e-05,-3.817579505722277e-05,4.613772119910209e-08,-16.89163589477539,0.00022967027325648814,-8.378866195678711,-1.5815385268069804e-05,4.017035462311469e-05,0.0002924600266851485,5.490904732141644e-05,0.0020326999947428703,0.0,3.0,0.00015807892486918718,0.6000000397409028
30,2.1052527395710766e-06,-2.573338236168873,-2.3191023199477826e-05,1.6643531600252875e-05,2.7750498672440184e-05,4.1761122560046715e-08,-16.991300582885742,0.00020809176203329116,-8.477531433105469,1.3795526683679782e-05,-2.3876045815995894e-05,0.00027977145509794354,6.106891669332981e-05,0.002475899993441999,0.0,3.0,0.00015807892486918718,0.6000000397409028
31,1.3455374643983694e-05,-2.3601920693868195,-0.0001424565551727231,-7.01483563282177e-05,-0.00017787321570491644,6.523546147718662e-08,-16.545263290405273,0.00038770365063101053,-7.855269432067871,-7.876435847720131e-05,-0.00014021927199792117,0.00027314102044329047,6.429904897231609e-05,0.0020285999635234475,0.0,3.0,0.00015807892486918718,0.6000000397409028
32,-7.362631158732244e-06,-4.899436577178087,3.29320113155992e-05,-4.5229870117978e-06,-6.809170126167837e-05,6.433518962012386e-08,-16.559158325195312,0.0002498835092410445,-8.294515609741211,-2.9012569939368404e-05,3.149002441205084e-05,0.0003525884822010994,2.6173353035119362e-05,0.0025873000267893076,0.0,3.0,0.00015807892486918718,0.6000000397409028
33,1.5983555078014735e-06,-1.6845564472776353,0.0006220068987281924,-2.3400439137703413e-06,0.0004712948150870708,4.4601335957850097e-07,-14.622917175292969,0.0009815776720643044,-6.926349639892578,0.00021326880960259587,0.0006049430812709033,0.0002521648129913956,7.456686580553651e-05,0.002658099983818829,0.0,3.0,0.00015807892486918718,0.6000000397409028
34,8.283536731102347e-08,-2.728846453703684,3.454068494784841e-06,-2.8374097159510083e-06,6.007292611597675e-07,4.2233580188622e-08,-16.980051040649414,0.00017541034321766347,-8.648382186889648,1.5994743307601311e-06,2.146354290744057e-06,0.00028461453621275723,5.871451139682904e-05,0.0036046999739483,0.0,3.0,0.00015807892486918718,0.6000000397409028
35,-7.414084623294704e-06,-13.14177255608453,0.001044837185461768,-2.7928485103222167e-05,-6.130391288533957e-05,1.2367294175419374e-06,-13.60304069519043,0.0014015518827363849,-6.5701751708984375,-2.479206523275934e-05,0.0010203276760876179,0.0006172047578729689,9.565953951096162e-05,0.002561999950557947,0.0,3.0,0.00015807892486918718,0.6000000397409028
36,1.6056500314811753e-06,-3.976031521519133,-6.780389221144725e-05,-8.991806096643978e-06,9.209225059630536e-05,5.948126258203956e-08,-16.637603759765625,0.0002916817320510745,-8.139847755432129,4.294239261071198e-05,-6.698307697661221e-05,0.0003235841286368668,3.992839265265502e-05,0.0021362999686971307,0.0,3.0,0.00015807892486918718,0.6000000397409028
37,3.713611152251715e-06,-16.27285093639012,7.02330095559893e-05,0.00013043515057911966,-3.35425687686716e-05,2.7454348128230777e-07,-15.108156204223633,0.0005131832440383732,-7.574877738952637,-1.1844600521726534e-05,7.091318548191339e-05,0.0007204400026239455,0.000140410935273394,0.0026672999374568462,0.0,3.0,0.00015807892486918718,0.6000000397409028
38,1.0729633257932703e-06,-5.599158588363333,0.0001981857335749671,-3.8538609016734945e-06,1.6933195553088322e-05,1.075705000630478e-07,-16.045120239257812,0.00039745657704770565,-7.830424785614014,9.345860235043801e-06,0.00019280532433185726,0.0003746516304090619,1.59591236297274e-05,0.002023500041104853,0.0,3.0,0.00015807892486918718,0.6000000397409028
39,8.191147102109662e-07,1.7493190907929888,0.00016697435008367542,-1.4272140992453898e-06,-0.0001706019316866152,5.034072358967023e-08,-16.80445098876953,0.0003733437624759972,-7.893011093139648,-7.604993152199313e-05,0.00016031497216317803,0.00014662413741461933,0.00012733360927086323,0.005386900040321052,0.0,3.0,0.00015807892486918718,0.6000000397409028
40,1.7168100829588419e-06,-2.1808871092930247,3.4823513401520246e-05,-2.881679664637277e-06,-2.58562229260731e-05,3.921103086668154e-08,-17.05430793762207,0.00021025328896939754,-8.46719741821289,-1.038128357322421e-05,3.257840216974728e-05,0.0002675670257303864,6.702019163640216e-05,0.0020893000764772296,0.0,3.0,0.00015807892486918718,0.6000000397409028
41,-1.014578402879497e-05,-10.101309983269374,9.389387324148526e-05,8.877873349230601e-06,0.004934920983085462,5.086278633825714e-06,-12.188963890075684,0.002600407460704446,-5.952086925506592,0.002223073737695813,9.234632307197899e-05,0.0005183881730772555,5.158671774552204e-05,0.0026759000029414892,0.0,3.0,0.00015807892486918718,0.6000000397409028
42,5.843617522722236e-06,4.876817623433305,4.586986879338342e-05,-1.9647114100905824e-05,-0.0007184432358394813,1.2291519624341163e-07,-15.911770820617676,0.00047849357360973954,-7.644867897033691,-0.0003229955327697098,4.1339266317663714e-05,5.212714313529432e-05,0.00017619045684114099,0.0024042000295594335,0.0,3.0,0.00015807892486918718,0.6000000397409028
43,2.027488771367009e-06,-2.218550709555714,0.00010737193305129377,-2.810129649950016e-06,9.573689053818372e-05,5.0959442887688056e-08,-16.792236328125,0.00031525728991255164,-8.062121391296387,4.434077345649712e-05,0.00010332364763598889,0.00026873729075305164,6.644842505920678e-05,0.0025809999788179994,0.0,3.0,0.00015807892486918718,0.6000000397409028
44,1.6296705290646557e-06,-3.137303421743793,-7.181161392642053e-05,-2.6841169021463677e-06,-0.00017878443484297562,5.689955884236042e-08,-16.681978225708008,0.00032513844780623913,-8.031259536743164,-7.906771497800946e-05,-7.112378807505593e-05,0.0002973513037431985,5.254253846942447e-05,0.0026990000624209642,0.0,3.0,0.00015807892486918718,0.6000000397409028
45,-1.6565292728465418e-05,-2.046780534390713,-0.00010637914848246429,6.095617618741027e-05,0.00010917723562403415,5.0664002770872685e-08,-16.798049926757812,0.0003217266348656267,-8.041808128356934,5.036541188019328e-05,-0.0001051318904501386,0.000263401452684775,6.905721238581464e-05,0.005443300004117191,0.0,3.0,0.00015807892486918718,0.6000000397409028
46,2.5815440258288926e-06,-2.821889407289035,0.00011900449222458035,-3.7691713729007613e-07,-0.00011607672834411324,5.8750956100084295e-08,-16.64995765686035,0.00033813691698014736,-7.992059707641602,-5.089260230306536e-05,0.00011483397975098342,0.0002875134814530611,5.7307152019347996e-05,0.0026499999221414328,0.0,3.0,0.00015807892486918718,0.6000000397409028
47,3.4320020054296785e-06,-3.176729398439547,8.615163315415033e-05,-2.6153406117983356e-06,-8.324659806524691e-05,5.409858516713939e-08,-16.732458114624023,0.00029423649539239705,-8.131126403808594,-3.607026519603096e-05,8.29013588372618e-05,0.00029858198831789196,5.1947743486380205e-05,0.005420900066383183,0.0,3.0,0.00015807892486918718,0.6000000397409028
48,1.916377879294428e-06,-1.0051609440965772,0.00011776019409556561,-2.308543330434965e-06,-0.00011475719348456906,4.566921774085131e-08,-16.90184211730957,0.00032169552287086844,-8.041905403137207,-5.054725625086576e-05,0.00011311166599625722,0.00023114183568395674,8.493135828757659e-05,0.002103499951772392,0.0,3.0,0.00015807892486918718,0.6000000397409028
49,0.00013494363535122654,-12.654355146069143,2.023723576277691e-05,-0.00011870632390554245,-1.526678836167771e-05,1.8515146393838222e-07,-15.502091407775879,0.00037030517705716193,-7.901183128356934,-4.145613274886273e-06,2.1213940271991305e-05,0.0006012594094499946,8.863180846674368e-05,0.00197350000962615,0.0,3.0,0.00015807892486918718,0.6000000397409028
50,1.2240546814716164e-06,9.489215110542286,-0.0007697884936942501,3.5341933336617244e-06,0.00030389184590687784,6.23839753188804e-07,-14.287372589111328,0.0010591025929898024,-6.850333213806152,0.00013645179569721222,-0.0007552778697572649,8.514000364812091e-05,0.0002496059169061482,0.002659799996763468,0.0,3.0,0.00015807892486918718,0.6000000397409028
51,6.433515751499847e-06,5.595894483240083,6.029642441456053e-05,-5.482376852036328e-05,-4.589612658078734e-05,2.152001421507066e-08,-17.654281616210938,0.00018476501281838864,-8.596426010131836,-2.0444307665457018e-05,5.5196545872604474e-05,3.071942046517506e-05,0.00018752890173345804,0.0021112998947501183,0.0,3.0,0.00015807892486918718,0.6000000397409028
52,1.9085874526874312e-06,-0.8907552174532644,-0.0005304223792726914,-2.3694851251753867e-06,-0.0006842442279560836,3.9306112853410013e-07,-14.749300956726074,0.0009828750044107437,-6.9250288009643555,-0.0003068319638259709,-0.0005188985378481448,0.00022760863066650927,8.66804548422806e-05,0.0025755000533536077,0.0,3.0,0.00015807892486918718,0.6000000397409028
53,3.04528133460472e-07,-3.0301053094970256,0.00013859033618487894,-4.3305516158597825e-06,-0.00013694564588167675,6.62700330167354e-08,-16.52952766418457,0.0003683266695588827,-7.906540393829346,-6.0254998970776796e-05,0.0001339882001047954,0.0002940062549896538,5.416065323515795e-05,0.0057839000364765525,0.0,3.0,0.00015807892486918718,0.6000000397409028
54,6.497864222871976e-05,3.5611035219214804,0.00036268564734507735,-3.1779702074259896e-05,-0.00036234527042694985,1.656606372080205e-07,-15.613324165344238,0.0006367994355969131,-7.359055995941162,-0.00016257680545095354,0.0003506141365505755,9.166987729258835e-05,0.00015554715355392545,0.002436300041154027,0.0,3.0,0.00015807892486918718,0.6000000397409028
55,-9.781486946365187e-05,-16.275301909043765,5.316536525073099e-05,0.00043081936472825897,-4.7761543706794e-05,2.727153969317442e-07,-15.114836692810059,0.0005029989988543093,-7.5949225425720215,-1.8242790247313678e-05,5.427319774753414e-05,0.0007205198635347188,0.0001404461363563314,0.001983200083486736,0.0,3.0,0.00015807892486918718,0.6000000397409028
56,4.2428011435036377e-07,-3.2090486774480773,5.6238150358180624e-05,-2.6950943694929842e-06,-4.005857610384115e-05,4.936659081522521e-08,-16.823991775512695,0.00024590158136561513,-8.310579299926758,-1.663121292949654e-05,5.3744712204206735e-05,0.00029959113453514874,5.1460203394526616e-05,0.002761300071142614,0.0,3.0,0.00015807892486918718,0.6000000397409028
57,-8.515388460927432e-06,-1.3767135845073801,9.230410676672188e-05,-4.7887104031571815e-06,-5.748879420743689e-05,4.1001115391736676e-08,-17.009666442871094,0.00027406681329011917,-8.202138900756836,-2.472583764756564e-05,8.839646761771291e-05,0.0002426309511065483,7.925809040898457e-05,0.0024871000787243247,0.0,3.0,0.00015807892486918718,0.6000000397409028
58,2.460971757137524e-06,1.1895538160404724,5.171657073277004e-05,-1.5091734589682702e-06,-4.660738877610422e-05,2.3161501161439446e-08,-17.580774307250977,0.0002094624942401424,-8.470965385437012,-2.0177083570160903e-05,4.809808888239786e-05,0.00016370622324757278,0.00011866843124153093,0.0020803000079467893,0.0,3.0,0.00015807892486918718,0.6000000397409028
59,8.347737515934205e-08,-1.9174692254506907,6.266467363723536e-05,-8.141312331829857e-06,-5.222606865489274e-05,4.021787702868096e-08,-17.028953552246094,0.0002471389016136527,-8.305560111999512,-2.2283757061813958e-05,5.964975571259856e-05,0.00025938815088011324,7.102265954017639e-05,0.0028821000596508384,0.0,3.0,0.00015807892486918718,0.6000000397409028
60,1.5220552843843321e-05,-5.9481089336274735,5.60265635097911e-05,-7.859156838519298e-06,-4.861333932827238e-05,7.778859867357824e-08,-16.36927032470703,0.00027277477784082294,-8.206864356994629,-2.0101473637623712e-05,5.429608791018836e-05,0.0003856816329061985,1.1072786946897395e-05,0.002127000014297664,0.0,3.0,0.00015807892486918718,0.6000000397409028
61,-0.0008343246489914426,0.5838881349657102,-0.0010048393340988647,0.0021272494413553883,0.0010629254060446967,1.2163776546003646e-06,-13.619633674621582,0.0016068975673988461,-6.433449745178223,0.0004791943938471377,-0.0009819206316024065,0.00018224678933620453,0.0001093184546334669,0.002697999938391149,0.0,3.0,0.00015807892486918718,0.6000000397409028
62,7.646597892814255e-05,-5.637521828666407,0.00026771067464365675,0.0004068960288718543,6.635358078467642e-05,1.396629869532262e-07,-15.78403377532959,0.0004878269974142313,-7.625549793243408,3.1590308935847133e-05,0.0002606051857583225,0.0003758488455787301,1.541417805128731e-05,0.0019861001055687666,0.0,3.0,0.00015807892486918718,0.6000000397409028
63,2.4736269864394565e-06,2.8112058355723275,6.031183854956867e-05,-1.669649792944405e-06,-5.846409677559136e-05,2.068272841881935e-08,-17.693965911865234,0.00021084092441014946,-8.464406967163086,-2.573021083662752e-05,5.601535667665303e-05,0.00011435258784331381,0.00014383815869223326,0.002051300019957125,0.0,3.0,0.00015807892486918718,0.6000000397409028
64,1.2160473252184446e-06,-5.9426610812779765,0.0001763271170528942,-3.1895463041602052e-06,-0.00016654764241935577,1.0916772907876293e-07,-16.030380249023438,0.00044308864744380116,-7.72174072265625,-7.317266863537952e-05,0.00017158762784674764,0.0003855101822409779,1.1146504220960196e-05,0.005457799998112023,0.0,3.0,0.00015807892486918718,0.6000000397409028
65,2.1349957051419092e-06,1.5219166104492534,6.191420249590653e-05,-2.7710320132139387e-06,-4.3856310420668704e-05,2.3172667340531916e-08,-17.580291748046875,0.0002156141708837822,-8.442020416259766,-1.8983839254360646e-05,5.794615572085604e-05,0.00015355783398263156,0.00012381050328258425,0.003689100034534931,0.0,3.0,0.00015807892486918718,0.6000000397409028
66,0.00021038285752875675,18.48575749640329,0.000285485608462859,-0.000262247577949639,0.00022220782347334738,2.2100675778347068e-07,-15.325072288513184,0.0007398199522867799,-7.209103584289551,9.855606913333759e-05,0.00027089318609796464,0.0003432437661103904,0.0003974976425524801,0.002759800059720874,0.0,3.0,0.00015807892486918718,0.6000000397409028
67,1.46212111255803e-06,-3.3063493960620165,5.072350198794215e-05,-3.2763135422946197e-06,-5.5301873741810326e-05,4.993539803876956e-08,-16.812536239624023,0.00024818399106152356,-8.301340103149414,-2.34773015108658e-05,4.8395020712632686e-05,0.00030263004009611905,4.9993297579931095e-05,0.002113000024110079,0.0,3.0,0.00015807892486918718,0.6000000397409028
68,-5.452399088097194e-05,6.129007823688945,-0.0006306036226839999,5.278238638350152e-05,8.745611141441701e-05,4.035244955957751e-07,-14.723028182983398,0.0007636429509148002,-7.177410125732422,3.949399615521543e-05,-0.0006185867241583765,1.51642962009646e-05,0.00019596009224187583,0.005543799954466522,0.0,3.0,0.00015807892486918718,0.6000000397409028
69,5.0113602953036335e-05,3.6728767805107636,-0.0012037565069254281,-2.4329598456902812e-05,0.0011925105932807099,1.6893573047127575e-06,-13.291162490844727,0.0018365883734077215,-6.2998456954956055,0.0005370934377424419,-0.0011766982497647405,8.829789294395596e-05,0.0001572954934090376,0.0020766000961884856,0.0,3.0,0.00015807892486918718,0.6000000397409028
70,4.69552594679707e-07,-4.568079174958367,2.9997188122957222e-05,-7.523157689221346e-06,-5.8517321607035e-05,6.044871980748212e-08,-16.621469497680664,0.00023991341004148126,-8.335232734680176,-2.47500302066328e-05,2.8536980607896112e-05,0.00034216541098430753,3.1087358365766704e-05,0.005439199972897768,0.0,3.0,0.00015807892486918718,0.6000000397409028
71,0.0004979510037059119,5.059123710761493,0.0003040249711521463,3.976175294889863e-05,0.00019658576058478316,1.1084017614848563e-07,-16.01517677307129,0.0004946007393300533,-7.611759662628174,8.874333434505388e-05,0.0002929876500274986,4.666206586989574e-05,0.00017907742585521191,0.0026276999851688743,0.0,3.0,0.00015807892486918718,0.6000000397409028
72,-6.729092245406779e-05,3.946774351781756,-0.00012455839552099907,2.8724559171947208e-05,0.00012810839954084565,3.514603008625272e-08,-17.163753509521484,0.000303450069623068,-8.100293159484863,5.8076057030120865e-05,-0.00012455963587854058,8.004692062968388e-05,0.0001615818327991292,0.0021649999544024467,0.0,3.0,0.00015807892486918718,0.6000000397409028
73,3.0233931518895606e-05,-0.8235577773098808,-8.073255666766112e-05,1.6046635493641507e-05,-0.0001834840068550682,4.239639395109407e-08,-16.9762020111084,0.00031858973670750856,-8.051606178283691,-8.149904169840738e-05,-8.046993025345728e-05,0.00022553245071321726,8.770912245381624e-05,0.0021455000387504697,0.0,3.0,0.00015807892486918718,0.6000000397409028
74,-5.57429697969028e-06,2.2793945624947383,5.705691430282275e-05,-1.749709589525038e-06,-4.9965228163160965e-05,2.0987751980783287e-08,-17.6793270111084,0.00020785572996828705,-8.478666305541992,-2.183454307669308e-05,5.2994084398960695e-05,0.00013049287372268736,0.000135561334900558,0.005362399970181286,0.0,3.0,0.00015807892486918718,0.6000000397409028
75,-1.7857871497176611e-06,5.224965722011959,-0.0007539865317959446,3.566565619524344e-05,-0.00082046195472706,6.990606493673113e-07,-14.173528671264648,0.0012192768044769764,-6.709497451782227,-0.0003689499862957746,-0.0007386221550405025,4.173372144578025e-05,0.00018167575763072819,0.002626399975270033,0.0,3.0,0.00015807892486918718,0.6000000397409028
76,-0.0007815379253054993,-11.315174415301609,-0.0010603707532989457,-0.001663293858257305,-0.0020390797122957524,2.0617410427803406e-06,-13.091959953308105,0.002261269139125943,-6.091829299926758,-0.0009150530095212162,-0.0010326955234631896,0.000557782594114542,6.925853813299909e-05,0.005396599997766316,0.0,3.0,0.00015807892486918718,0.6000000397409028
77,1.9790085846320253e-06,-0.23767294655230617,1.844792075336027e-05,2.8689659077548034e-07,-8.788563349779348e-05,2.794229558844563e-08,-17.393123626708984,0.00020670631784014404,-8.484211921691895,-3.8559352105949074e-05,1.606577825441491e-05,0.0002074768126476556,9.668555139796808e-05,0.002496300032362342,0.0,3.0,0.00015807892486918718,0.6000000397409028
78,1.9256885252869327e-06,0.6124804066848866,-0.00014412807860971256,4.758795464845646e-06,0.00014636625476954207,4.728418190325101e-08,-16.867090225219727,0.000354989169863984,-7.943423271179199,6.673890311503783e-05,-0.00014268650556914508,0.0001813667331589386,0.0001097608037525788,0.0053718999261036515,0.0,3.0,0.00015807892486918718,0.6000000397409028
79,0.00010184206069809262,-13.835359861811831,-0.0002645488343534423,0.0033720051930116682,0.00025740890340180376,2.899776347931038e-07,-15.053462028503418,0.0007476118043996394,-7.198626518249512,0.00011872834147652611,-0.00025615986669436097,0.0006398199475370347,0.00010562725219642743,0.002479800023138523,0.0,3.0,0.00015807892486918718,0.6000000397409028
80,2.3432079971666864e-05,10.253223568128721,0.004219631813851905,1.666312048890718e-05,8.408040327432403e-05,1.692685873422306e-05,-10.986608505249023,0.004331330303102732,-5.441880702972412,3.7438021536218e-05,0.004109181929379702,0.00010749606735771522,0.00026192437508143485,0.002122500096447766,0.0,3.0,0.00015807892486918718,0.6000000397409028
81,4.5496611717912747e-05,13.183794473724678,0.00011949910724139403,0.00010033361863436263,-0.00012511654575864703,8.196040823804651e-08,-16.31702995300293,0.000418803101638332,-7.778109550476074,-5.7075496442848817e-05,0.00011067475861636922,0.0001925176620716229,0.0003095880092587322,0.002154099987819791,0.0,3.0,0.00015807892486918718,0.6000000397409028
82,2.074965002665317e-05,11.306813649430328,3.654569982111149e-05,-7.015390432107345e-06,-0.005690001218633672,6.608283001696691e-06,-11.927186965942383,0.002799983136355877,-5.8781418800354,-0.002561034169048071,3.0357707146322355e-05,0.00013819950981996953,0.00027898320695385337,0.005407300079241395,0.0,3.0,0.00015807892486918718,0.6000000397409028
83,1.0922585851144084e-06,-1.5567834539000793,-0.00024040384440417243,-2.187051767881077e-06,-0.0003888027383828095,1.1960322865434136e-07,-15.939085960388184,0.0005720951594412327,-7.46620512008667,-0.00017379253404214978,-0.0002359431964578107,0.00024820578983053565,7.651311898371205e-05,0.005388199933804572,0.0,3.0,0.00015807892486918718,0.6000000397409028
84,-3.253094895785991e-07,1.8764224132361726,6.603507127198973e-05,2.4840727450334317e-06,-0.00011038541691137339,2.4773950002554557e-08,-17.513473510742188,0.00024686078540980816,-8.306686401367188,-4.8969573981594294e-05,6.18629201198928e-05,0.00014275206194724888,0.0001293045497732237,0.0027974999975413084,0.0,3.0,0.00015807892486918718,0.6000000397409028
85,-1.0962796243436254e-05,-7.7839245943339055,-0.0004127113277697687,4.468630708290274e-06,-0.00037782832039897274,2.8873927249151166e-07,-15.05774211883545,0.000801159767434001,-7.12945032119751,-0.000167991136549972,-0.00040222122333943844,0.00044401930063031614,1.7875558114610612e-05,0.002591600059531629,0.0,3.0,0.00015807892486918718,0.6000000397409028
86,-7.050958143256286e-06,1.3209342847287906,5.9761996278790165e-05,-6.610350104781669e-07,-4.517516696564859e-05,2.3542730431813652e-08,-17.564449310302734,0.00021565168572124094,-8.441845893859863,-1.955027437361423e-05,5.59049985895399e-05,0.0001596930087544024,0.00012069979857187718,0.0026282999897375703,0.0,3.0,0.00015807892486918718,0.6000000397409028
87,-5.628445223355549e-07,-6.06607354976274,1.0828402902859486e-05,7.5696643235234824e-06,-6.303964788311522e-06,7.597371620704507e-08,-16.39287757873535,0.00021076513803564012,-8.464766502380371,-1.0458037422722555e-06,1.0260299859510269e-05,0.00038941545062698424,9.502638931735419e-06,0.002654199954122305,0.0,3.0,0.00015807892486918718,0.6000000397409028
88,-3.5611348046213096e-07,-0.8093770680163354,0.00041167556068319916,-6.70916358276968e-06,-0.0004982517186660818,2.386933317666262e-07,-15.248085975646973,0.0007792813703417778,-7.157138347625732,-0.00022314641682896763,0.00039962396840564907,0.00022509672271553427,8.792516746325418e-05,0.0020719000604003668,0.0,3.0,0.00015807892486918718,0.6000000397409028
89,7.948267051695226e-07,0.4264198552818989,5.607731828060856e-05,-6.813087460083453e-07,-3.4651739147302484e-05,2.6190278390458843e-08,-17.45787811279297,0.00021424359874799848,-8.448396682739258,-1.4694044693897013e-05,5.256652002572082e-05,0.0001870718115242198,0.00010689425835153088,0.002596299978904426,0.0,3.0,0.00015807892486918718,0.6000000397409028
90,-4.658514961551132e-07,-0.8618154564700657,3.6304969970822185e-05,5.211001239972817e-06,-7.963742188469716e-06,3.0633874104069037e-08,-17.301158905029297,0.00019308127230033278,-8.552399635314941,-2.5097115212702192e-06,3.3652468118816614e-05,0.0002267151139676571,8.712307317182422e-05,0.002167099970392883,0.0,3.0,0.00015807892486918718,0.6000000397409028
91,1.6123302201887864e-06,-1.0298864877051728,6.132229817175998e-05,7.859000572921631e-07,-4.264661515347785e-05,3.416682403667437e-08,-17.1920108795166,0.00023441543453373015,-8.358415603637695,-1.8094127881340683e-05,5.8091682149097323e-05,0.00023190573847386986,8.455350325675681e-05,0.002552499994635582,0.0,3.0,0.00015807892486918718,0.6000000397409028
92,-1.146561854630841e-06,0.0504009379652097,8.27735693465713e-05,-1.208708465874648e-06,-7.931503690936999e-05,3.223696154464051e-08,-17.250152587890625,0.000263306952547282,-8.24219036102295,-3.474163531791419e-05,7.870183617342263e-05,0.00019861734472215176,0.00010110961011378095,0.002776400069706142,0.0,3.0,0.00015807892486918718,0.6000000397409028
93,0.0009161384872951812,-28.588901503971194,0.006,3.498217812477906e-05,-0.006,4.224916119710542e-05,-10.07192611694336,0.009275938384234905,-4.680331707000732,-0.002694896422326565,0.0058555565774440765,0.0011412040330469608,0.00030976711423136294,0.0024742999812588096,0.0,3.0,0.00015807892486918718,0.6000000397409028
94,1.654794276823881e-06,-2.9366376858799716,-6.641771076234027e-05,-3.4104826335184013e-06,7.53659057698295e-05,4.9500769705446146e-08,-16.821277618408203,0.0002745247329585254,-8.200469017028809,3.527234366629273e-05,-6.592065619770437e-05,0.0002910908660851419,5.557257100008428e-05,0.002629700000397861,0.0,3.0,0.00015807892486918718,0.6000000397409028
95,3.320071796485955e-06,2.408387455967269,1.1909123892397006e-06,-2.050184295440068e-06,2.585397818496664e-06,1.747830147280638e-08,-17.8623046875,0.00013537847553379834,-8.90743637084961,1.7959555407287553e-06,-1.5121688647923293e-06,0.00012657360639423132,0.0001375670835841447,0.0026093999622389674,0.0,3.0,0.00013537847553379834,0.6000000397409028
96,3.4063383752467554e-06,-4.981353469258249,4.273230574881597e-05,2.4264855557484796e-06,-5.8758016266114895e-05,6.56850431823841e-08,-16.538394927978516,0.0002559345157351345,-8.270588874816895,-2.4801049221423455e-05,4.10679385822732e-05,0.0003551669360604137,2.4964108888525516e-05,0.0025987999979406595,0.0,3.0,0.00013537847553379834,0.6000000397409028
97,-3.576946999314113e-06,5.5930957555575205,0.00012257354414853508,3.9252079362954545e-06,2.1412038928645624e-05,3.158352157583977e-08,-17.2706298828125,0.00023490586318075657,-8.35632610321045,9.844732630881481e-06,0.00011591763177420944,3.0801889806753024e-05,0.00018748508591670543,0.0026820000493898988,0.0,3.0,0.00013537847553379834,0.6000000397409028
98,-6.04702751382395e-05,-23.580562272427457,-0.00010858102915748309,9.077513460044308e-05,0.00011557413992482965,5.106610387883848e-07,-14.487560272216797,0.0007626499864272773,-7.178711414337158,5.6345586926909164e-05,-0.00010155858763027936,0.0009673124877735972,0.0002421791577944532,0.002638600068166852,0.0,3.0,0.00013537847553379834,0.6000000397409028
99,7.134081191093106e-06,2.475275714266692,2.686578038445215e-07,-7.678389754381497e-05,3.261694565519193e-05,1.7601502477759823e-08,-17.855281829833984,0.0001493068557465449,-8.809507369995117,1.5301200619433075e-05,-2.4304977159772534e-06,0.00012454345414880663,0.00013860687613487244,0.0021288000280037522,0.0,3.0,0.00013537847553379834,0.6000000397409028
100,-0.00021701451091866094,-22.126072394150523,-0.00046321528731362716,0.0003817861163265205,0.0004826160453697241,6.950173201403231e-07,-14.179328918457031,0.0012388646136969328,-6.6935601234436035,0.0002212950639659539,-0.00044769790838472545,0.0009175189770758152,0.00022222429106477648,0.002673799986951053,0.0,3.0,0.00013537847553379834,0.6000000397409028
0,10.0,-10.0,0.0,10.0,0.0,2.8923974326744428e-08,-17.35859489440918,0.00017351825954392552,-8.65922737121582,-5.606640343103209e-07,-3.382152272024541e-06,0.00015706980775576085,0.0001820810721255839,0.0020721000619232655,0.0,4.0,0.00017351825954392552,0.6000000397409028
1,0.15229103482568368,-6.448985152976668,0.00031102356355711477,-0.04605791782983402,0.00025052163786251413,1.8183843053520832e-07,-15.520147323608398,0.0006168287945911288,-7.390919208526611,0.00011454211926320568,0.00030269191483967006,0.0003926182398572564,6.571252015419304e-06,0.001909299986436963,0.0,4.0,0.00017351825954392552,0.6000000397409028
2,-2.2316700043108634e-06,5.2762169793565254,0.00019534497751502608,7.962370369055055e-05,0.00030233179766672627,7.099123422449338e-08,-16.460708618164062,0.00043460828601382673,-7.741065502166748,0.00013630042667500675,0.00018696211918722838,4.020704727736302e-05,0.00018248448031954467,0.0020126999588683248,0.0,4.0,0.00017351825954392552,0.6000000397409028
3,2.566521885001244e-06,7.8830270333736685,5.437826981689477e-06,1.4226123657674875e-07,-1.4519243559718114e-05,2.582150848695619e-08,-17.472057342529297,0.0001385773066431284,-8.884081840515137,-6.6245943344256375e-06,1.0413432391942479e-06,3.7966499803587794e-05,0.00022385624470189214,0.002486600074917078,0.0,4.0,0.0001385773066431284,0.6000000397409028
4,-4.450072835653795e-05,-27.15946282025117,1.5823174253039655e-05,-0.0005704078220150678,9.449095164133824e-05,6.403670340660028e-07,-14.261224746704102,0.0007589985616505146,-7.183510780334473,4.740435178973712e-05,2.062709245365113e-05,0.0010912904981523752,0.00029064377304166555,0.002211200073361397,0.0,4.0,0.0001385773066431284,0.6000000397409028
5,3.2891951182596906e-06,-4.298814706763894,0.000811164884680425,-1.8894988577933302e-05,-0.00047607522563325813,7.257918923642137e-07,-14.136002540588379,0.0011871932074427605,-6.73616361618042,-0.00021268834825605154,0.0007901006028987467,0.0003337081870995462,3.510019450914115e-05,0.0024571000831201673,0.0,4.0,0.0001385773066431284,0.6000000397409028
6,9.238330026090463e-06,14.023019679597258,0.0018896889553061441,7.584182299799459e-05,0.002434557034672576,4.646268735086778e-06,-12.27944564819336,0.0032010299619287252,-5.7442827224731445,0.0010946711990982294,0.0018363598501309752,0.000216641987208277,0.0003233562456443906,0.002463200013153255,0.0,4.0,0.0001385773066431284,0.6000000397409028
7,-9.04824215341859e-06,2.8275165502670068,7.106652327796677e-05,-1.5161287573412038e-05,-6.282364064182593e-05,2.2051919401633313e-08,-17.629865646362305,0.00022316607646644115,-8.407594680786133,-2.7694180971593596e-05,6.649647548329085e-05,0.00011385896505089477,0.0001440919004380703,0.005381599999964237,0.0,4.0,0.0001385773066431284,0.6000000397409028
8,0.00034251488812600523,-16.915545356091215,0.0002890464460536107,-5.224301844957251e-06,8.403908180433574e-05,3.6889474586132565e-07,-14.81275463104248,0.0007712359656579792,-7.167516231536865,4.116121635888703e-05,0.00028442349866963923,0.0007417909801006317,0.00014951147022657096,0.002477700007148087,0.0,4.0,0.0001385773066431284,0.6000000397409028
9,-5.004248907223012e-05,-12.989068607049196,-4.460902173459881e-05,-0.0004979413620763531,-4.541192060383853e-05,1.9384783911391423e-07,-15.456192016601562,0.0004124281695112586,-7.793448448181152,-1.766259993019048e-05,-4.1921673982869834e-05,0.0006122270715422928,9.346074511995539e-05,0.001958400011062622,0.0,4.0,0.0001385773066431284,0.6000000397409028
10,2.1414538010098232e-06,9.941165268862235,-1.778305981298339e-05,-2.84500414994925e-05,-2.0138313072779807e-05,3.8415826963955624e-08,-17.074796676635742,0.0002092563663609326,-8.47195053100586,-9.420153219252825e-06,-2.2206459107110277e-05,9.837304969551042e-05,0.0002568864729255438,0.0022692999336868525,0.0,4.0,0.0001385773066431284,0.6000000397409028
11,7.704267527188863e-06,6.091391921848199,-0.0002251837195223352,6.857077564947113e-05,0.004425072129822738,4.034852736367611e-06,-12.420540809631348,0.002320517785847187,-6.065964698791504,0.001991426106542349,-0.0002232910192105919,1.6234713257290423e-05,0.00019536666513886303,0.002565499977208674,0.0,4.0,0.0001385773066431284,0.6000000397409028
12,2.0419040525488826e-06,3.0383534447672558,-8.36008917712627e-06,9.184662208809986e-07,1.2901116952112199e-05,1.679708105939426e-08,-17.902061462402344,0.00014478499360848218,-8.84026050567627,6.353791377478046e-06,-1.100493136618752e-05,0.000107472667878028,0.00014737987658008933,0.002629700000397861,0.0,4.0,0.0001385773066431284,0.6000000397409028
13,-5.457224902625072e-05,-9.084746646977727,1.171865186246615e-05,1.958791363513332e-05,8.827421359642646e-06,1.187929328239079e-07,-15.945883750915527,0.00027934962417930365,-8.183046340942383,6.1874497987446375e-06,1.1951140550081618e-05,0.00048566728946752846,3.675479820230976e-05,0.0021801000693812966,0.0,4.0,0.0001385773066431284,0.6000000397409028
14,2.451713015723735e-06,3.9745201315101077,-4.880761965296653e-05,-1.6163325651844865e-06,-5.090496846165501e-05,1.933910276363804e-08,-17.761137008666992,0.00019380802405066788,-8.5486421585083,-2.2483653083327226e-05,-5.0710565119516104e-05,7.920926145743579e-05,0.0001620183466002345,0.0025444000493735075,0.0,4.0,0.0001385773066431284,0.6000000397409028
15,-1.7038122148584841e-06,1.741382251452084,-2.672475842659818e-05,1.189599140044338e-06,3.88300600099048e-05,2.002165189196603e-08,-17.726451873779297,0.00018377321248408407,-8.601808547973633,1.8195525626651943e-05,-2.8539388949866407e-05,0.00014686606300529093,0.00012721051461994648,0.00245370005723089,0.0,4.0,0.0001385773066431284,0.6000000397409028
16,9.790662176694726e-06,8.59171976746416,-2.885265625239023e-05,5.7266395388898275e-05,-3.2198199794499845e-05,3.066477560764724e-08,-17.300151824951172,0.00019426812650635839,-8.546271324157715,-1.4672365068690851e-05,-3.260044104536064e-05,5.879622767679393e-05,0.00023519442765973508,0.001968800090253353,0.0,4.0,0.0001385773066431284,0.6000000397409028
17,2.627350002239617e-06,6.258704583567208,-2.6490388307556257e-05,5.385062571508101e-07,4.962845422052882e-05,2.105289809151145e-08,-17.676227569580078,0.0001568458683323115,-8.760247230529785,2.2454498321167193e-05,-2.9613411243190058e-05,1.1540002560650464e-05,0.00019801592861767858,0.0025473999558016658,0.0,4.0,0.0001385773066431284,0.6000000397409028
18,2.7678402482951076e-05,-1.246170240762818,0.002855524009812038,-0.0005171479463115545,-0.003321871044689888,1.0005065632867627e-05,-11.512418746948242,0.00443610455840826,-5.417978763580322,-0.0014937155647203326,0.002782465424388647,0.00023859993962105364,8.124670421238989e-05,0.0020301000913605094,0.0,4.0,0.0001385773066431284,0.6000000397409028
19,5.631784641740964e-06,-7.791290485493408,0.00022880632015147225,-2.6175044206314375e-06,-0.0006055140324094476,2.218299641754129e-07,-15.321354866027832,0.0007248262409120798,-7.229578495025635,-0.0002704487123992294,0.00022326051839627326,0.00044425338273867965,1.7980702978093177e-05,0.002116299932822585,0.0,4.0,0.0001385773066431284,0.6000000397409028
20,-1.3428278079399033e-05,-3.2964391521909557,2.3286804079704953e-05,-6.425037716288016e-06,2.1636534562355665e-05,4.7548766701766e-08,-16.861509323120117,0.0002090169582515955,-8.473094940185547,1.1143620213260874e-05,2.164148463634774e-05,0.00030232136487029493,5.014234920963645e-05,0.0020963000133633614,0.0,4.0,0.0001385773066431284,0.6000000397409028
21,2.286841887809881e-06,12.468399688783697,-7.1707824586446595e-06,-2.5269293089015837e-07,1.0669768554223263e-05,5.931508795242735e-08,-16.64040184020996,0.0002516136737540364,-8.287615776062012,4.119361165066948e-06,-1.2613516446435824e-05,0.00017187268531415612,0.00029788893880322576,0.0024762999964877963,0.0,4.0,0.0001385773066431284,0.6000000397409028
22,1.4853113410486101e-06,-4.110399724018485,-1.0621558226769028e-05,-1.4866783970079091e-06,1.8672611889768265e-05,5.4667832927179916e-08,-16.72199058532715,0.0002039716491708532,-8.497529983520508,9.922119716065936e-06,-1.1193046702828724e-05,0.0003277965006418526,3.791645576711744e-05,0.0020872000604867935,0.0,4.0,0.0001385773066431284,0.6000000397409028
23,8.35953166339048e-05,-15.553388964298225,-1.8710357605907026e-05,0.00018349904577553302,-1.349025547308327e-05,2.513466768050421e-07,-15.196433067321777,0.00043230224400758743,-7.74638557434082,-2.926210754594649e-06,-1.5995008652680553e-05,0.0006965742795728147,0.00013018777826800942,0.00204180006403476,0.0,4.0,0.0001385773066431284,0.6000000397409028
24,4.854082013484692e-06,3.766368649897217,-3.533734137112054e-05,2.626766598470183e-07,-3.4882346269871916e-05,1.7895420256763828e-08,-17.838720321655273,0.00017488186131231487,-8.651399612426758,-1.5245793292706367e-05,-3.751706753973849e-05,8.548014739062637e-05,0.00015875785902608186,0.005296699935570359,0.0,4.0,0.0001385773066431284,0.6000000397409028
25,1.6700652882269218e-06,-2.8250424374742957,0.00027979266237799545,-2.6304461019280196e-06,0.00045533083397314563,1.593034255620296e-07,-15.65245532989502,0.0006502802134491503,-7.338107109069824,0.0002062412240775302,0.00027160331956110895,0.0002876118815038353,5.725946175516583e-05,0.00257210002746433,0.0,4.0,0.0001385773066431284,0.6000000397409028
26,1.154110415083851e-05,-2.8490516551046747,-1.6704953872129685e-06,7.0445611476751836e-06,0.0003468924414790885,6.799177043603777e-08,-16.50387954711914,0.00033289185375906527,-8.00769329071045,0.000157447240781039,-2.8165582079964224e-06,0.000288359442492947,5.689667887054384e-05,0.002590399933978915,0.0,4.0,0.0001385773066431284,0.6000000397409028
27,2.528940235409596e-06,4.424628119342513,8.70437195018271e-05,-1.8643148700813484e-06,-8.174060843692525e-05,2.4438143952920655e-08,-17.52712059020996,0.00023541277914773673,-8.354169845581055,-3.6419445677893236e-05,8.1614576629363e-05,6.56771517242305e-05,0.00016908036195673048,0.0026187000330537558,0.0,4.0,0.0001385773066431284,0.6000000397409028
28,2.668536547111821e-06,5.717779682744096,-0.00037838442614402854,2.278173360184381e-06,0.00031731741679792464,1.7755482417669555e-07,-15.543986320495605,0.0006238262867555022,-7.379638671875,0.00014298570749815553,-0.0003725526621565223,2.71204553428106e-05,0.0001894553133752197,0.005365899996832013,0.0,4.0,0.0001385773066431284,0.6000000397409028
29,0.00032086371933207433,14.880809244567427,-0.00010204129088802021,0.0004609617635607272,0.0002039545476341718,1.0549013040872524e-07,-16.064647674560547,0.0004859876062255353,-7.629327297210693,9.079189476324245e-05,-0.00010584185656625777,0.00024119993031490594,0.0003375078085809946,0.0024597999872639775,0.0,4.0,0.0001385773066431284,0.6000000397409028
30,-1.178840235108362e-05,-9.906330966868243,5.977944109506701e-05,3.6541053571394284e-05,3.92553198270888e-05,1.3619518313134904e-07,-15.809176445007324,0.00035944985575042665,-7.930935859680176,1.9996470655314624e-05,5.903227793169208e-05,0.0005120987189002335,4.8743520892458037e-05,0.00320009991992265,0.0,4.0,0.0001385773066431284,0.6000000397409028
31,-0.0047388727660096,-28.68240829988307,-0.0001559898391580469,-7.5251210653724885e-06,-0.00016731649482326565,7.305148415071017e-07,-14.1295166015625,0.0009447772754356265,-6.964561462402344,-7.017148891463876e-05,-0.0001465168606955558,0.0011452342150732875,0.00031094360747374594,0.0025620999513193965,0.0,4.0,0.0001385773066431284,0.6000000397409028
32,2.9800934684720706e-06,10.594642128002473,-5.50127812584011e-06,-2.358803298877915e-07,-0.00020466686622015354,5.133401259627135e-08,-16.784912109375,0.0002954198862425983,-8.127113342285156,-9.254220640286803e-05,-1.042585245158989e-05,0.0001174615608761087,0.0002674421120900661,0.002137599978595972,0.0,4.0,0.0001385773066431284,0.6000000397409028
33,3.5672635861611908e-06,8.456420120003646,0.0002043076134618138,5.651660390625396e-06,0.0003794001588539652,9.568103109813819e-08,-16.162246704101562,0.0005092577775940299,-7.582556247711182,0.00017056448268704116,0.0001947707642102614,5.48188436368946e-05,0.0002330261340830475,0.0024631000123918056,0.0,4.0,0.0001385773066431284,0.6000000397409028
34,-3.327725339592335e-07,5.067921910933781,1.7813450518739102e-05,-3.104310856713342e-07,1.848737176013477e-05,1.740155575191693e-08,-17.86670684814453,0.0001353355182800442,-8.907753944396973,8.597970008850098e-06,1.392891863361001e-05,4.6417160774581134e-05,0.00017920009850058705,0.002079900004900992,0.0,4.0,0.0001353355182800442,0.6000000397409028
35,0.0017267848139698014,-21.62463160791917,0.0002244712341461356,-0.0013209187686719092,0.00020833473922050028,4.875829517914099e-07,-14.533805847167969,0.0008782591903582215,-7.03756856918335,9.779261017683893e-05,0.000222666552872397,0.0009002884034998715,0.00021531166567001492,0.0025827999925240874,0.0,4.0,0.0001353355182800442,0.6000000397409028
36,1.6125028494943696e-06,-3.2445713754398557,-0.001508850275878997,-2.700424283339713e-06,0.0015196924910441533,2.6834823074750602e-06,-12.828394889831543,0.0023332806304097176,-6.060480117797852,0.0006852616206742823,-0.0014722064370289445,0.00030070036882534623,5.092454011901282e-05,0.005073299980722368,0.0,4.0,0.0001353355182800442,0.6000000397409028
37,-0.0006685457356615653,-22.17165611384668,-0.0002957043905311602,-0.0003262456087783327,0.004753147784744028,5.120740752317943e-06,-12.182211875915527,0.00299840047955513,-5.809676170349121,0.0021430414635688066,-0.00028435708372853696,0.000919156358577311,0.0002228475350420922,0.005506400018930435,0.0,4.0,0.0001353355182800442,0.6000000397409028
38,2.5354200802748316e-06,4.331783893063636,6.234514158151162e-06,-1.4021927798440455e-06,3.253600328564682e-05,1.6626023224830533e-08,-17.912296295166016,0.00013591349124908447,-8.903491973876953,1.5017342775536235e-05,2.852422767318785e-06,6.846507312729955e-05,0.00016762239101808518,0.0047830999828875065,0.0,4.0,0.0001353355182800442,0.6000000397409028
39,-0.0033616959389234278,-29.99995973405577,-0.0015166464702450887,-7.788685205348784e-06,0.0023367931841633822,4.05004175263457e-06,-12.416783332824707,0.003289695829153061,-5.7169599533081055,0.0010568818543106318,-0.00147283507976681,0.0011915245559066534,0.0003284327976871282,0.002086700056679547,0.0,4.0,0.0001353355182800442,0.6000000397409028
40,-1.3535711549959483e-06,-0.9539574603767225,5.454822202738592e-06,-2.558684542254628e-06,2.248293401929827e-07,3.00368085959235e-08,-17.320842742919922,0.00016242443234659731,-8.725297927856445,1.1876859389303718e-06,3.599524006858701e-06,0.00022956043540034443,8.571398939238861e-05,0.004686699947342277,0.0,4.0,0.0001353355182800442,0.6000000397409028
41,-1.557703932519817e-06,-3.080721877278879,0.00046700818289029296,-3.0538521993208963e-06,-0.0036058951836452093,2.8799508982046973e-06,-12.757737159729004,0.002249975921586156,-6.096835613250732,-0.001621275208890438,0.00045420974493026733,0.00029558560345321894,5.339640847523697e-05,0.00205210002604872,0.0,4.0,0.0001353355182800442,0.6000000397409028
42,2.3001804608977286e-06,1.989096757746329,-1.6520773157467421e-06,-1.902373033719736e-06,-1.9479931773404847e-06,1.8310053917502955e-08,-17.815814971923828,0.00013953930465504527,-8.877163887023926,-1.878603939076129e-07,-4.164225174463354e-06,0.00013932162255514413,0.0001310528168687597,0.0025523999938741326,0.0,4.0,0.0001353355182800442,0.6000000397409028
43,0.002463392552186648,-15.565427830186398,0.006,0.0009475653731583159,0.006,4.180855830782093e-05,-10.082409858703613,0.008969062939286232,-4.7139739990234375,0.0027031449135392904,0.0058523803018033504,0.0006967263761907816,0.00013034993025939912,0.001987099996767938,0.0,4.0,0.0001353355182800442,0.6000000397409028
44,4.6242783340130014e-06,-1.6504477133712177,-0.0005146706913066942,5.397096725345418e-07,0.0005320888528555075,3.4558331662992714e-07,-14.878031730651855,0.0009070454398170114,-7.0053181648254395,0.00024062144802883267,-0.0005033271154388785,0.000251107441727072,7.50863691791892e-05,0.003869200008921325,0.0,4.0,0.0001353355182800442,0.6000000397409028
45,2.8107426292020144e-06,-4.873717985706511,-2.8582036001872505e-05,-2.4152763506981944e-06,-2.9214167189678746e-05,6.31711216669828e-08,-16.57741928100586,0.00022918054310139269,-8.381000518798828,-1.1521248779899906e-05,-2.849327211151831e-05,0.0003517782606650144,2.6553781935945153e-05,0.0024452999932691455,0.0,4.0,0.0001353355182800442,0.6000000397409028
46,-7.2731298574660715e-06,-7.6492391097358325,-3.372119250460894e-06,1.9549790939079604e-05,6.94867917195897e-05,9.792235289296514e-08,-16.13909149169922,0.00026427340344525874,-8.238526344299316,3.3281710784649476e-05,-3.1521419714408694e-06,0.0004397213342599571,1.5957735740812495e-05,0.004558000015094876,0.0,4.0,0.0001353355182800442,0.6000000397409028
47,0.00023049815709664539,-3.6824658166204793,-8.985952231766531e-05,1.4629202754160295e-05,9.526101718090681e-05,6.020860610078671e-08,-16.625450134277344,0.0003122538619209081,-8.071694374084473,4.432776404428296e-05,-8.856893691699952e-05,0.0003143764624837786,4.4337863073451445e-05,0.0025743000442162156,0.0,4.0,0.0001353355182800442,0.6000000397409028
48,2.0516937118451398e-06,-2.040302532100984,2.4599543082189607e-05,-2.87394478193944e-06,2.3974454578389817e-05,3.7682504228087055e-08,-17.094070434570312,0.00020077201770618558,-8.513340950012207,1.202327803184744e-05,2.2570675355382264e-05,0.00026320054894313216,6.915556878084317e-05,0.002029099967330694,0.0,4.0,0.0001353355182800442,0.6000000397409028
49,-2.9053068819457998e-06,-9.434022251327,-1.697960831264655e-05,-8.509189331239473e-05,-1.7221723872546546e-05,1.2461067910862766e-07,-15.8980712890625,0.00029079258092679083,-8.142900466918945,-5.485203928401461e-06,-1.5935220289975405e-05,0.0004968920256942511,4.185231227893382e-05,0.002583800000138581,0.0,4.0,0.0001353355182800442,0.6000000397409028
50,0.00044644935700524434,-1.8237111784466633,-0.0005860734291859091,-2.4494490253113723e-06,-0.0005799337507615583,4.3119797510371427e-07,-14.656698226928711,0.000997118535451591,-6.910640716552734,-0.0002597651327960193,-0.0005728963296860456,0.00025645559071563184,7.24584751878865e-05,0.0025665999855846167,0.0,4.0,0.0001353355182800442,0.6000000397409028
51,-7.071152009013787e-06,5.5278699400152345,-1.697651672596102e-06,-1.7232401525236189e-06,3.595516728602688e-06,1.794911241859154e-08,-17.835725784301758,0.00011665766214719042,-9.056266784667969,1.8359010027779732e-06,-5.22784648637753e-06,3.273309630458243e-05,0.00018645473755896091,0.002046800102107227,0.0,4.0,0.00011665766214719042,0.6000000397409028
52,-6.404246061210933e-05,-13.827259966755932,0.0003088089287899718,-0.0007329187471901733,-0.00029827057222235045,3.191611313013709e-07,-14.95757007598877,0.0008068165625445545,-7.1224141120910645,-0.00013132790627423674,0.00030287710251286626,0.000639707432128489,0.00010551569721428677,0.0024933000095188618,0.0,4.0,0.00011665766214719042,0.6000000397409028
53,-1.417477836296663e-05,-10.880186309371714,-5.766643264379929e-05,-7.898782545577924e-05,-5.860650847390755e-05,1.5333434078002028e-07,-15.690645217895508,0.0003823673469014466,-7.869128704071045,-2.390267763985321e-05,-5.521561615751125e-05,0.0005435702041722834,6.292790203588083e-05,0.002437399933114648,0.0,4.0,0.00011665766214719042,0.6000000397409028
54,2.2846843428237972e-06,2.1011176692876394,0.00026031419898135655,-1.7579906469589521e-06,0.0002622217799881538,9.524838162633387e-08,-16.166778564453125,0.0005042469128966331,-7.59244441986084,0.00011867350985994563,0.0002512209175620228,0.00013591308379545808,0.00013279190170578659,0.002158600022085011,0.0,4.0,0.00011665766214719042,0.6000000397409028
55,0.00013126563371272193,0.9357431068878991,-0.0016545939989300142,-0.0011047673402579204,0.0016610082714761604,3.1908630262478255e-06,-12.655219078063965,0.002506834687665105,-5.988734245300293,0.0007482841610908508,-0.001615440589375794,0.00017147953622043133,0.00011474052007542923,0.005411299993284047,0.0,4.0,0.00011665766214719042,0.6000000397409028
56,-4.0266782517083076e-07,-2.281974228885386,0.00011154235512403101,-1.9253480862546836e-07,-0.00010669211724638417,5.250710444215656e-08,-16.762317657470703,0.0003222483501303941,-8.04018783569336,-4.674358933698386e-05,0.00010740756260929629,0.0002707085513975471,6.548584497068077e-05,0.002674899995326996,0.0,4.0,0.00011665766214719042,0.6000000397409028
57,1.8647356160255774e-06,-1.3722473073830412,-0.0001626219032150991,-2.369232068823744e-06,0.00016684089056140925,6.40078212654771e-08,-16.564260482788086,0.00039728888077661395,-7.830846786499023,7.622190605616197e-05,-0.0001601576223038137,0.00024249219859484583,7.932646258268505e-05,0.005397400003857911,0.0,4.0,0.00011665766214719042,0.6000000397409028
58,4.377438856031657e-05,3.8333845016654746,-0.0006763495770236371,-5.0320511768140946e-05,-0.0006816457320256383,5.490068133440218e-07,-14.415155410766602,0.0010904544033110142,-6.821160793304443,-0.00030629822867922485,-0.0006625225651077926,8.345947571797296e-05,0.0001598078670212999,0.003583500045351684,0.0,4.0,0.00011665766214719042,0.6000000397409028
59,-0.01156512780767771,-21.690545851797996,-0.0002924139021164547,0.0037092842294708466,-0.0002508072022271502,5.227405495134008e-07,-14.464180946350098,0.000950086279772222,-6.958957672119141,-0.00010880622721742839,-0.00028129827114753425,0.00090377451851964,0.00021618905884679407,0.0021210999693721533,0.0,4.0,0.00011665766214719042,0.6000000397409028
60,2.1040966421354233e-05,8.262183725423501,5.856424495780833e-06,0.00019670678820189264,-3.091987379066328e-06,2.764173778757595e-08,-17.40393829345703,0.00014238519361242652,-8.856974601745605,-1.5317266388592543e-06,1.3379753909248393e-06,4.91107020934578e-05,0.00022992028971202672,0.002612899988889694,0.0,4.0,0.00011665766214719042,0.6000000397409028
61,1.0061207357915788e-05,4.013495486668569,0.0034390094485549105,0.0003182711794151076,-7.270368737508259e-05,1.1239306331845e-05,-11.396093368530273,0.0035025549586862326,-5.654262542724609,-3.2298277801601216e-05,0.003349924460053444,7.803157495800406e-05,0.00016263301949948072,0.002148799947462976,0.0,4.0,0.00011665766214719042,0.6000000397409028
62,-3.955043781902796e-06,-0.4614624508446452,-4.32347882565744e-05,-1.4586681519104989e-06,4.7705799838538776e-05,2.97676514549039e-08,-17.329843521118164,0.00022030953550711274,-8.420476913452148,2.248716373287607e-05,-4.401166734169237e-05,0.00021436827955767512,9.325313294539228e-05,0.002675600000657141,0.0,4.0,0.00011665766214719042,0.6000000397409028
63,-7.849904310592203e-06,-29.999999995975543,-0.00031346301593466677,0.001434242948580507,0.0002221670502755963,8.641177373647224e-07,-13.961556434631348,0.001164780231192708,-6.755222797393799,0.00010529781866353005,-0.00029974078643135726,0.001190993469208479,0.0003284899576101452,0.0024380999384447932,0.0,4.0,0.00011665766214719042,0.6000000397409028
64,-1.93012016813911e-06,-2.516805777891323,9.631174621523879e-05,1.8126344839711526e-05,-9.076137129481039e-05,5.0705441623222214e-08,-16.797231674194336,0.0003021346346940845,-8.10463809967041,-3.954256681026891e-05,9.262340608984232e-05,0.00027801209944300354,6.192525324877352e-05,0.0026402000803500414,0.0,4.0,0.00011665766214719042,0.6000000397409028
65,4.608421394604623e-06,3.113545017794634,-1.784975772757571e-05,5.946251553916336e-07,-9.960373849837224e-05,1.8939493529046558e-08,-17.78201675415039,0.00019143748795613647,-8.560949325561523,-4.428343163453974e-05,-2.0278943338780664e-05,0.00010519703209865838,0.00014855321205686778,0.0020068000303581357,0.0,4.0,0.00011665766214719042,0.6000000397409028
66,-0.0003788350946780036,-29.65247587132326,0.0009913703573490318,0.0011447729676432958,0.00019302150821094079,1.7013053366099484e-06,-13.284114837646484,0.0018158834427595139,-6.311182975769043,9.212851000484079e-05,0.0009724232950247824,0.001178779057227075,0.00032388436375185847,0.0025938000762835145,0.0,4.0,0.00011665766214719042,0.6000000397409028
67,6.137067393620084e-05,13.033755557804168,2.420869529950893e-05,-0.0002283637204069323,0.0002768408264953287,8.05216444632606e-08,-16.334739685058594,0.00038929612492211163,-7.851170063018799,0.0001238243858097121,1.781146966095548e-05,0.00018819340039044619,0.0003071271348744631,0.0027399000246077776,0.0,4.0,0.00011665766214719042,0.6000000397409028
68,-1.1902971114082915e-05,-0.6183062402470961,3.6438482804823065e-06,-0.00015658229085293446,3.6145676907223366e-06,2.81624483733367e-08,-17.385276794433594,0.00015943383914418519,-8.743881225585938,2.6674308628571453e-06,1.7392628706147661e-06,0.0002192057581851259,9.084852354135364e-05,0.002582999994046986,0.0,4.0,0.00011665766214719042,0.6000000397409028
69,7.361620905601242e-05,-3.9260332158478115,-0.000822777231651062,-5.7932999152527506e-05,-0.0008496184914999443,8.426702038377698e-07,-13.986690521240234,0.0013652758207172155,-6.596398830413818,-0.00038083436083979905,-0.0008030948811210692,0.00032201429712586105,4.0678776713320985e-05,0.0022481000050902367,0.0,4.0,0.00011665766214719042,0.6000000397409028
70,-2.806505999923855e-05,14.996375966741669,0.00010087300525661605,0.00011917708109964616,-5.519029937401263e-05,9.660888622420316e-08,-16.15259552001953,0.00040974945295602083,-7.799964904785156,-2.583781497378368e-05,9.196622704621404e-05,0.00024449656484648585,0.0003393942315597087,0.0025872000260278583,0.0,4.0,0.00011665766214719042,0.6000000397409028
71,8.581893184738616e-05,-4.667173393778974,-0.0005378602393455,-0.00023150147077258824,-0.0005401904372404712,3.9408837437804323e-07,-14.74669075012207,0.0009540306637063622,-6.954814910888672,-0.00024148919328581542,-0.0005250938120298088,0.0003452804812695831,2.9614837330882438e-05,0.00497690006159246,0.0,4.0,0.00011665766214719042,0.6000000397409028
72,2.6488168171732597e-05,-6.203554100132146,1.8124306347941467e-06,4.76863870418633e-05,3.554888066494318e-06,7.757007125519522e-08,-16.37208366394043,0.00020568989566527307,-8.489140510559082,3.409852070035413e-06,1.507457909610821e-06,0.0003937662113457918,7.778972758387681e-06,0.0027419000398367643,0.0,4.0,0.00011665766214719042,0.6000000397409028
73,-4.1909689322045667e-05,1.4773920387532464,4.1482957064817724e-05,-0.00010446295192599433,-3.87468840344035e-05,2.1304325414917002e-08,-17.664356231689453,0.0001937363704200834,-8.549012184143066,-1.66785921464907e-05,3.80383207811974e-05,0.00015491990779992193,0.00012311902537476271,0.0025951999705284834,0.0,4.0,0.00011665766214719042,0.6000000397409028
74,-2.284319855572226e-05,-0.48717247780698536,3.8467902038067894e-05,1.2031096716271606e-05,-4.0954808330350654e-05,2.903287210642702e-08,-17.35483741760254,0.00020707232761196792,-8.482442855834961,-1.7406615370418876e-05,3.565572478692047e-05,0.0002151612425222993,9.285872511100024e-05,0.002206800039857626,0.0,4.0,0.00011665766214719042,0.6000000397409028
75,0.003999040229164551,-12.681608211972378,0.0001692801222746858,-0.004536088299400265,-0.002029686166580953,1.0421223350931541e-06,-13.774250984191895,0.0014226374914869666,-6.555242538452148,-0.0009106310899369419,0.000166520185302943,0.0006019695429131389,8.900280954549089e-05,0.0022002001060172915,0.0,4.0,0.00011665766214719042,0.6000000397409028
76,2.354100792449934e-06,5.007820322227707,6.715356563392842e-05,2.8897253630992933e-06,6.578883368375285e-05,2.1793383098156482e-08,-17.641658782958984,0.00020517699886113405,-8.491637229919434,2.989157110278029e-05,6.205294630490243e-05,4.821158654522151e-05,0.00017825336544774473,0.005517599987797439,0.0,4.0,0.00011665766214719042,0.6000000397409028
77,1.8439681747813494e-06,-1.2943069674393721,-0.001545648485161389,-2.280838825403183e-06,0.0015473698074066234,2.7944615794694982e-06,-12.787871360778809,0.002366377506405115,-6.0463948249816895,0.0006974492571316659,-0.0015086302300915122,0.00024008059699553996,8.051557233557105e-05,0.002486199955455959,0.0,4.0,0.00011665766214719042,0.6000000397409028
78,7.5787183731529144e-06,0.18305881302376897,-0.00010627711585337423,5.949802209126607e-06,0.0001093393777303681,3.792059999341291e-08,-17.087770462036133,0.0003046402707695961,-8.096379280090332,5.01348840771243e-05,-0.00010566013952484354,0.00019454116409178823,0.00010314936662325636,0.0020840000361204147,0.0,4.0,0.00011665766214719042,0.6000000397409028
79,2.4500433342800813e-06,11.135758025870137,-0.0025329506433910084,-4.946021847365034e-07,-0.000316021807314913,6.192272849148139e-06,-11.992208480834961,0.0028222876135259867,-5.8702073097229,-0.0001427214447176084,-0.0024748502764850855,0.0001332246174570173,0.0002762071380857378,0.005538100027479231,0.0,4.0,0.00011665766214719042,0.6000000397409028
80,1.4314984928039118e-06,-1.7189984605866322,-2.905518087544441e-05,-1.254541276794624e-06,-2.950652198477273e-05,3.584055718874879e-08,-17.14418601989746,0.00020555728406179696,-8.489786148071289,-1.2087091818102635e-05,-2.9832737709512003e-05,0.0002532323997002095,7.404248754028231e-05,0.002781399991363287,0.0,4.0,0.00011665766214719042,0.6000000397409028
81,6.189143856407647e-05,20.398170731726903,0.001929487649461187,-8.136601146993677e-05,-0.0006776760224736988,3.773893467950984e-06,-12.48740291595459,0.002593009267002344,-5.9549360275268555,-0.0003066269273404032,0.0018732005264610052,0.0003966265358030796,0.000429736654041335,0.0026012000162154436,0.0,4.0,0.00011665766214719042,0.6000000397409028
82,8.148781077139558e-05,2.1685687693288704,-0.005804423171491944,0.0003437959329958223,0.0009601888795559172,3.226301851100288e-05,-10.341588973999023,0.006228562444448471,-5.078609943389893,0.0004327495989855379,-0.005661963485181332,0.0001338531874353066,0.00013384509657043964,0.002597699989564717,0.0,4.0,0.00011665766214719042,0.6000000397409028
83,-1.668362045980259e-05,-8.6060624900382,-0.0002098907326511857,4.380902879699052e-05,-0.00021075730183445275,1.6134779912135855e-07,-15.639703750610352,0.0005469826282933354,-7.511093616485596,-9.269334987038746e-05,-0.00020424788817763329,0.0004703090526163578,2.9773695132462308e-05,0.005372500047087669,0.0,4.0,0.00011665766214719042,0.6000000397409028
84,-1.274905939034458e-05,-1.88427175797897,-0.00022973154050581442,9.661873399485985e-05,-0.000234620997874344,9.76505702965369e-08,-16.141870498657227,0.0004947547568008304,-7.611448287963867,-0.00010436601587571204,-0.00022544636158272624,0.0002583567693363875,7.152804028009996e-05,0.0026677000569179654,0.0,4.0,0.00011665766214719042,0.6000000397409028
85,9.811657494452303e-05,-1.2398995815804132,0.00017224518778087954,0.0006534613996518262,0.00018013365752295307,6.613294090129784e-08,-16.531599044799805,0.00040835540858097374,-7.803372859954834,8.21855355752632e-05,0.00016630302707199007,0.0002383803657721728,8.135331881931052e-05,0.002650400041602552,0.0,4.0,0.00011665766214719042,0.6000000397409028
86,0.00014357440186606697,7.410620929004006,-3.911983614023333e-06,1.269942907932005e-06,1.0228295103138734e-05,2.3773628399226254e-08,-17.554689407348633,0.0001327437930740416,-8.92708969116211,4.573444584821118e-06,-7.93620893091429e-06,2.4143122573150322e-05,0.00021632514835800976,0.002704199985601008,0.0,4.0,0.00011665766214719042,0.6000000397409028
87,2.1233786958155256e-06,4.846765466141334,0.0008910533562262175,5.794693489960434e-06,-0.0008873307603551807,9.249586128134979e-07,-13.893516540527344,0.0013787646312266588,-6.586567401885986,-0.00039899093098938465,0.0008654019911773503,5.302592762745917e-05,0.00017571762145962566,0.0028110999846830964,0.0,4.0,0.00011665766214719042,0.6000000397409028
88,3.5555923464686297e-06,-4.725152545131108,-5.174084378169801e-06,-2.2200031234637182e-05,-3.4285411301417635e-05,6.087780235475293e-08,-16.614397048950195,0.00020746467635035515,-8.480549812316895,-1.3823905646859203e-05,-5.711567609978374e-06,0.00034710424370132387,2.8754155209753662e-05,0.0021350999595597386,0.0,4.0,0.00011665766214719042,0.6000000397409028
89,-1.4981555590987951e-06,7.085563931202071,-0.0007776546532298406,7.04175778009729e-07,-4.557552966553198e-05,6.038302444721921e-07,-14.31997299194336,0.0008957021054811776,-7.017902851104736,-2.0495743228821084e-05,-0.0007622399716638029,1.478811009292258e-05,0.00021114465198479593,0.0039001000113785267,0.0,4.0,0.00011665766214719042,0.6000000397409028
90,8.547398446348306e-06,4.104111823420196,-0.0005788973616744869,-2.205694494269788e-06,-0.0005840888482607649,4.07316548489689e-07,-14.713675498962402,0.0009496985003352165,-6.9593658447265625,-0.0002624336048029363,-0.00056758540449664,7.530888251494616e-05,0.00016405014321208,0.0020589999621734023,0.0,4.0,0.00011665766214719042,0.6000000397409028
91,1.0523436638553328e-06,10.570200055294894,0.00019895451228421978,4.5154919499113773e-05,0.00019421091880168474,8.572665421979764e-08,-16.27210235595703,0.00046777998795732856,-7.6675124168396,8.695593714946881e-05,0.00018892603111453354,0.00011674874986056238,0.0002670473186299205,0.0021210999693721533,0.0,4.0,0.00011665766214719042,0.6000000397409028
92,6.142175574568945e-05,-18.880100784228087,-0.000906916479131561,6.010398063894838e-05,0.0010360445968202955,1.3389259265750297e-06,-13.523642539978027,0.0018433427903801203,-6.2961745262146,0.0004698534612543881,-0.0008811329607851803,0.0008075604564510286,0.00017715230933390558,0.002494900021702051,0.0,4.0,0.00011665766214719042,0.6000000397409028
93,-0.0002907665704611356,5.371831694169878,0.0009072405839903718,-9.087822281672248e-05,-0.0006792622824214375,8.871250543052156e-07,-13.935279846191406,0.0012971381656825542,-6.647594928741455,-0.0003054294502362609,0.0008810305735096335,3.7374546081991866e-05,0.0001839817559812218,0.002597499988041818,0.0,4.0,0.00011665766214719042,0.6000000397409028
94,1.9661219600093647e-05,-2.6630510423456113,-0.005198050254399359,-0.0009947015534816988,0.00360391732989818,2.8373107852530666e-05,-10.47006893157959,0.006863447837531567,-4.981545448303223,0.0016230829060077667,-0.005069220904260874,0.0002825843694154173,5.9703630540752783e-05,0.0022208000300452113,0.0,4.0,0.00011665766214719042,0.6000000397409028
95,2.4083790092931184e-06,-5.628586332231036,-0.00023159752040933398,-1.4109069456230511e-05,-0.0002327234289354892,1.3243729313217045e-07,-15.837156295776367,0.0005247805383987725,-7.552530288696289,-0.00010299551649950445,-0.00022622513643000275,0.0003755813813768327,1.5538345905952156e-05,0.0021069999784231186,0.0,4.0,0.00011665766214719042,0.6000000397409028
96,-3.4695487066535805e-05,-3.749416434181128,-0.0029976142938125737,1.0019970102201935e-05,0.0029365317101223976,1.0348614523536526e-05,-11.478657722473145,0.0044264281168580055,-5.420162200927734,0.001322908909060061,-0.0029236117843538523,0.0003164875670336187,4.332714161137119e-05,0.0027806999860331416,0.0,4.0,0.00011665766214719042,0.6000000397409028
97,-1.6373019434273673e-05,-9.399912745716973,0.00021495253178985905,-1.9126712291895116e-05,0.00020762167245194632,1.770970072811906e-07,-15.546567916870117,0.0005744530353695154,-7.462092399597168,9.568948007654399e-05,0.00021018927509430796,0.0004957941127941012,4.1354425775352865e-05,0.002152899978682399,0.0,4.0,0.00011665766214719042,0.6000000397409028
98,1.5126577888587883e-05,-7.234673333725789,-6.469643515163614e-06,-1.3673368780878952e-05,1.4777272838321942e-05,9.112172705272314e-08,-16.211069107055664,0.00023326218069996685,-8.363347053527832,8.604216418461874e-06,-6.28530415269779e-06,0.0004265110183041543,1.0234310138912406e-05,0.0021174000576138496,0.0,4.0,0.00011665766214719042,0.6000000397409028
99,-2.5289665435984907e-05,-10.874757232541032,-0.0013662402005323066,-0.0002176220828633549,-0.00036072682088102555,1.9469177914288593e-06,-13.149263381958008,0.0017940518446266651,-6.323278427124023,-0.00015985756181180477,-0.0013310698559507728,0.0005433994811028242,6.284942355705425e-05,0.00547760003246367,0.0,4.0,0.00011665766214719042,0.6000000397409028
100,-2.876306475624389e-05,-6.305169874093637,-0.0006748705052942879,0.0003427356722358148,0.0006890979808062625,6.093868591960927e-07,-14.310812950134277,0.0011719588655978441,-6.749078750610352,0.0003119183820672333,-0.0006582358619198203,0.00039698215550743043,6.6270013121538796e-06,0.002884700079448521,0.0,4.0,0.00011665766214719042,0.6000000397409028
