step,q1,q2,cv,q3,ch,mse,log_mse,mae,log_mae,mu_x,mu_y,sigma_x,sigma_y,xopt_runtime,xopt_error,run,best_mae,learned_d1,learned_d2,learned_d3,learned_d4,learned_d5,learned_d6,error_d1,error_d2,error_d3,error_d4,error_d5,error_d6
0,10.0,-10.0,0.0,10.0,0.0,2.664279996622554e-08,-17.440746307373047,0.00016519649943802506,-8.708374977111816,-4.810091240869951e-07,-3.472792968750582e-06,0.00013611702888738364,0.00018636837194208056,0.598299799952656,0.0,0.0,0.00016519649943802506,0.10516972160385302,0.30972908844034114,0.10129280379574328,0.0,0.0,0.0,0.094830278396147,0.19027091155965886,0.07870719620425672,0.24,0.16,0.52
1,-0.19811412288415675,-0.1879274910370412,7.876658974003392e-05,0.3367563064255831,-3.8858656518956616e-05,3.3633742901884034e-08,-17.20773696899414,0.00025413473485969007,-8.2776460647583,-1.9213328414480202e-05,8.248144877143204e-05,0.00020921547547914088,9.566443623043597e-05,0.005680300062522292,0.0,0.0,0.00016519649943802506,0.10516972160385302,0.30972908844034114,0.10129280379574328,0.0,0.0,0.0,0.094830278396147,0.19027091155965886,0.07870719620425672,0.24,0.16,0.52
2,1.2047089048730229e-05,-8.802201689479398,-0.0012899561524597565,10.649934158671869,0.001287594604600628,3.566033910828992e-06,-12.54405689239502,0.0025244976859539747,-5.98171329498291,0.000670380424708128,-0.0017608455382287502,0.00017898823716677725,7.555321644758806e-06,0.0020592999644577503,0.0,0.0,0.00016519649943802506,0.10516972160385302,0.30972908844034114,0.10129280379574328,0.0,0.0,0.0,0.094830278396147,0.19027091155965886,0.07870719620425672,0.24,0.16,0.52
3,1.21425062285059e-05,-10.70699935705793,-0.0003331464729603161,14.73795795692951,0.0003316282540927719,2.7893386800315056e-07,-15.092290878295898,0.0007274859235621989,-7.225915908813477,0.00017288443632423878,-0.0004943791427649558,9.196133760269731e-05,2.848330586857628e-05,0.002446400001645088,0.0,0.0,0.00016519649943802506,0.10516972160385302,0.30972908844034114,0.10129280379574328,0.0,0.0,0.0,0.094830278396147,0.19027091155965886,0.07870719620425672,0.24,0.16,0.52
4,1.2340853886527546e-05,-8.450671864934785,0.00010921775343044243,12.269100521784392,9.830875970229949e-05,3.450144347993955e-08,-17.18226432800293,0.0002782738592941314,-8.186904907226562,5.171791053726338e-05,0.00015367427840828896,0.0001267257030121982,1.9037610400118865e-05,0.0025034999707713723,0.0,0.0,0.00016519649943802506,0.10516972160385302,0.30972908844034114,0.10129280379574328,0.0,0.0,0.0,0.094830278396147,0.19027091155965886,0.07870719620425672,0.24,0.16,0.52
5,1.2149581074697673e-05,-11.927965204409988,-7.511252602911543e-05,1.6136581129452114,7.60411421970925e-05,1.5861731128552492e-07,-15.656771659851074,0.0004365124914329499,-7.736693382263184,4.1989471355918795e-05,-8.1779042375274e-05,0.0005415618070401251,8.392612653551623e-05,0.005148199968971312,0.0,0.0,0.00016519649943802506,0.10516972160385302,0.30972908844034114,0.10129280379574328,0.0,0.0,0.0,0.094830278396147,0.19027091155965886,0.07870719620425672,0.24,0.16,0.52
6,1.255484869314246e-05,-5.6165536706924755,-0.00013311862252592108,11.775083964965454,-0.00014365330766237874,4.7967347427402274e-08,-16.852745056152344,0.00034679414238780737,-7.9667792320251465,-7.426859519910067e-05,-0.00018775349599309266,8.849285950418562e-05,8.105130109470338e-05,0.005344600067473948,0.0,0.0,0.00016519649943802506,0.10516972160385302,0.30972908844034114,0.10129280379574328,0.0,0.0,0.0,0.094830278396147,0.19027091155965886,0.07870719620425672,0.24,0.16,0.52
7,1.1694066970327492e-05,-14.639374102707569,3.095469678150929e-05,8.315200902168744,2.135163482939113e-05,8.252580130374554e-08,-16.31015396118164,0.00030842379783280194,-8.084035873413086,1.2828337276005186e-05,4.224406075081788e-05,0.0003813738003373146,0.00012532903929241002,0.002464700024574995,0.0,0.0,0.00016519649943802506,0.10516972160385302,0.30972908844034114,0.10129280379574328,0.0,0.0,0.0,0.094830278396147,0.19027091155965886,0.07870719620425672,0.24,0.16,0.52
8,1.1738033365910077e-05,-15.230064922811836,0.00013939928308805225,13.551972285996323,0.00013002560314859674,7.653207489966007e-08,-16.385555267333984,0.0004431440611369908,-7.721615791320801,6.85423583490774e-05,0.00020436504564713687,0.00020322788623161614,0.00013724545715376735,0.005490400013513863,0.0,0.0,0.00016519649943802506,0.10516972160385302,0.30972908844034114,0.10129280379574328,0.0,0.0,0.0,0.094830278396147,0.19027091155965886,0.07870719620425672,0.24,0.16,0.52
9,1.2028610134055111e-05,-10.61238698600464,0.0001621299883831046,11.682030916626463,0.000152450071858119,7.518751488078124e-08,-16.40328025817871,0.00041580054676160216,-7.785305023193359,8.01220812718384e-05,0.0002265547082060948,0.00018350747996009886,3.474007826298475e-05,0.0020866000559180975,0.0,0.0,0.00016519649943802506,0.10516972160385302,0.30972908844034114,0.10129280379574328,0.0,0.0,0.0,0.094830278396147,0.19027091155965886,0.07870719620425672,0.24,0.16,0.52
10,1.2460906001860096e-05,-6.117650215711424,-3.002272897282249e-05,13.552994283519393,3.054615921168391e-05,6.915365169390952e-09,-18.789520263671875,0.00012796823284588754,-8.963728904724121,1.6155898265424185e-05,-4.521693699643947e-05,5.337294714991003e-05,7.981785893207416e-05,0.002960299956612289,0.0,0.0,0.00012796823284588754,0.10516972160385302,0.30972908844034114,0.10129280379574328,0.0,0.0,0.0,0.094830278396147,0.19027091155965886,0.07870719620425672,0.24,0.16,0.52
11,1.17728330131436e-05,-13.941527031550459,-7.005325567192417e-05,1.3498860511473794,6.849733086584063e-05,2.0362307395771495e-07,-15.406994819641113,0.00047971788444556296,-7.642312526702881,3.839380951831117e-05,-7.506232941523194e-05,0.0006159955519251525,0.00011652792454697192,0.0026174000231549144,0.0,0.0,0.00012796823284588754,0.10516972160385302,0.30972908844034114,0.10129280379574328,0.0,0.0,0.0,0.094830278396147,0.19027091155965886,0.07870719620425672,0.24,0.16,0.52
12,1.2921219953612812e-05,-1.5587948768603543,-1.698333674663683e-05,11.541002927571698,0.0001818616158279386,2.5009445181467527e-08,-17.504013061523438,0.0002186255733249709,-8.428150177001953,9.469872020417824e-05,-2.7023281290894374e-05,1.9955308744101785e-05,0.0001738518476486206,0.002683199942111969,0.0,0.0,0.00012796823284588754,0.10516972160385302,0.30972908844034114,0.10129280379574328,0.0,0.0,0.0,0.094830278396147,0.19027091155965886,0.07870719620425672,0.24,0.16,0.52
13,1.2501737557884007e-05,-5.180618639049389,6.353277818409789e-05,10.977368513111882,0.0052221348590061455,7.39259303372819e-06,-11.815032005310059,0.002894351724535227,-5.844994068145752,0.0027159922756254673,8.552733925171196e-05,9.961979958461598e-05,8.604458707850426e-05,0.0020903999684378505,0.0,0.0,0.00012796823284588754,0.10516972160385302,0.30972908844034114,0.10129280379574328,0.0,0.0,0.0,0.094830278396147,0.19027091155965886,0.07870719620425672,0.24,0.16,0.52
14,1.3332200776843978e-05,3.635586300501416,-0.00598782556635048,3.6452116996978208,-0.0028697069410003485,5.0889018893940374e-05,-9.885863304138184,0.00858425721526146,-4.7578253746032715,-0.001492034294642508,-0.006974370218813419,3.344703509355895e-05,0.00020225714251864702,0.002355000004172325,0.0,0.0,0.00012796823284588754,0.10516972160385302,0.30972908844034114,0.10129280379574328,0.0,0.0,0.0,0.094830278396147,0.19027091155965886,0.07870719620425672,0.24,0.16,0.52
15,1.2725150094125662e-05,-8.229292964164875,1.2738666391710038e-05,13.296055482342107,-3.229138026694688e-05,5.446485040749849e-09,-19.028295516967773,9.538956510368735e-05,-9.25754165649414,-1.63383247127058e-05,1.7637818018556572e-05,9.453204984311014e-05,2.829478216881398e-05,0.0021657999604940414,0.0,0.0,9.538956510368735e-05,0.10516972160385302,0.30972908844034114,0.10129280379574328,0.0,0.0,0.0,0.094830278396147,0.19027091155965886,0.07870719620425672,0.24,0.16,0.52
16,1.3468239634699092e-05,4.384145375908542,2.256076564350389e-06,6.357187030388633,-2.4605765270910974e-06,3.149164484739231e-08,-17.273544311523438,0.00013927965483162552,-8.879026412963867,-1.3152686051398632e-06,-1.9649526166176656e-06,2.2024845748092048e-05,0.00024997402215376496,0.005818100064061582,0.0,0.0,9.538956510368735e-05,0.10516972160385302,0.30972908844034114,0.10129280379574328,0.0,0.0,0.0,0.094830278396147,0.19027091155965886,0.07870719620425672,0.24,0.16,0.52
17,1.2693890793129453e-05,-10.152382342109432,-6.472308407264073e-05,4.141862627754067,8.425951953113957e-05,9.12173589995291e-08,-16.210020065307617,0.000347830617101863,-7.963794708251953,4.565963536151685e-05,-7.5567550084088e-05,0.0004056927573401481,4.751409505843185e-05,0.005638299975544214,0.0,0.0,9.538956510368735e-05,0.10516972160385302,0.30972908844034114,0.10129280379574328,0.0,0.0,0.0,0.094830278396147,0.19027091155965886,0.07870719620425672,0.24,0.16,0.52
18,1.1888812403607904e-05,-13.73727530778039,4.221700823274738e-05,10.134727806052508,9.714770630771387e-07,5.296823601952383e-08,-16.75357437133789,0.00026158796390518546,-8.248740196228027,1.8529442513681715e-06,5.8701592934085056e-05,0.0002964508312288672,0.00010561606177361682,0.00577970000449568,0.0,0.0,9.538956510368735e-05,0.10516972160385302,0.30972908844034114,0.10129280379574328,0.0,0.0,0.0,0.094830278396147,0.19027091155965886,0.07870719620425672,0.24,0.16,0.52
19,1.2013490252401705e-05,-13.016001515460571,2.8947478250608457e-05,7.12323190767504,-1.11981518218311e-05,7.974161064794316e-08,-16.34447479248047,0.0002814519975800067,-8.175548553466797,-4.081332463101717e-06,3.808789551840164e-05,0.0003842586884275079,9.430686623090878e-05,0.005655700108036399,0.0,0.0,9.538956510368735e-05,0.10516972160385302,0.30972908844034114,0.10129280379574328,0.0,0.0,0.0,0.094830278396147,0.19027091155965886,0.07870719620425672,0.24,0.16,0.52
20,-0.0003602228638460408,-17.737681879653977,-0.0014941337195488633,-7.510105709731756,0.001397115744620568,2.8052913876308594e-06,-12.784003257751465,0.002649518195539713,-5.933377265930176,0.0007315084803849459,-0.0012770239263772964,0.0011190378572791815,0.00016293380758725107,0.005602699937298894,0.0,0.0,9.538956510368735e-05,0.10516972160385302,0.30972908844034114,0.10129280379574328,0.0,0.0,0.0,0.094830278396147,0.19027091155965886,0.07870719620425672,0.24,0.16,0.52
21,1.190980707577819e-05,-13.35317630221874,-6.515298999103507e-05,13.894395163299775,7.919830757849383e-05,2.7705631566732336e-08,-17.401630401611328,0.00026227132184430957,-8.24613094329834,4.192271808278747e-05,-9.365170262753963e-05,0.0001602434931555763,9.31502872845158e-05,0.0055954999988898635,0.0,0.0,9.538956510368735e-05,0.10516972160385302,0.30972908844034114,0.10129280379574328,0.0,0.0,0.0,0.094830278396147,0.19027091155965886,0.07870719620425672,0.24,0.16,0.52
22,1.1534003838055574e-05,-17.663769039908306,-0.0002124206866308779,9.612289513495297,-0.00025495355258752265,1.9357977976142138e-07,-15.457575798034668,0.0007052040891721845,-7.257023334503174,-0.00013076870527584106,-0.0002803067327477038,0.00040087976958602667,0.0001873775472631678,0.005822299979627132,0.0,0.0,9.538956510368735e-05,0.10516972160385302,0.30972908844034114,0.10129280379574328,0.0,0.0,0.0,0.094830278396147,0.19027091155965886,0.07870719620425672,0.24,0.16,0.52
23,2.327478937413538e-05,-13.082972784966547,-4.465022366072483e-05,11.298588043538954,6.29368995129826e-05,3.842487927840921e-08,-17.074560165405273,0.0002608881623018533,-8.251419067382812,3.383799048606306e-05,-6.035981641616672e-05,0.0002431814355077222,9.01992607396096e-05,0.005552300019189715,0.0,0.0,9.538956510368735e-05,0.10516972160385302,0.30972908844034114,0.10129280379574328,0.0,0.0,0.0,0.094830278396147,0.19027091155965886,0.07870719620425672,0.24,0.16,0.52
24,1.247050088231331e-05,-7.601209885043311,-1.2759785044709513e-05,14.377721892094076,3.881762202313255e-05,3.5114511298672824e-09,-19.467235565185547,9.218146442435682e-05,-9.291751861572266,2.046357076324057e-05,-1.9921517377952114e-05,5.539664562093094e-05,4.819610694539733e-05,0.006394799915142357,0.0,0.0,9.218146442435682e-05,0.10516972160385302,0.30972908844034114,0.10129280379574328,0.0,0.0,0.0,0.094830278396147,0.19027091155965886,0.07870719620425672,0.24,0.16,0.52
25,1.9776186670637188e-05,1.5531490283680018,-1.3638459506174009e-05,8.78787761724032,3.5291381082892494e-05,2.457025516378053e-08,-17.521728515625,0.00015335221542045474,-8.7827730178833,1.8435432139085606e-05,-2.206886165367905e-05,7.925552381493617e-06,0.00021777028450742364,0.005600599921308458,0.0,0.0,9.218146442435682e-05,0.10516972160385302,0.30972908844034114,0.10129280379574328,0.0,0.0,0.0,0.094830278396147,0.19027091155965886,0.07870719620425672,0.24,0.16,0.52
26,1.1723773531570094e-05,-15.830218733911659,8.020367252187434e-05,11.073967664310366,-6.651875014340802e-05,7.181908756592748e-08,-16.449115753173828,0.00037403960595838726,-7.891149044036865,-3.320491669001058e-05,0.00011297957098577172,0.0003055351262446493,0.00015017508121673018,0.005656099994666874,0.0,0.0,9.218146442435682e-05,0.10516972160385302,0.30972908844034114,0.10129280379574328,0.0,0.0,0.0,0.094830278396147,0.19027091155965886,0.07870719620425672,0.24,0.16,0.52
27,2.026757109598876e-05,-14.971944531612168,3.676806560904098e-05,2.6223813014565174,-6.100314303786036e-06,1.9164808406912925e-07,-15.467604637145996,0.000411565211834386,-7.795543193817139,-4.6437435230473056e-07,4.400104808155447e-05,0.0006015129038132727,0.00013268670591060072,0.005606399965472519,0.0,0.0,9.218146442435682e-05,0.10516972160385302,0.30972908844034114,0.10129280379574328,0.0,0.0,0.0,0.094830278396147,0.19027091155965886,0.07870719620425672,0.24,0.16,0.52
28,1.2158067312525895e-05,-9.278125856137063,9.601420945488205e-05,3.4350984041007147,-7.809274755114734e-05,9.542421963715242e-08,-16.164934158325195,0.0003687449498102069,-7.905405521392822,-3.877693961840123e-05,0.00011165166506543756,0.00040214357431977987,3.4489094105083495e-05,0.005641499999910593,0.0,0.0,9.218146442435682e-05,0.10516972160385302,0.30972908844034114,0.10129280379574328,0.0,0.0,0.0,0.094830278396147,0.19027091155965886,0.07870719620425672,0.24,0.16,0.52
29,8.087171279622008e-06,0.007063033487447715,4.203592687073963e-05,5.329336399547302,-1.7566782925705862e-05,1.8952867719690403e-08,-17.78131103515625,0.00018307380378246307,-8.605621337890625,-8.624135261925403e-06,4.800043097930029e-05,0.00010226161975879222,0.00015063685714267194,0.005589299951680005,0.0,0.0,9.218146442435682e-05,0.10516972160385302,0.30972908844034114,0.10129280379574328,0.0,0.0,0.0,0.094830278396147,0.19027091155965886,0.07870719620425672,0.24,0.16,0.52
30,1.259911841911389e-05,-9.36137767043163,-3.9265392228455496e-05,6.1241824837711,5.7289615854105166e-05,5.6075656118537154e-08,-16.696563720703125,0.0002546611940488219,-8.2755765914917,3.12702359224204e-05,-4.818745219381526e-05,0.0003237953351344913,2.6611693101585843e-05,0.005591999972239137,0.0,0.0,9.218146442435682e-05,0.10516972160385302,0.30972908844034114,0.10129280379574328,0.0,0.0,0.0,0.094830278396147,0.19027091155965886,0.07870719620425672,0.24,0.16,0.52
31,1.1574860339899396e-05,-16.21338278641629,0.00011703274159810835,14.706688805391487,-0.0001044706170397801,6.248004069675517e-08,-16.58841896057129,0.0003985472139902413,-7.82768440246582,-5.351558866095729e-05,0.0001763497421052307,0.00017663859762251377,0.00016072521975729614,0.005545299965888262,0.0,0.0,9.218146442435682e-05,0.10516972160385302,0.30972908844034114,0.10129280379574328,0.0,0.0,0.0,0.094830278396147,0.19027091155965886,0.07870719620425672,0.24,0.16,0.52
32,1.1707627718079694e-05,-15.617700961565369,6.20246257187983e-05,7.521989478620642,1.9643816683990496e-05,1.1158725499171851e-07,-16.008459091186523,0.0003831778303720057,-7.867011547088623,1.2174941730336286e-05,8.149495261022821e-05,0.0004343621840234846,0.00014465369167737663,0.005776099977083504,0.0,0.0,9.218146442435682e-05,0.10516972160385302,0.30972908844034114,0.10129280379574328,0.0,0.0,0.0,0.094830278396147,0.19027091155965886,0.07870719620425672,0.24,0.16,0.52
33,-9.9622977984075e-06,-9.45905515340754,1.6948892231660676e-05,11.664961838153658,-2.57919750407915e-05,1.3958168842975738e-08,-18.087200164794922,0.00012276548659428954,-9.005234718322754,-1.2656307262659539e-05,2.3554748622700572e-05,0.00016239301476161927,1.0715840289776679e-05,0.005797499907203019,0.0,0.0,9.218146442435682e-05,0.10516972160385302,0.30972908844034114,0.10129280379574328,0.0,0.0,0.0,0.094830278396147,0.19027091155965886,0.07870719620425672,0.24,0.16,0.52
34,1.2370520499827843e-05,-8.613869585294456,0.00020940965261800385,-8.482306124143154,0.0004790894804942901,3.7152591403355473e-07,-14.805646896362305,0.0008325798553414643,-7.090981483459473,0.0002524821029510349,0.00017507212760392576,0.0007413033745251596,6.874783866805956e-05,0.005553200026042759,0.0,0.0,9.218146442435682e-05,0.10516972160385302,0.30972908844034114,0.10129280379574328,0.0,0.0,0.0,0.094830278396147,0.19027091155965886,0.07870719620425672,0.24,0.16,0.52
35,1.187970934873993e-05,-14.261775955775775,0.00011752703173266902,8.481512867846364,-0.00010124761666035651,1.0071357792185154e-07,-16.110984802246094,0.00044806525693275034,-7.710571765899658,-5.098882320453413e-05,0.00015497331332881004,0.00036653410643339157,0.00011767214891733602,0.005662200041115284,0.0,0.0,9.218146442435682e-05,0.10516972160385302,0.30972908844034114,0.10129280379574328,0.0,0.0,0.0,0.094830278396147,0.19027091155965886,0.07870719620425672,0.24,0.16,0.52
36,1.2197177711828978e-05,-15.89775722280534,6.078895255232987e-05,11.90940930213984,2.1508687403191512e-05,5.738652220088625e-08,-16.6734561920166,0.00031398990540765226,-8.066149711608887,1.2435692951839883e-05,8.775213791523129e-05,0.0002756091707851738,0.00015199495828710496,0.0055954999988898635,0.0,0.0,9.218146442435682e-05,0.10516972160385302,0.30972908844034114,0.10129280379574328,0.0,0.0,0.0,0.094830278396147,0.19027091155965886,0.07870719620425672,0.24,0.16,0.52
37,9.813318058657071e-06,-11.26725751052634,-3.28915839717264e-05,13.421034256936629,-7.914095657811027e-05,1.4848509977127833e-08,-18.025365829467773,0.0001806639484129846,-8.618871688842773,-4.049526251037605e-05,-4.6980327169876546e-05,0.0001413279678672552,4.5048749598208815e-05,0.007828000001609325,0.0,0.0,9.218146442435682e-05,0.10516972160385302,0.30972908844034114,0.10129280379574328,0.0,0.0,0.0,0.094830278396147,0.19027091155965886,0.07870719620425672,0.24,0.16,0.52
38,1.200312339358689e-05,-8.298935660709269,4.127718181086429e-05,15.541049294022294,-1.9785566229907846e-06,5.018098381270875e-09,-19.110214233398438,9.757195948623121e-05,-9.234920501708984,-8.465295309179055e-07,6.13680385868065e-05,3.4262029657838866e-05,3.645276228780858e-05,0.005551700014621019,0.0,0.0,9.218146442435682e-05,0.10516972160385302,0.30972908844034114,0.10129280379574328,0.0,0.0,0.0,0.094830278396147,0.19027091155965886,0.07870719620425672,0.24,0.16,0.52
39,-0.00014607268340367582,-17.46111168499976,0.00018613152526748556,13.503507103184022,-0.00017491355278908047,1.297684804058008e-07,-15.857513427734375,0.000578388455323875,-7.455265045166016,-8.985219756141305e-05,0.0002727916289586574,0.00024283745733555406,0.0001886518730316311,0.0055828000186011195,0.0,0.0,9.218146442435682e-05,0.10516972160385302,0.30972908844034114,0.10129280379574328,0.0,0.0,0.0,0.094830278396147,0.19027091155965886,0.07870719620425672,0.24,0.16,0.52
40,1.261809014452733e-05,-7.755924844699041,0.00015354514745922175,9.546388262583827,-0.00013531931902874828,6.443318056881253e-08,-16.557636260986328,0.00037866862840019166,-7.878849029541016,-6.949077942408621e-05,0.00020405363466124982,0.0001882820506580174,2.1966392523609102e-05,0.011701200040988624,0.0,0.0,9.218146442435682e-05,0.10516972160385302,0.30972908844034114,0.10129280379574328,0.0,0.0,0.0,0.094830278396147,0.19027091155965886,0.07870719620425672,0.24,0.16,0.52
41,1.2431264789249607e-05,-6.5628418076254915,0.0013524200242342756,-2.3414634733676856,0.001430965440154407,2.491245822966448e-06,-12.902728080749512,0.0023430599831044674,-6.056297302246094,0.0007462883950211108,0.0013488559052348137,0.0004790539387613535,1.6777314158389345e-05,0.005576200084760785,0.0,0.0,9.218146442435682e-05,0.10516972160385302,0.30972908844034114,0.10129280379574328,0.0,0.0,0.0,0.094830278396147,0.19027091155965886,0.07870719620425672,0.24,0.16,0.52
42,1.2393848389468154e-05,-8.625298641551051,5.3512519905421766e-05,14.66226722469867,1.2417442135823612e-05,8.530681050444855e-09,-18.57959747314453,0.0001293850946240127,-8.952717781066895,6.76835588819813e-06,7.865722000133246e-05,6.307688454398885e-05,2.484213291609194e-05,0.005579099990427494,0.0,0.0,9.218146442435682e-05,0.10516972160385302,0.30972908844034114,0.10129280379574328,0.0,0.0,0.0,0.094830278396147,0.19027091155965886,0.07870719620425672,0.24,0.16,0.52
43,1.2567528207974942e-05,-6.737240559407393,7.110452307832912e-05,14.799008558975544,-6.40127027926861e-05,1.501077129262285e-08,-18.014497756958008,0.0001889000996015966,-8.574292182922363,-3.311377440695651e-05,0.00010415237193228677,3.1622243113815784e-05,7.1645641583018e-05,0.005674800020642579,0.0,0.0,9.218146442435682e-05,0.10516972160385302,0.30972908844034114,0.10129280379574328,0.0,0.0,0.0,0.094830278396147,0.19027091155965886,0.07870719620425672,0.24,0.16,0.52
44,1.202060138510486e-05,-8.706428940033657,-6.697498255623189e-05,9.478630739434637,-0.00010818148140021174,3.3201100535507067e-08,-17.22068214416504,0.0002532186626922339,-8.281257629394531,-5.52818164578639e-05,-8.934863581089303e-05,0.0002104235754813999,6.75285355100641e-06,0.007052000029943883,0.0,0.0,9.218146442435682e-05,0.10516972160385302,0.30972908844034114,0.10129280379574328,0.0,0.0,0.0,0.094830278396147,0.19027091155965886,0.07870719620425672,0.24,0.16,0.52
45,7.802066086866413e-06,-10.323827430602577,-0.00012313279607509652,1.3072946300743096,0.00013117289627517028,1.4980882667714468e-07,-15.713906288146973,0.0004842819180339575,-7.632843494415283,7.04773046891205e-05,-0.00013434202992357314,0.0005001312238164246,5.8793950302060694e-05,0.005587399937212467,0.0,0.0,9.218146442435682e-05,0.10516972160385302,0.30972908844034114,0.10129280379574328,0.0,0.0,0.0,0.094830278396147,0.19027091155965886,0.07870719620425672,0.24,0.16,0.52
46,1.1885425699086613e-05,-12.580697902726735,2.176551332563031e-05,7.938729892305485,-1.5339503608026697e-05,6.428609111708283e-08,-16.55992317199707,0.00025095208548009396,-8.29024887084961,-6.405614840332419e-06,2.934192707471084e-05,0.00034586104447953403,8.454804628854617e-05,0.005581500008702278,0.0,0.0,9.218146442435682e-05,0.10516972160385302,0.30972908844034114,0.10129280379574328,0.0,0.0,0.0,0.094830278396147,0.19027091155965886,0.07870719620425672,0.24,0.16,0.52
47,2.4215905109017565e-05,-2.103415118409109,-9.74452695231099e-05,16.05654157799978,-0.00013028003037231497,4.955229826464347e-08,-16.82023811340332,0.00035020304494537413,-7.956997394561768,-6.79784789099358e-05,-0.00015239318599924445,6.017971463734284e-05,0.0001994830381590873,0.005650700069963932,0.0,0.0,9.218146442435682e-05,0.10516972160385302,0.30972908844034114,0.10129280379574328,0.0,0.0,0.0,0.094830278396147,0.19027091155965886,0.07870719620425672,0.24,0.16,0.52
48,1.2776194296671784e-05,-7.343930205839798,-1.4910017062959798e-06,6.877014345232679,1.560096541753685e-05,3.1901308261694794e-08,-17.260618209838867,0.0001463461812818423,-8.829535484313965,9.273346222471446e-06,-2.372363496760954e-06,0.0002515998494345695,1.780108141247183e-05,0.0057215000269934535,0.0,0.0,9.218146442435682e-05,0.10516972160385302,0.30972908844034114,0.10129280379574328,0.0,0.0,0.0,0.094830278396147,0.19027091155965886,0.07870719620425672,0.24,0.16,0.52
49,1.226745274118794e-05,-8.380595743209696,1.792684868489436e-05,9.362590669360275,-4.1543042689186264e-05,2.238922292008283e-08,-17.614686965942383,0.00015221713692881167,-8.790202140808105,-2.064570799120702e-05,2.346537439734675e-05,0.00020672367827501148,9.488447176408954e-06,0.005703700007870793,0.0,0.0,9.218146442435682e-05,0.10516972160385302,0.30972908844034114,0.10129280379574328,0.0,0.0,0.0,0.094830278396147,0.19027091155965886,0.07870719620425672,0.24,0.16,0.52
50,1.2947903852575377e-05,-0.5287902627120071,-3.715048569881534e-05,9.339519312280624,-7.85397933035907e-05,2.1023868868041973e-08,-17.6776065826416,0.00020280534226913005,-8.503263473510742,-4.060860374011099e-05,-5.274623617879115e-05,4.152971087023616e-05,0.00017737128655426204,0.005605299957096577,0.0,0.0,9.218146442435682e-05,0.10516972160385302,0.30972908844034114,0.10129280379574328,0.0,0.0,0.0,0.094830278396147,0.19027091155965886,0.07870719620425672,0.24,0.16,0.52
51,1.6089251578237912e-05,-9.07670915973766,-0.000136532435433131,4.022372736292631,0.00014716677897222581,1.0388179561005018e-07,-16.08001136779785,0.0004421194607857615,-7.723930358886719,7.825364446034655e-05,-0.00016005247016437352,0.0003787461610045284,2.888051858462859e-05,0.0058253000024706125,0.0,0.0,9.218146442435682e-05,0.10516972160385302,0.30972908844034114,0.10129280379574328,0.0,0.0,0.0,0.094830278396147,0.19027091155965886,0.07870719620425672,0.24,0.16,0.52
52,1.1845095203823211e-05,-13.348299657350323,0.00022217733421783963,9.470574500958573,-0.00021331574537258692,1.5354372351339407e-07,-15.68928050994873,0.0006113473791629076,-7.399845123291016,-0.00010951006697723642,0.0002972147485706955,0.00031113202567212284,9.811313066165894e-05,0.0056078999768942595,0.0,0.0,9.218146442435682e-05,0.10516972160385302,0.30972908844034114,0.10129280379574328,0.0,0.0,0.0,0.094830278396147,0.19027091155965886,0.07870719620425672,0.24,0.16,0.52
53,1.1710828076731224e-05,-15.727510462594813,0.00013847380043635052,12.131273414792675,0.00010167615353141988,8.779713311923842e-08,-16.24823760986328,0.00045775584294460714,-7.689174652099609,5.4071846534498036e-05,0.00019746141333598644,0.0002641415048856288,0.0001483036467107013,0.005551800015382469,0.0,0.0,9.218146442435682e-05,0.10516972160385302,0.30972908844034114,0.10129280379574328,0.0,0.0,0.0,0.094830278396147,0.19027091155965886,0.07870719620425672,0.24,0.16,0.52
54,1.2789558280037899e-05,-10.674412293404577,-3.392013873664185e-05,11.922722798601761,4.224440978723301e-05,1.9084712477024368e-08,-17.774377822875977,0.0001762970059644431,-8.643340110778809,2.2787142370361835e-05,-4.714519309345633e-05,0.00017728254897519946,3.544677747413516e-05,0.005628500017337501,0.0,0.0,9.218146442435682e-05,0.10516972160385302,0.30972908844034114,0.10129280379574328,0.0,0.0,0.0,0.094830278396147,0.19027091155965886,0.07870719620425672,0.24,0.16,0.52
55,1.1678127967331327e-05,-11.354639804890958,0.0002781224811775785,10.165555722533554,0.00024100846533137689,1.8935961065835727e-07,-15.479618072509766,0.0006530854152515531,-7.333802700042725,0.0001264489401364699,0.00037645723205059767,0.00024555440177209675,5.48041716683656e-05,0.005463000037707388,0.0,0.0,9.218146442435682e-05,0.10516972160385302,0.30972908844034114,0.10129280379574328,0.0,0.0,0.0,0.094830278396147,0.19027091155965886,0.07870719620425672,0.24,0.16,0.52
56,1.238114596341424e-05,-4.300982416078255,-3.388828191867642e-05,16.471731499589048,4.4750550336683516e-05,1.4871742060051929e-08,-18.0238037109375,0.00017103535356000066,-8.673640251159668,2.3119371689972468e-05,-5.4958873079158366e-05,4.1229610360460356e-05,0.0001446846144972369,0.0058024999452754855,0.0,0.0,9.218146442435682e-05,0.10516972160385302,0.30972908844034114,0.10129280379574328,0.0,0.0,0.0,0.094830278396147,0.19027091155965886,0.07870719620425672,0.24,0.16,0.52
57,1.3050742068029961e-05,1.9058591317014504,0.0018161196118143058,-15.66825509237396,0.0005921162331091872,1.5334118188548018e-06,-13.388015747070312,0.0016891222912818193,-6.383546352386475,0.0003097912122029811,0.001164611428976059,0.0004018477338831872,2.759168273769319e-05,0.005753799923695624,0.0,0.0,9.218146442435682e-05,0.10516972160385302,0.30972908844034114,0.10129280379574328,0.0,0.0,0.0,0.094830278396147,0.19027091155965886,0.07870719620425672,0.24,0.16,0.52
58,1.1167133933938125e-05,-9.251986985279872,6.231418443282608e-05,11.93200406658111,2.3325957615590677e-05,1.9166227716027606e-08,-17.770116806030273,0.00017921713879331946,-8.626912117004395,1.2833398614020552e-05,8.719288598513231e-05,0.000150799096445553,7.582629677926889e-06,0.009484200039878488,0.0,0.0,9.218146442435682e-05,0.10516972160385302,0.30972908844034114,0.10129280379574328,0.0,0.0,0.0,0.094830278396147,0.19027091155965886,0.07870719620425672,0.24,0.16,0.52
59,1.16727556931465e-05,-3.731072744397766,3.1277593451169376e-05,11.370402515530666,-5.678964980949649e-06,1.1108000741444357e-08,-18.31559944152832,0.00013609424058813602,-8.902162551879883,-2.631532197483466e-06,4.0895258280215785e-05,6.324306013993919e-05,0.00012189184781163931,0.005539200035855174,0.0,0.0,9.218146442435682e-05,0.10516972160385302,0.30972908844034114,0.10129280379574328,0.0,0.0,0.0,0.094830278396147,0.19027091155965886,0.07870719620425672,0.24,0.16,0.52
60,1.1846109771536948e-05,-11.663534169280283,8.198354379612078e-06,2.5640966953039137,-2.8951710670518854e-05,1.2893853806872357e-07,-15.863929748535156,0.00031280622351914644,-8.069926261901855,-1.2786254956154153e-05,1.0544109500187915e-05,0.0005012956098653376,7.765610644128174e-05,0.005585599923506379,0.0,0.0,9.218146442435682e-05,0.10516972160385302,0.30972908844034114,0.10129280379574328,0.0,0.0,0.0,0.094830278396147,0.19027091155965886,0.07870719620425672,0.24,0.16,0.52
61,1.1673721538331695e-05,-15.6278039988322,3.824011752905719e-05,13.83578412301434,-3.395967738914119e-05,3.4304829199527376e-08,-17.18798065185547,0.00024796545039862394,-8.302221298217773,-1.674713166721631e-05,5.819831130793318e-05,0.00019950397836510092,0.00014653601101599634,0.005701499991118908,0.0,0.0,9.218146442435682e-05,0.10516972160385302,0.30972908844034114,0.10129280379574328,0.0,0.0,0.0,0.094830278396147,0.19027091155965886,0.07870719620425672,0.24,0.16,0.52
62,2.166539072962551e-06,-13.476818917869535,-0.001434166844676909,10.225361017924284,0.0014378466913946202,4.363625976111507e-06,-12.342206954956055,0.002881000516936183,-5.8496174812316895,0.0007489899871870875,-0.0019380958983674645,0.00028783673769794405,9.999269241234288e-05,0.005528200068511069,0.0,0.0,9.218146442435682e-05,0.10516972160385302,0.30972908844034114,0.10129280379574328,0.0,0.0,0.0,0.094830278396147,0.19027091155965886,0.07870719620425672,0.24,0.16,0.52
63,1.34115367935011e-05,-15.744192518796906,7.38158928041121e-05,2.9581075118673956,2.2249610806802394e-05,2.0598201899701962e-07,-15.395477294921875,0.0004803746996913105,-7.640944004058838,1.4324993571790401e-05,8.699207683093846e-05,0.0006125624640844762,0.0001455527963116765,0.006155199953354895,0.0,0.0,9.218146442435682e-05,0.10516972160385302,0.30972908844034114,0.10129280379574328,0.0,0.0,0.0,0.094830278396147,0.19027091155965886,0.07870719620425672,0.24,0.16,0.52
64,-6.298626481805736e-07,-9.457254539506,0.0015006438185310674,-10.296119024690071,0.001451265197131395,2.310570152985747e-06,-12.978015899658203,0.002394158858805895,-6.034723281860352,0.0007584424456581473,0.0011751109268516302,0.0008378216298297048,8.338908082805574e-05,0.0057833000319078565,0.0,0.0,9.218146442435682e-05,0.10516972160385302,0.30972908844034114,0.10129280379574328,0.0,0.0,0.0,0.094830278396147,0.19027091155965886,0.07870719620425672,0.24,0.16,0.52
65,1.1121406241185206e-05,-18.417590299560175,-0.00010964395094384505,14.74535063736814,0.00010594065259379632,7.304955573772531e-08,-16.432126998901367,0.0004263266164343804,-7.760304927825928,5.604107354884036e-05,-0.0001591647887835279,0.0002092384675052017,0.00021300306252669543,0.00561209989245981,0.0,0.0,9.218146442435682e-05,0.10516972160385302,0.30972908844034114,0.10129280379574328,0.0,0.0,0.0,0.094830278396147,0.19027091155965886,0.07870719620425672,0.24,0.16,0.52
66,1.32198617944735e-05,-3.871172597457815,0.0003630837496276857,10.455539759848854,-0.0003633043608367224,2.868382296128402e-07,-15.064347267150879,0.0007788845105096698,-7.157647609710693,-0.00018849302432499826,0.0004912333097308874,8.626953058410436e-05,0.00011204678594367579,0.005630000028759241,0.0,0.0,9.218146442435682e-05,0.10516972160385302,0.30972908844034114,0.10129280379574328,0.0,0.0,0.0,0.094830278396147,0.19027091155965886,0.07870719620425672,0.24,0.16,0.52
67,1.3102938985096018e-05,-5.094498287935295,7.407622424933183e-05,7.646799455690811,2.9336169958873352e-05,2.702729773318424e-08,-17.42641830444336,0.00023173418594524264,-8.369919776916504,1.6090647477540188e-05,9.325722203357145e-05,0.00017800166097003967,6.677098281215876e-05,0.005836399970576167,0.0,0.0,9.218146442435682e-05,0.10516972160385302,0.30972908844034114,0.10129280379574328,0.0,0.0,0.0,0.094830278396147,0.19027091155965886,0.07870719620425672,0.24,0.16,0.52
68,1.2486232281836025e-05,-10.926040474860743,-0.00033559068870061035,13.670019840056476,-0.00037808379873568516,2.8470680035752594e-07,-15.071805953979492,0.0007655074005015194,-7.174971580505371,-0.00019600473751779646,-0.00048727108514867723,0.00012798949319403619,3.6473709769779816e-05,0.005842700018547475,0.0,0.0,9.218146442435682e-05,0.10516972160385302,0.30972908844034114,0.10129280379574328,0.0,0.0,0.0,0.094830278396147,0.19027091155965886,0.07870719620425672,0.24,0.16,0.52
69,1.0950817870875847e-05,-15.09562404352495,-0.00011609597354450866,9.806091629948648,-0.0001604394523001918,9.611198947823141e-08,-16.157751083374023,0.00047105445992201567,-7.660536766052246,-8.190105290850624e-05,-0.00015336420619860291,0.0003372144710738212,0.00013436393055599183,0.0061558999586850405,0.0,0.0,9.218146442435682e-05,0.10516972160385302,0.30972908844034114,0.10129280379574328,0.0,0.0,0.0,0.094830278396147,0.19027091155965886,0.07870719620425672,0.24,0.16,0.52
70,1.320428212641713e-05,-9.523652121851475,-2.8567442039136485e-05,8.02104787158359,2.8602347558391137e-05,3.864940723019572e-08,-17.068735122680664,0.00019997466006316245,-8.517319679260254,1.6116633560159244e-05,-3.6609970265999436e-05,0.00027121329912915826,2.3282835172722116e-05,0.005539999925531447,0.0,0.0,9.218146442435682e-05,0.10516972160385302,0.30972908844034114,0.10129280379574328,0.0,0.0,0.0,0.094830278396147,0.19027091155965886,0.07870719620425672,0.24,0.16,0.52
71,1.3320816684666265e-05,-7.228721914084842,9.131384809425255e-05,14.508005070979456,-8.649554218927373e-05,2.2621348350071457e-08,-17.604372024536133,0.00023055939527694136,-8.375001907348633,-4.4739303120877594e-05,0.0001336628629360348,4.6360095439013094e-05,5.7954341173172e-05,0.005616200040094554,0.0,0.0,9.218146442435682e-05,0.10516972160385302,0.30972908844034114,0.10129280379574328,0.0,0.0,0.0,0.094830278396147,0.19027091155965886,0.07870719620425672,0.24,0.16,0.52
72,1.3109155825326342e-05,-10.989405308904479,0.0003393341211181052,9.131845890445128,-0.00034005002211191495,2.701431185414549e-07,-15.124314308166504,0.0007845431100577116,-7.15040922164917,-0.00017558922991156578,0.00044889363925904036,0.00027045392198488116,4.9666563427308574e-05,0.005564699997194111,0.0,0.0,9.218146442435682e-05,0.10516972160385302,0.30972908844034114,0.10129280379574328,0.0,0.0,0.0,0.094830278396147,0.19027091155965886,0.07870719620425672,0.24,0.16,0.52
73,0.00027541197842875006,0.4867107494916393,0.00012010362055513163,12.10793960990463,6.562778770597231e-05,5.4590852727187666e-08,-16.723400115966797,0.00032608344918116927,-8.02835750579834,3.405133247724734e-05,0.00016463351494167,2.691592089831829e-05,0.0002278812462463975,0.005664899945259094,0.0,0.0,9.218146442435682e-05,0.10516972160385302,0.30972908844034114,0.10129280379574328,0.0,0.0,0.0,0.094830278396147,0.19027091155965886,0.07870719620425672,0.24,0.16,0.52
74,1.3230120694395457e-05,-11.284852060177826,0.0001865935953381891,13.47293985597822,-0.0001852878533470312,9.324290317636041e-08,-16.18805694580078,0.00045902474084869027,-7.68640661239624,-9.569761459715664e-05,0.00027066096663475037,0.000139999930979684,4.533238825388253e-05,0.005781400017440319,0.0,0.0,9.218146442435682e-05,0.10516972160385302,0.30972908844034114,0.10129280379574328,0.0,0.0,0.0,0.094830278396147,0.19027091155965886,0.07870719620425672,0.24,0.16,0.52
75,7.34435727154284e-06,-14.14699535042816,0.00012685127818003796,14.035910711549173,8.214372583622142e-05,5.7446303713959423e-08,-16.672414779663086,0.000370989553630352,-7.899336814880371,4.348893344285898e-05,0.00018751177412923425,0.00016822840552777052,0.0001117493084166199,0.005737100029364228,0.0,0.0,9.218146442435682e-05,0.10516972160385302,0.30972908844034114,0.10129280379574328,0.0,0.0,0.0,0.094830278396147,0.19027091155965886,0.07870719620425672,0.24,0.16,0.52
76,8.033202416480786e-06,-5.436426554534781,5.7049569820043434e-05,8.702208227812891,1.2337615430934783e-05,2.041175051203936e-08,-17.707155227661133,0.00019352982053533196,-8.550079345703125,7.169434866227675e-06,7.323292811634019e-05,0.00016002592747099698,6.622899672947824e-05,0.005612900014966726,0.0,0.0,9.218146442435682e-05,0.10516972160385302,0.30972908844034114,0.10129280379574328,0.0,0.0,0.0,0.094830278396147,0.19027091155965886,0.07870719620425672,0.24,0.16,0.52
77,1.0741364824829942e-05,-26.903930200368325,0.0015122451576186696,-1.6554171204761015,-0.0015203251446030308,3.779138296522433e-06,-12.486014366149902,0.00308367726393044,-5.781632423400879,-0.0007851466652937233,0.0015419363044202328,0.0012177671305835247,0.00029542166157625616,0.006043000030331314,0.0,0.0,9.218146442435682e-05,0.10516972160385302,0.30972908844034114,0.10129280379574328,0.0,0.0,0.0,0.094830278396147,0.19027091155965886,0.07870719620425672,0.24,0.16,0.52
78,-9.400179303655248e-06,-15.811448296404816,-8.146071700543878e-05,9.302484402580792,7.88454878133298e-05,9.31435621964738e-08,-16.189123153686523,0.00040855922270566225,-7.802873611450195,4.2679792386479676e-05,-0.00010548053978709504,0.00037170149153098464,0.00014909633318893611,0.005772900069132447,0.0,0.0,9.218146442435682e-05,0.10516972160385302,0.30972908844034114,0.10129280379574328,0.0,0.0,0.0,0.094830278396147,0.19027091155965886,0.07870719620425672,0.24,0.16,0.52
79,6.285520265056055e-06,-15.746014505426462,-0.0002259952367641885,6.776947609855039,-0.0002606237546456234,2.1589798393506499e-07,-15.34846019744873,0.0007205046713352203,-7.23555850982666,-0.00013342387683223933,-0.000280705833574757,0.0004658574762288481,0.00014689253293909132,0.005806999979540706,0.0,0.0,9.218146442435682e-05,0.10516972160385302,0.30972908844034114,0.10129280379574328,0.0,0.0,0.0,0.094830278396147,0.19027091155965886,0.07870719620425672,0.24,0.16,0.52
80,-4.970544844685419e-05,0.722837512566759,3.9213748445424796e-05,13.474163934386697,-3.2658783141753024e-05,3.5114595675622695e-08,-17.164648056030273,0.0002198208967456594,-8.422697067260742,-1.7178948837681673e-05,5.1992476073792204e-05,5.3587624279316515e-05,0.00024771131575107574,0.005747399991378188,0.0,0.0,9.218146442435682e-05,0.10516972160385302,0.30972908844034114,0.10129280379574328,0.0,0.0,0.0,0.094830278396147,0.19027091155965886,0.07870719620425672,0.24,0.16,0.52
81,-0.0001239064248642987,-4.109989442391906,-0.00015094396617530234,12.384835566530862,0.00015552058778806833,6.164015786680466e-08,-16.601951599121094,0.00038109946763142943,-7.872450351715088,8.111992792692035e-05,-0.00021608435781672597,4.744161560665816e-05,0.00012034875544486567,0.005620100069791079,0.0,0.0,9.218146442435682e-05,0.10516972160385302,0.30972908844034114,0.10129280379574328,0.0,0.0,0.0,0.094830278396147,0.19027091155965886,0.07870719620425672,0.24,0.16,0.52
82,8.749894353087154e-06,-7.868403508326621,0.00014024611326150238,9.005177054086893,0.00010278068013304412,5.817625137183313e-08,-16.659788131713867,0.00035006593680009246,-7.957388877868652,5.439858068712056e-05,0.0001842271158238873,0.00020555978699121624,1.7320702681900002e-05,0.0057243999326601624,0.0,0.0,9.218146442435682e-05,0.10516972160385302,0.30972908844034114,0.10129280379574328,0.0,0.0,0.0,0.094830278396147,0.19027091155965886,0.07870719620425672,0.24,0.16,0.52
83,4.3935005227408816e-05,0.49446813228751685,3.663551876858698e-05,9.718008881349363,-3.2515900757148655e-05,2.319688263696662e-08,-17.579248428344727,0.0001708582421997562,-8.674675941467285,-1.6798519936855882e-05,4.506872937781736e-05,1.4099136024015024e-05,0.0002038828533841297,0.005592299974523485,0.0,0.0,9.218146442435682e-05,0.10516972160385302,0.30972908844034114,0.10129280379574328,0.0,0.0,0.0,0.094830278396147,0.19027091155965886,0.07870719620425672,0.24,0.16,0.52
84,1.1432219858905788e-05,-1.020764863339138,8.227090120490452e-05,9.216058130094094,9.802213064125204e-05,2.8922210404402904e-08,-17.35865592956543,0.00026661192532628775,-8.229716300964355,5.125901952851564e-05,0.0001056323162629269,5.406159834819846e-05,0.00016537962073925883,0.0057966000167652965,0.0,0.0,9.218146442435682e-05,0.10516972160385302,0.30972908844034114,0.10129280379574328,0.0,0.0,0.0,0.094830278396147,0.19027091155965886,0.07870719620425672,0.24,0.16,0.52
85,0.00014494751049570547,-22.877882686548332,0.0001358736776945579,0.11635037896440407,-0.00013869781506733683,5.329800956133113e-07,-14.444781303405762,0.0008290874538943172,-7.095184803009033,-6.777165253879502e-05,0.0001491534785600379,0.0009746504947543144,0.00024967407807707787,0.006611900054849684,0.0,0.0,9.218146442435682e-05,0.10516972160385302,0.30972908844034114,0.10129280379574328,0.0,0.0,0.0,0.094830278396147,0.19027091155965886,0.07870719620425672,0.24,0.16,0.52
86,1.1294895984714335e-05,-10.757248128303385,-6.479165388872094e-05,15.656962972578476,-9.10409179108467e-05,1.4237584444742879e-08,-18.067380905151367,0.00019079537014476955,-8.564309120178223,-4.702500154962763e-05,-9.773781494004652e-05,6.486224447144195e-05,2.7202844648854807e-05,0.005589899956248701,0.0,0.0,9.218146442435682e-05,0.10516972160385302,0.30972908844034114,0.10129280379574328,0.0,0.0,0.0,0.094830278396147,0.19027091155965886,0.07870719620425672,0.24,0.16,0.52
87,-3.0227435805862796e-05,-14.64944046148967,8.56130995933792e-05,-9.150201709510991,1.614105898833095e-05,5.583388542618195e-07,-14.398300170898438,0.0006720785167999566,-7.305135250091553,1.307587262999732e-05,7.186746370280161e-05,0.001043507014401257,0.00013076337927486748,0.005616000038571656,0.0,0.0,9.218146442435682e-05,0.10516972160385302,0.30972908844034114,0.10129280379574328,0.0,0.0,0.0,0.094830278396147,0.19027091155965886,0.07870719620425672,0.24,0.16,0.52
88,1.312804065555298e-06,-26.85375309903239,0.0007632931775977431,-1.4415240594450636,-0.0007684834840154709,1.5409613070005435e-06,-13.38310432434082,0.0019297469407320023,-6.2503662109375,-0.00039425003342330456,0.0007854072609916329,0.00120399403385818,0.0002961852587759495,0.0058290999149903655,0.0,0.0,9.218146442435682e-05,0.10516972160385302,0.30972908844034114,0.10129280379574328,0.0,0.0,0.0,0.094830278396147,0.19027091155965886,0.07870719620425672,0.24,0.16,0.52
89,1.0767488308555492e-05,-15.313859784795428,-0.0002710304007951766,13.390731622111986,-0.0003062051360334632,2.0846545112362946e-07,-15.383492469787598,0.0007224323926493526,-7.232886791229248,-0.00015826527669560164,-0.00038933020550757647,0.00021049649512860924,0.0001391772530041635,0.005703400005586445,0.0,0.0,9.218146442435682e-05,0.10516972160385302,0.30972908844034114,0.10129280379574328,0.0,0.0,0.0,0.094830278396147,0.19027091155965886,0.07870719620425672,0.24,0.16,0.52
90,1.2077261876324987e-05,-7.883731526942573,3.923429573341554e-05,6.677532866578554,2.7289053310477665e-06,3.898247058486959e-08,-17.06015396118164,0.00019064245861954987,-8.56511116027832,2.663015948201064e-06,4.8767640691949055e-05,0.00027042601141147316,7.997588909347542e-06,0.005593199981376529,0.0,0.0,9.218146442435682e-05,0.10516972160385302,0.30972908844034114,0.10129280379574328,0.0,0.0,0.0,0.094830278396147,0.19027091155965886,0.07870719620425672,0.24,0.16,0.52
91,7.325087364033362e-06,-12.610930993983843,-0.00017552115300060564,11.965142543568508,0.00017531749914065153,9.409593815234985e-08,-16.178951263427734,0.0004825184296350926,-7.636491298675537,9.21366226975806e-05,-0.0002450801257509738,0.00021185939840506762,7.87439857958816e-05,0.005518699996173382,0.0,0.0,9.218146442435682e-05,0.10516972160385302,0.30972908844034114,0.10129280379574328,0.0,0.0,0.0,0.094830278396147,0.19027091155965886,0.07870719620425672,0.24,0.16,0.52
92,-9.022631971602619e-06,-5.673443175731658,3.113667650229612e-05,9.026732134166151,-1.3745646641652908e-05,1.5966200805905828e-08,-17.952791213989258,0.0001562660763738677,-8.76395034790039,-6.407215551007539e-06,3.967394877690822e-05,0.0001571999309817329,6.316989311017096e-05,0.005621899967081845,0.0,0.0,9.218146442435682e-05,0.10516972160385302,0.30972908844034114,0.10129280379574328,0.0,0.0,0.0,0.094830278396147,0.19027091155965886,0.07870719620425672,0.24,0.16,0.52
93,-0.00011307793359133876,-15.232428036080796,-3.459938119560072e-06,7.376980693896316,-2.0547127056289577e-05,1.0205501155269303e-07,-16.097753524780273,0.00029454208561219275,-8.130088806152344,-8.741831152292434e-06,-2.084941115754191e-06,0.00043027542415075004,0.00013715517707169056,0.005686300108209252,0.0,0.0,9.218146442435682e-05,0.10516972160385302,0.30972908844034114,0.10129280379574328,0.0,0.0,0.0,0.094830278396147,0.19027091155965886,0.07870719620425672,0.24,0.16,0.52
94,3.9993606187509566e-05,-15.118624248499,4.495756660665201e-05,9.693707716049204,-4.431015172720346e-05,7.187050243828708e-08,-16.448400497436523,0.0003222022787667811,-8.04033088684082,-2.1493213353096507e-05,6.236500485101715e-05,0.00034183927346020937,0.00013484888768289238,0.006282800110056996,0.0,0.0,9.218146442435682e-05,0.10516972160385302,0.30972908844034114,0.10129280379574328,0.0,0.0,0.0,0.094830278396147,0.19027091155965886,0.07870719620425672,0.24,0.16,0.52
95,-3.530937087722457e-05,-10.528253567752452,-0.0003064465472731595,18.376837167389862,0.00030902359191583494,2.645167285209027e-07,-15.145360946655273,0.0006659587379544973,-7.3142828941345215,0.00016063195653259754,-0.00048828095896169543,1.9340606741025113e-05,1.4751029084436595e-05,0.006932099931873381,0.0,0.0,9.218146442435682e-05,0.10516972160385302,0.30972908844034114,0.10129280379574328,0.0,0.0,0.0,0.094830278396147,0.19027091155965886,0.07870719620425672,0.24,0.16,0.52
96,5.0764488913158904e-05,-8.717745343760711,0.00011843817347689906,10.14356592738701,-0.00011600284412014117,4.742027215343114e-08,-16.864215850830078,0.00031862041214480996,-8.051509857177734,-5.943296855548397e-05,0.00015964214981067926,0.00019170338055118918,7.387187906715553e-06,0.005827300017699599,0.0,0.0,9.218146442435682e-05,0.10516972160385302,0.30972908844034114,0.10129280379574328,0.0,0.0,0.0,0.094830278396147,0.19027091155965886,0.07870719620425672,0.24,0.16,0.52
97,4.1145409573885674e-06,-0.17268226442141135,-0.00013303789543078772,10.984193383053695,-0.00017610460829200873,6.349289805029912e-08,-16.572338104248047,0.0003815302043221891,-7.871320724487305,-9.150854748440906e-05,-0.0001867674000095576,5.399322617449798e-06,0.00020110914192628115,0.005649499944411218,0.0,0.0,9.218146442435682e-05,0.10516972160385302,0.30972908844034114,0.10129280379574328,0.0,0.0,0.0,0.094830278396147,0.19027091155965886,0.07870719620425672,0.24,0.16,0.52
98,0.00012510891330198357,-13.392494938842763,1.2061282301506509e-05,8.923226668151358,-2.0188748760369212e-05,6.013933528947746e-08,-16.626602172851562,0.0002417977957520634,-8.327408790588379,-8.995192729344126e-06,1.7470651073381305e-05,0.00033102702582255006,9.963687625713646e-05,0.005689500016160309,0.0,0.0,9.218146442435682e-05,0.10516972160385302,0.30972908844034114,0.10129280379574328,0.0,0.0,0.0,0.094830278396147,0.19027091155965886,0.07870719620425672,0.24,0.16,0.52
99,-4.924755893817105e-05,-5.520081638465517,-0.00024849749899996,2.1846283102259227,-0.00028338324332541923,1.5262658337178436e-07,-15.695271492004395,0.0006008399068377912,-7.417181968688965,-0.00014586260658688843,-0.0002796885964926332,0.00032495110644958913,2.5626331989769824e-05,0.005757200066000223,0.0,0.0,9.218146442435682e-05,0.10516972160385302,0.30972908844034114,0.10129280379574328,0.0,0.0,0.0,0.094830278396147,0.19027091155965886,0.07870719620425672,0.24,0.16,0.52
100,-3.3024282394415434e-06,-9.344320770177372,7.28539812583844e-05,4.715396913161222,-7.057343556596462e-05,7.615346930833766e-08,-16.390514373779297,0.0003207774425391108,-8.04476261138916,-3.503136395011097e-05,8.739589975448325e-05,0.0003655190812423825,3.118124732282013e-05,0.005730899982154369,0.0,0.0,9.218146442435682e-05,0.10516972160385302,0.30972908844034114,0.10129280379574328,0.0,0.0,0.0,0.094830278396147,0.19027091155965886,0.07870719620425672,0.24,0.16,0.52
0,10.0,-10.0,0.0,10.0,0.0,2.664279996622554e-08,-17.440746307373047,0.00016519649943802506,-8.708374977111816,-4.810091240869951e-07,-3.472792968750582e-06,0.00013611702888738364,0.00018636837194208056,0.007347900071181357,0.0,1.0,0.00016519649943802506,0.10830143877856734,0.3660878438295405,0.28538438817151246,4.579348812333396e-16,3.0621369109442595e-18,5.49197078287983e-20,0.09169856122143268,0.13391215617045948,0.10538438817151247,0.23999999999999955,0.16,0.52
1,-1.033668206398037,9.024666842647687,-1.8979136921343843e-05,-1.958733510207025,-1.9424950079927375e-05,1.895172019317215e-08,-17.7813720703125,0.00014663154433947057,-8.827588081359863,-1.0196712537435815e-05,-2.2715923478244804e-05,4.0235958294942975e-05,0.00018720186199061573,0.0061975999269634485,0.0,1.0,0.00014663154433947057,0.10830143877856734,0.3660878438295405,0.28538438817151246,4.579348812333396e-16,3.0621369109442595e-18,5.49197078287983e-20,0.09169856122143268,0.13391215617045948,0.10538438817151247,0.23999999999999955,0.16,0.52
2,1.3768344782054441e-05,-6.49259605545532,0.0005478118518871515,13.003992097495715,-0.00020110464339541547,6.303295094767236e-07,-14.277023315429688,0.0009586021187715232,-6.9500346183776855,-0.00010421357728773728,0.0007838954334147274,7.328215724555776e-05,6.770402251277119e-05,0.005768800037913024,0.0,1.0,0.00014663154433947057,0.10830143877856734,0.3660878438295405,0.28538438817151246,4.579348812333396e-16,3.0621369109442595e-18,5.49197078287983e-20,0.09169856122143268,0.13391215617045948,0.10538438817151247,0.23999999999999955,0.16,0.52
3,1.2642639548672295e-05,-3.396681618619631,0.00029005410545102507,3.2124179043741017,-0.00029448194296149993,1.6441561001556693e-07,-15.620868682861328,0.0006381155690178275,-7.356991291046143,-0.0001520199148217216,0.00033268012339249253,0.00023763644276186824,6.91945751896128e-05,0.0057987000327557325,0.0,1.0,0.00014663154433947057,0.10830143877856734,0.3660878438295405,0.28538438817151246,4.579348812333396e-16,3.0621369109442595e-18,5.49197078287983e-20,0.09169856122143268,0.13391215617045948,0.10538438817151247,0.23999999999999955,0.16,0.52
4,1.1899216937997701e-05,-14.132114907723931,6.908928059637601e-05,-1.7737192608417418,6.94252081837943e-05,2.866500210529921e-07,-15.065003395080566,0.0005413430044427514,-7.521457672119141,3.942209514207207e-05,7.205917063402012e-05,0.0007382807671092451,0.00012144265929237008,0.005718900007195771,0.0,1.0,0.00014663154433947057,0.10830143877856734,0.3660878438295405,0.28538438817151246,4.579348812333396e-16,3.0621369109442595e-18,5.49197078287983e-20,0.09169856122143268,0.13391215617045948,0.10538438817151247,0.23999999999999955,0.16,0.52
5,1.194436027875975e-05,-12.87041813354391,-5.369080986682632e-05,9.755889160754226,-5.134375324589776e-05,5.1811124279765863e-08,-16.77566146850586,0.00028525388916023076,-8.162131309509277,-2.537363070587162e-05,-7.049695705063641e-05,0.0002910270122811198,8.773962326813489e-05,0.005676300032064319,0.0,1.0,0.00014663154433947057,0.10830143877856734,0.3660878438295405,0.28538438817151246,4.579348812333396e-16,3.0621369109442595e-18,5.49197078287983e-20,0.09169856122143268,0.13391215617045948,0.10538438817151247,0.23999999999999955,0.16,0.52
6,1.2401003667042575e-05,-8.47044850733617,-4.442315429364394e-05,9.331132921041917,-3.665093152091213e-05,2.582301661391284e-08,-17.472000122070312,0.00018617218302097172,-8.588838577270508,-1.8089342120219953e-05,-5.92259420955088e-05,0.0002095458039548248,8.167995474650525e-06,0.011711400002241135,0.0,1.0,0.00014663154433947057,0.10830143877856734,0.3660878438295405,0.28538438817151246,4.579348812333396e-16,3.0621369109442595e-18,5.49197078287983e-20,0.09169856122143268,0.13391215617045948,0.10538438817151247,0.23999999999999955,0.16,0.52
7,1.242333274177168e-05,-5.748811170044895,-0.00011521043751124969,5.619709624981807,-9.754580385385765e-05,5.318671725262902e-08,-16.74945640563965,0.0003340143302921206,-8.004326820373535,-4.959120269631967e-05,-0.00014150605420581996,0.0002442984259687364,4.153570989728905e-05,0.005502499989233911,0.0,1.0,0.00014663154433947057,0.10830143877856734,0.3660878438295405,0.28538438817151246,4.579348812333396e-16,3.0621369109442595e-18,5.49197078287983e-20,0.09169856122143268,0.13391215617045948,0.10538438817151247,0.23999999999999955,0.16,0.52
8,1.1982416543490921e-05,-12.36918593034743,-0.0001165409992382054,11.727042210221917,-0.00017818328585038644,6.038808919583971e-08,-16.622474670410156,0.0003977286396548152,-7.829740524291992,-9.166850941255689e-05,-0.00016159939696080983,0.00021518349240068346,7.373796688625589e-05,0.005716799991205335,0.0,1.0,0.00014663154433947057,0.10830143877856734,0.3660878438295405,0.28538438817151246,4.579348812333396e-16,3.0621369109442595e-18,5.49197078287983e-20,0.09169856122143268,0.13391215617045948,0.10538438817151247,0.23999999999999955,0.16,0.52
9,1.3424192654860527e-05,3.6960308817955116,-7.346005006794039e-05,14.646042941503861,0.00010370372435582643,7.963792825194105e-08,-16.345775604248047,0.00039485387969762087,-7.836994647979736,5.3457068133866414e-05,-0.00011528465984156355,0.00011492311023175716,0.00033730120048858225,0.005592299974523485,0.0,1.0,0.00014663154433947057,0.10830143877856734,0.3660878438295405,0.28538438817151246,4.579348812333396e-16,3.0621369109442595e-18,5.49197078287983e-20,0.09169856122143268,0.13391215617045948,0.10538438817151247,0.23999999999999955,0.16,0.52
10,1.3236990843777362e-05,1.6012632422590718,0.00010931765708280533,9.8912661281893,-0.0001132240634705734,5.041605533051552e-08,-16.802955627441406,0.0003224081883672625,-8.039691925048828,-5.8876856201095507e-05,0.00014235812705010176,1.1625065781117883e-05,0.00023072132898960263,0.005552600021474063,0.0,1.0,0.00014663154433947057,0.10830143877856734,0.3660878438295405,0.28538438817151246,4.579348812333396e-16,3.0621369109442595e-18,5.49197078287983e-20,0.09169856122143268,0.13391215617045948,0.10538438817151247,0.23999999999999955,0.16,0.52
11,1.2085802912708734e-05,-13.223612872888205,-0.0001694400271742313,11.91787046725269,0.00016874624849778967,9.317291471688804e-08,-16.18880844116211,0.00048354442697018385,-7.6343674659729,8.877681830199435e-05,-0.0002360593352932483,0.00022488427930511534,9.253229654859751e-05,0.005746999988332391,0.0,1.0,0.00014663154433947057,0.10830143877856734,0.3660878438295405,0.28538438817151246,4.579348812333396e-16,3.0621369109442595e-18,5.49197078287983e-20,0.09169856122143268,0.13391215617045948,0.10538438817151247,0.23999999999999955,0.16,0.52
12,1.2430145035030817e-05,-7.891605706535499,4.856563618729461e-05,8.689928215700231,0.006,9.767763913259842e-06,-11.536422729492188,0.003299206029623747,-5.714073657989502,0.0031209939625114202,6.306409341050312e-05,0.00021476887923199683,1.5527280993410386e-05,0.005966300028376281,0.0,1.0,0.00014663154433947057,0.10830143877856734,0.3660878438295405,0.28538438817151246,4.579348812333396e-16,3.0621369109442595e-18,5.49197078287983e-20,0.09169856122143268,0.13391215617045948,0.10538438817151247,0.23999999999999955,0.16,0.52
13,1.2087928328354126e-05,-12.602652935315039,0.0003952024341843878,2.9499320735904178,0.00038207626556142535,3.842491764771694e-07,-14.771974563598633,0.0009596658055670559,-6.948925495147705,0.00020101531117688864,0.0004538385255727917,0.0005168550414964557,9.276895434595644e-05,0.002980399993248284,0.0,1.0,0.00014663154433947057,0.10830143877856734,0.3660878438295405,0.28538438817151246,4.579348812333396e-16,3.0621369109442595e-18,5.49197078287983e-20,0.09169856122143268,0.13391215617045948,0.10538438817151247,0.23999999999999955,0.16,0.52
14,1.1912317423898393e-05,-13.747001838938063,5.11962189622098e-05,5.028887128740949,-6.366425853947437e-05,1.248254477559385e-07,-15.896349906921387,0.00038803427014499903,-7.854416847229004,-3.0950857762945816e-05,6.34369280305691e-05,0.0004769903898704797,0.00011030263704014942,0.005780600011348724,0.0,1.0,0.00014663154433947057,0.10830143877856734,0.3660878438295405,0.28538438817151246,4.579348812333396e-16,3.0621369109442595e-18,5.49197078287983e-20,0.09169856122143268,0.13391215617045948,0.10538438817151247,0.23999999999999955,0.16,0.52
15,1.2072672488760552e-05,-10.338403405887089,0.00015358112333995117,6.206995818378101,-0.00016827315750479966,1.0471580935700331e-07,-16.0720157623291,0.0004721134318970144,-7.658291339874268,-8.592336234869435e-05,0.00019057551980949938,0.00034644195693545043,4.4787135266233236e-05,0.005583000020124018,0.0,1.0,0.00014663154433947057,0.10830143877856734,0.3660878438295405,0.28538438817151246,4.579348812333396e-16,3.0621369109442595e-18,5.49197078287983e-20,0.09169856122143268,0.13391215617045948,0.10538438817151247,0.23999999999999955,0.16,0.52
16,1.2197607779157152e-05,-12.661850493899875,-0.00034032672844355185,11.20124879668233,0.0003607791021393,2.8694194043055177e-07,-15.063985824584961,0.0008170418441295624,-7.109820365905762,0.00018869446648750454,-0.00046869495417922735,0.00023821760260034353,8.10872734291479e-05,0.0024501000298187137,0.0,1.0,0.00014663154433947057,0.10830143877856734,0.3660878438295405,0.28538438817151246,4.579348812333396e-16,3.0621369109442595e-18,5.49197078287983e-20,0.09169856122143268,0.13391215617045948,0.10538438817151247,0.23999999999999955,0.16,0.52
17,1.2815126883744185e-05,-1.931955854820879,-0.00013804194411890964,4.194269470170222,0.00012797140311139607,5.248527301660033e-08,-16.762733459472656,0.0003717766376212239,-7.897217273712158,6.738016963936388e-05,-0.00016490831330884248,0.0001754533004714176,0.00010352297977078706,0.0025897000450640917,0.0,1.0,0.00014663154433947057,0.10830143877856734,0.3660878438295405,0.28538438817151246,4.579348812333396e-16,3.0621369109442595e-18,5.49197078287983e-20,0.09169856122143268,0.13391215617045948,0.10538438817151247,0.23999999999999955,0.16,0.52
18,1.4990676691396696e-05,-17.31154289568314,2.4139811541499187e-05,4.421030816101078,-3.575008835731364e-05,1.9711791310328408e-07,-15.43946361541748,0.0004349278169684112,-7.740330696105957,-1.5888404959696345e-05,3.162504071951844e-05,0.0006013662787154317,0.00017346251115668565,0.0027324999682605267,0.0,1.0,0.00014663154433947057,0.10830143877856734,0.3660878438295405,0.28538438817151246,4.579348812333396e-16,3.0621369109442595e-18,5.49197078287983e-20,0.09169856122143268,0.13391215617045948,0.10538438817151247,0.23999999999999955,0.16,0.52
19,1.2430579618011603e-05,-6.620377830603159,0.00018308437177745626,8.355147327285641,-6.136218236014962e-05,7.68724177646618e-08,-16.381118774414062,0.00038517339271493256,-7.861816883087158,-3.099912646575831e-05,0.00023680308368057013,0.00019521576177794486,3.952657789341174e-05,0.0025242000119760633,0.0,1.0,0.00014663154433947057,0.10830143877856734,0.3660878438295405,0.28538438817151246,4.579348812333396e-16,3.0621369109442595e-18,5.49197078287983e-20,0.09169856122143268,0.13391215617045948,0.10538438817151247,0.23999999999999955,0.16,0.52
20,1.1931865902411617e-05,-11.661704353195464,-0.0002467685488393851,11.685409260618657,-0.00025374395700800926,1.5742199366286513e-07,-15.664336204528809,0.0006050366209819913,-7.410221576690674,-0.00013101260992698371,-0.00034341527498327196,0.0002031690237345174,5.804841930512339e-05,0.002027499955147505,0.0,1.0,0.00014663154433947057,0.10830143877856734,0.3660878438295405,0.28538438817151246,4.579348812333396e-16,3.0621369109442595e-18,5.49197078287983e-20,0.09169856122143268,0.13391215617045948,0.10538438817151247,0.23999999999999955,0.16,0.52
21,1.2491882069548265e-05,-8.244127678699883,8.227570803684895e-05,14.615352553950764,-9.731865574028879e-05,1.9466655842848013e-08,-17.754562377929688,0.00021753030887339264,-8.433172225952148,-5.0313552492298186e-05,0.0001210161208291538,5.868276275577955e-05,3.371848652022891e-05,0.005411099991761148,0.0,1.0,0.00014663154433947057,0.10830143877856734,0.3660878438295405,0.28538438817151246,4.579348812333396e-16,3.0621369109442595e-18,5.49197078287983e-20,0.09169856122143268,0.13391215617045948,0.10538438817151247,0.23999999999999955,0.16,0.52
22,1.2918021172019044e-05,-5.18881233970467,-2.0632469558904988e-05,7.277556754431934,-2.8149703971353773e-05,2.0797463307076214e-08,-17.688434600830078,0.00016710252384655178,-8.696903228759766,-1.375181363982847e-05,-2.7486357794259675e-05,0.00018919695867225528,6.253172614378855e-05,0.0025771999498829246,0.0,1.0,0.00014663154433947057,0.10830143877856734,0.3660878438295405,0.28538438817151246,4.579348812333396e-16,3.0621369109442595e-18,5.49197078287983e-20,0.09169856122143268,0.13391215617045948,0.10538438817151247,0.23999999999999955,0.16,0.52
23,1.2394499345931637e-05,-6.196390489757913,-2.5798056102962848e-05,9.667999382374342,-3.40383647517465e-05,1.470256005831061e-08,-18.03524398803711,0.00015664874808862805,-8.761504173278809,-1.6983060049824417e-05,-3.5698478313861415e-05,0.0001522432139609009,5.5691212764941156e-05,0.0024435000959783792,0.0,1.0,0.00014663154433947057,0.10830143877856734,0.3660878438295405,0.28538438817151246,4.579348812333396e-16,3.0621369109442595e-18,5.49197078287983e-20,0.09169856122143268,0.13391215617045948,0.10538438817151247,0.23999999999999955,0.16,0.52
24,1.251759133594957e-05,-6.468368030615999,-8.346544002078785e-05,12.077943490377674,-9.34129784318923e-05,2.305397117652319e-08,-17.58542823791504,0.0002466127625666559,-8.30769157409668,-4.811005783267319e-05,-0.00011876771168317646,9.634687012294307e-05,6.312314508249983e-05,0.00532039999961853,0.0,1.0,0.00014663154433947057,0.10830143877856734,0.3660878438295405,0.28538438817151246,4.579348812333396e-16,3.0621369109442595e-18,5.49197078287983e-20,0.09169856122143268,0.13391215617045948,0.10538438817151247,0.23999999999999955,0.16,0.52
25,1.1715493552853606e-05,-10.313583326938936,0.0001414592239225003,9.016656339569362,0.005195910046312929,7.375646873697406e-06,-11.817326545715332,0.003037430811673403,-5.796743392944336,0.002703060396015644,0.00018681256915442646,0.0002590891963336617,3.602620927267708e-05,0.00535729993134737,0.0,1.0,0.00014663154433947057,0.10830143877856734,0.3660878438295405,0.28538438817151246,4.579348812333396e-16,3.0621369109442595e-18,5.49197078287983e-20,0.09169856122143268,0.13391215617045948,0.10538438817151247,0.23999999999999955,0.16,0.52
26,1.268991494023808e-05,-4.921933829634674,-0.0008944290760282621,9.35041321666238,-0.0009895746767634279,1.6894009604584426e-06,-13.291136741638184,0.001809954410418868,-6.314453601837158,-0.0005139443092048168,-0.001188729889690876,0.0001332495448878035,8.13109363662079e-05,0.00583899999037385,0.0,1.0,0.00014663154433947057,0.10830143877856734,0.3660878438295405,0.28538438817151246,4.579348812333396e-16,3.0621369109442595e-18,5.49197078287983e-20,0.09169856122143268,0.13391215617045948,0.10538438817151247,0.23999999999999955,0.16,0.52
27,1.2584797319161346e-05,-7.328810709282894,-5.2557053319483836e-05,7.125128623754612,3.094059021926882e-05,3.4848561369926756e-08,-17.17225456237793,0.0002160008589271456,-8.440228462219238,1.7218069842783734e-05,-6.691295857308432e-05,0.00024449799093417823,1.9241666450398043e-05,0.0019610999152064323,0.0,1.0,0.00014663154433947057,0.10830143877856734,0.3660878438295405,0.28538438817151246,4.579348812333396e-16,3.0621369109442595e-18,5.49197078287983e-20,0.09169856122143268,0.13391215617045948,0.10538438817151247,0.23999999999999955,0.16,0.52
28,1.183880821287962e-05,-12.513096001264728,4.749002930702763e-05,2.539125419409842,-6.689918862557508e-05,1.4788675173349475e-07,-15.726819038391113,0.0003978227614425123,-7.829504013061523,-3.2400454074377194e-05,5.531573697226122e-05,0.0005283061182126403,9.190697164740413e-05,0.005542999948374927,0.0,1.0,0.00014663154433947057,0.10830143877856734,0.3660878438295405,0.28538438817151246,4.579348812333396e-16,3.0621369109442595e-18,5.49197078287983e-20,0.09169856122143268,0.13391215617045948,0.10538438817151247,0.23999999999999955,0.16,0.52
29,1.2790577642803564e-05,-2.2436180675473816,-9.679065597367988e-05,13.837894290089565,8.341759531792758e-05,3.856229113807785e-08,-17.07099151611328,0.0002836200874298811,-8.167875289916992,4.335259654908441e-05,-0.00014461198588833213,1.4290614672063384e-05,0.00017702036711852998,0.00573649990838021,0.0,1.0,0.00014663154433947057,0.10830143877856734,0.3660878438295405,0.28538438817151246,4.579348812333396e-16,3.0621369109442595e-18,5.49197078287983e-20,0.09169856122143268,0.13391215617045948,0.10538438817151247,0.23999999999999955,0.16,0.52
30,1.1778040654496882e-05,-13.90075415748622,2.8477560554596798e-05,12.633141860801931,1.0446430431110447e-05,3.018763905515698e-08,-17.315834045410156,0.0002085557352984324,-8.47530460357666,6.405585281754611e-06,4.224101940053515e-05,0.00021274256869219244,0.00010707570618251339,0.005883999983780086,0.0,1.0,0.00014663154433947057,0.10830143877856734,0.3660878438295405,0.28538438817151246,4.579348812333396e-16,3.0621369109442595e-18,5.49197078287983e-20,0.09169856122143268,0.13391215617045948,0.10538438817151247,0.23999999999999955,0.16,0.52
31,3.031152300826509e-05,-13.243289233756757,-0.00015382240407832765,11.353209146354073,-0.00027434681217827973,9.907546427712077e-08,-16.127384185791016,0.0005222033360041678,-7.557453632354736,-0.0001415441365679726,-0.0002116057585226372,0.0002444501733407378,9.365670121042058e-05,0.0055954999988898635,0.0,1.0,0.00014663154433947057,0.10830143877856734,0.3660878438295405,0.28538438817151246,4.579348812333396e-16,3.0621369109442595e-18,5.49197078287983e-20,0.09169856122143268,0.13391215617045948,0.10538438817151247,0.23999999999999955,0.16,0.52
32,1.2575545500826477e-05,-7.569525708291571,9.964824592444343e-05,3.694306766293393,-0.0001205803190316588,7.678632840679711e-08,-16.382238388061523,0.0003528418601490557,-7.949490547180176,-6.112104892963544e-05,0.00011601516598602757,0.00034517113817855716,6.240184575290186e-06,0.005611700005829334,0.0,1.0,0.00014663154433947057,0.10830143877856734,0.3660878438295405,0.28538438817151246,4.579348812333396e-16,3.0621369109442595e-18,5.49197078287983e-20,0.09169856122143268,0.13391215617045948,0.10538438817151247,0.23999999999999955,0.16,0.52
33,1.18845357544351e-05,-11.836062927517112,9.89151512116702e-05,4.326481835974332,-0.00011784741285300613,1.2063674148521386e-07,-15.930481910705566,0.00043983577052131295,-7.729109287261963,-5.9252830396872014e-05,0.00011828038259409368,0.00044759412412531674,7.701096183154732e-05,0.002900300081819296,0.0,1.0,0.00014663154433947057,0.10830143877856734,0.3660878438295405,0.28538438817151246,4.579348812333396e-16,3.0621369109442595e-18,5.49197078287983e-20,0.09169856122143268,0.13391215617045948,0.10538438817151247,0.23999999999999955,0.16,0.52
34,1.3339911049936134e-05,-11.974182426149952,0.0001646002736897638,16.36206775970666,0.00014514735826707964,7.309616023576382e-08,-16.431489944458008,0.0003863274469040334,-7.858825206756592,7.57668458390981e-05,0.000253075995715335,5.9381232858868316e-05,5.558799603022635e-05,0.0020865999395027757,0.0,1.0,0.00014663154433947057,0.10830143877856734,0.3660878438295405,0.28538438817151246,4.579348812333396e-16,3.0621369109442595e-18,5.49197078287983e-20,0.09169856122143268,0.13391215617045948,0.10538438817151247,0.23999999999999955,0.16,0.52
35,1.2731508479287512e-05,-4.006825067724261,0.0001830461716396084,7.6682851917810755,-0.00024139073514705908,8.507546311875558e-08,-16.279727935791016,0.00047777907457202673,-7.6463623046875,-0.0001248004409717396,0.0002322254586033523,0.00015222247748170048,8.928393799578771e-05,0.002548399963416159,0.0,1.0,0.00014663154433947057,0.10830143877856734,0.3660878438295405,0.28538438817151246,4.579348812333396e-16,3.0621369109442595e-18,5.49197078287983e-20,0.09169856122143268,0.13391215617045948,0.10538438817151247,0.23999999999999955,0.16,0.52
36,1.230505740807512e-05,-9.625568803605375,-0.00015137801910096888,6.786413712037284,-0.00016680656750551158,9.183359139797176e-08,-16.20328712463379,0.0004447277751751244,-7.718048095703125,-8.531943603884429e-05,-0.00018940379959531128,0.0003106418007519096,2.9367318347794935e-05,0.005352000007405877,0.0,1.0,0.00014663154433947057,0.10830143877856734,0.3660878438295405,0.28538438817151246,4.579348812333396e-16,3.0621369109442595e-18,5.49197078287983e-20,0.09169856122143268,0.13391215617045948,0.10538438817151247,0.23999999999999955,0.16,0.52
37,1.1920195135596462e-05,-1.6113296876086585,-0.0002448742776552604,9.891333542241975,-0.0002619316350571959,1.425837581336964e-07,-15.763336181640625,0.0005735417944379151,-7.463679790496826,-0.0001359229936497286,-0.000331926072249189,5.313012297847308e-05,0.00015825532318558544,0.005499299964867532,0.0,1.0,0.00014663154433947057,0.10830143877856734,0.3660878438295405,0.28538438817151246,4.579348812333396e-16,3.0621369109442595e-18,5.49197078287983e-20,0.09169856122143268,0.13391215617045948,0.10538438817151247,0.23999999999999955,0.16,0.52
38,1.0592393879928278e-05,-28.707002336245967,-6.834046521649541e-05,19.150122905528054,-8.334435108567367e-05,1.3996543657412985e-07,-15.781869888305664,0.0004570461460389197,-7.690726280212402,-4.2707877582870424e-05,-0.00010184740676777437,0.0001389453245792538,0.00048603638424538076,0.0026987000601366162,0.0,1.0,0.00014663154433947057,0.10830143877856734,0.3660878438295405,0.28538438817151246,4.579348812333396e-16,3.0621369109442595e-18,5.49197078287983e-20,0.09169856122143268,0.13391215617045948,0.10538438817151247,0.23999999999999955,0.16,0.52
39,1.2170480926851601e-05,-10.154636265840212,-1.858930709993894e-05,4.217386046811288,1.9989359586885648e-06,8.294729525459843e-08,-16.30506134033203,0.0002494975342415273,-8.296061515808105,2.873870244002319e-06,-2.1258851120364852e-05,0.00040340356645174325,4.732608431368135e-05,0.0024432999780401587,0.0,1.0,0.00014663154433947057,0.10830143877856734,0.3660878438295405,0.28538438817151246,4.579348812333396e-16,3.0621369109442595e-18,5.49197078287983e-20,0.09169856122143268,0.13391215617045948,0.10538438817151247,0.23999999999999955,0.16,0.52
40,1.2182339985721208e-05,-11.028813098825587,3.618098566889078e-05,5.0940840210671166,1.08708608076336e-05,8.386614069877396e-08,-16.294044494628906,0.00028232394834049046,-8.172455787658691,7.469533557014074e-06,4.4525408156914636e-05,0.00039996503619477153,6.06929388595745e-05,0.0027335999766364694,0.0,1.0,0.00014663154433947057,0.10830143877856734,0.3660878438295405,0.28538438817151246,4.579348812333396e-16,3.0621369109442595e-18,5.49197078287983e-20,0.09169856122143268,0.13391215617045948,0.10538438817151247,0.23999999999999955,0.16,0.52
41,1.247475738707641e-05,-4.762737893870403,-9.109230259209613e-05,13.655631961454505,-0.00010041480300912013,2.7701762661536122e-08,-17.401769638061523,0.000258071901043877,-8.262271881103516,-5.204971967032179e-05,-0.00013464699441101402,2.9323340640985407e-05,0.00011342705693095922,0.0028337000403553247,0.0,1.0,0.00014663154433947057,0.10830143877856734,0.3660878438295405,0.28538438817151246,4.579348812333396e-16,3.0621369109442595e-18,5.49197078287983e-20,0.09169856122143268,0.13391215617045948,0.10538438817151247,0.23999999999999955,0.16,0.52
42,1.2848063959472899e-05,-2.9852818954488036,-8.538524362020982e-06,8.765822953762049,-2.3612928428668215e-05,1.2902938273384734e-08,-18.16581153869629,0.0001372800616081804,-8.893487930297852,-1.1766370334953535e-05,-1.3566710549639538e-05,0.00010499650670681149,0.00011889744928339496,0.002115400042384863,0.0,1.0,0.0001372800616081804,0.10830143877856734,0.3660878438295405,0.28538438817151246,4.579348812333396e-16,3.0621369109442595e-18,5.49197078287983e-20,0.09169856122143268,0.13391215617045948,0.10538438817151247,0.23999999999999955,0.16,0.52
43,1.1946146355932543e-05,-12.661088317487192,-4.280842338174713e-05,5.266454188063656,-5.81044056869538e-05,1.0367305236513857e-07,-16.08202362060547,0.0003430862561799586,-7.9775285720825195,-2.8227901566424407e-05,-5.033604247728363e-05,0.0004387935623526573,9.025101462611929e-05,0.0025329000782221556,0.0,1.0,0.0001372800616081804,0.10830143877856734,0.3660878438295405,0.28538438817151246,4.579348812333396e-16,3.0621369109442595e-18,5.49197078287983e-20,0.09169856122143268,0.13391215617045948,0.10538438817151247,0.23999999999999955,0.16,0.52
44,1.316211277074429e-05,0.7026569147253777,0.00014782072450942593,5.8215131543932115,0.00013513760594362724,5.385270185342961e-08,-16.73701286315918,0.00037119805347174406,-7.89877462387085,7.06655700923875e-05,0.0001779214944690466,7.603236736031249e-05,0.00016918960318434983,0.005421000067144632,0.0,1.0,0.0001372800616081804,0.10830143877856734,0.3660878438295405,0.28538438817151246,4.579348812333396e-16,3.0621369109442595e-18,5.49197078287983e-20,0.09169856122143268,0.13391215617045948,0.10538438817151247,0.23999999999999955,0.16,0.52
45,1.1653134284961636e-05,-15.805301042636202,-0.0001117218742315599,12.61706806232322,0.000544847869141411,1.4728652786288876e-07,-15.730886459350586,0.0006397091201506555,-7.354496955871582,0.0002844469272531569,-0.00015638362674508244,0.0002475400979164988,0.00015021703438833356,0.0025958000915125012,0.0,1.0,0.0001372800616081804,0.10830143877856734,0.3660878438295405,0.28538438817151246,4.579348812333396e-16,3.0621369109442595e-18,5.49197078287983e-20,0.09169856122143268,0.13391215617045948,0.10538438817151247,0.23999999999999955,0.16,0.52
46,1.179777085683874e-05,-13.216812103031906,0.00011318414519682337,8.688399363731705,-0.00013330407484484096,8.777752213973145e-08,-16.24846076965332,0.0004331313248258084,-7.74446964263916,-6.779639079468325e-05,0.00014960076077841222,0.0003351475461386144,9.632082947064191e-05,0.002592700067907572,0.0,1.0,0.0001372800616081804,0.10830143877856734,0.3660878438295405,0.28538438817151246,4.579348812333396e-16,3.0621369109442595e-18,5.49197078287983e-20,0.09169856122143268,0.13391215617045948,0.10538438817151247,0.23999999999999955,0.16,0.52
47,1.2023624418311915e-05,-11.109705979638003,0.00020703930717461897,2.312393998655561,-0.0002251237690924365,1.9177439014583797e-07,-15.466946601867676,0.0006299284286797047,-7.369904518127441,-0.00011483337584650144,0.00023434088507201523,0.0004925302928313613,6.897811545059085e-05,0.002759600058197975,0.0,1.0,0.0001372800616081804,0.10830143877856734,0.3660878438295405,0.28538438817151246,4.579348812333396e-16,3.0621369109442595e-18,5.49197078287983e-20,0.09169856122143268,0.13391215617045948,0.10538438817151247,0.23999999999999955,0.16,0.52
48,1.148518958288319e-05,-17.232371339912007,-5.735877862591145e-05,9.526408647081158,3.8798911905726254e-05,9.968481862188128e-08,-16.121252059936523,0.0003818892873823643,-7.87037992477417,2.1955853299004957e-05,-7.336310227401555e-05,0.00039472788921557367,0.00017841276712715626,0.0024926000041887164,0.0,1.0,0.0001372800616081804,0.10830143877856734,0.3660878438295405,0.28538438817151246,4.579348812333396e-16,3.0621369109442595e-18,5.49197078287983e-20,0.09169856122143268,0.13391215617045948,0.10538438817151247,0.23999999999999955,0.16,0.52
49,1.2655698652831522e-05,-3.446816351745992,0.00019938522778710946,-0.9538157761419774,-0.0002128625561012394,1.1082385498184522e-07,-16.015323638916016,0.0005011925240978599,-7.598520278930664,-0.00010914103040704504,0.00020562551799230278,0.00033432996133342385,3.852202644338831e-05,0.002521999995224178,0.0,1.0,0.0001372800616081804,0.10830143877856734,0.3660878438295405,0.28538438817151246,4.579348812333396e-16,3.0621369109442595e-18,5.49197078287983e-20,0.09169856122143268,0.13391215617045948,0.10538438817151247,0.23999999999999955,0.16,0.52
50,1.1634090004144936e-05,-15.103708462198396,0.00015928360892522258,6.077928417434597,-0.00017458524920582706,1.6944184721978672e-07,-15.5907564163208,0.0005924232536926866,-7.431289196014404,-8.863965922500938e-05,0.00019869398965965956,0.0004754595283884555,0.00013471959391608834,0.0026205999311059713,0.0,1.0,0.0001372800616081804,0.10830143877856734,0.3660878438295405,0.28538438817151246,4.579348812333396e-16,3.0621369109442595e-18,5.49197078287983e-20,0.09169856122143268,0.13391215617045948,0.10538438817151247,0.23999999999999955,0.16,0.52
51,1.1888610361342547e-05,-12.818923187385453,3.584196790565138e-05,8.281608020905619,-5.231351621159544e-05,6.464812685180732e-08,-16.554306030273438,0.0002878732921089977,-8.152990341186523,-2.5659410312073305e-05,4.787984289578162e-05,0.0003398655680939555,8.880250243237242e-05,0.002111900015734136,0.0,1.0,0.0001372800616081804,0.10830143877856734,0.3660878438295405,0.28538438817151246,4.579348812333396e-16,3.0621369109442595e-18,5.49197078287983e-20,0.09169856122143268,0.13391215617045948,0.10538438817151247,0.23999999999999955,0.16,0.52
52,1.2227338353932312e-05,-11.857710347259436,7.197135641708564e-05,10.703604329228702,-8.069493973681383e-05,4.2067465955142325e-08,-16.983991622924805,0.0002916777157224715,-8.139861106872559,-4.086897024535574e-05,9.929542284226045e-05,0.0002385841216892004,6.444254540838301e-05,0.00260599993634969,0.0,1.0,0.0001372800616081804,0.10830143877856734,0.3660878438295405,0.28538438817151246,4.579348812333396e-16,3.0621369109442595e-18,5.49197078287983e-20,0.09169856122143268,0.13391215617045948,0.10538438817151247,0.23999999999999955,0.16,0.52
53,1.2780989252565913e-05,-2.8765564751105517,0.00017243151793608916,6.514472168651407,0.00015764982667372654,6.885267112011206e-08,-16.491296768188477,0.00042274483712390065,-7.768741607666016,8.269843965535983e-05,0.00021269447461236268,0.00015093550609890372,0.00010376839054515585,0.0020321999909356236,0.0,1.0,0.0001372800616081804,0.10830143877856734,0.3660878438295405,0.28538438817151246,4.579348812333396e-16,3.0621369109442595e-18,5.49197078287983e-20,0.09169856122143268,0.13391215617045948,0.10538438817151247,0.23999999999999955,0.16,0.52
54,1.1057016366346622e-05,-22.1715493598589,-6.79206458773436e-05,14.882936977687077,-8.530647531945059e-05,9.073126960856825e-08,-16.215364456176758,0.00042062526335939765,-7.773768424987793,-4.317712955526076e-05,-9.586768283043057e-05,0.0002618611615616828,0.00030129970400594175,0.00540179992094636,0.0,1.0,0.0001372800616081804,0.10830143877856734,0.3660878438295405,0.28538438817151246,4.579348812333396e-16,3.0621369109442595e-18,5.49197078287983e-20,0.09169856122143268,0.13391215617045948,0.10538438817151247,0.23999999999999955,0.16,0.52
55,1.1689563019072078e-05,-14.530981190562468,-9.795039033309531e-05,7.772068860368591,7.543300132032958e-05,1.039516916989669e-07,-16.0793399810791,0.0004254590312484652,-7.7623419761657715,4.102744424017146e-05,-0.000123482575872913,0.0003985212242696434,0.000123376798001118,0.0021838999819010496,0.0,1.0,0.0001372800616081804,0.10830143877856734,0.3660878438295405,0.28538438817151246,4.579348812333396e-16,3.0621369109442595e-18,5.49197078287983e-20,0.09169856122143268,0.13391215617045948,0.10538438817151247,0.23999999999999955,0.16,0.52
56,1.1931069065333786e-05,-13.635897019641956,0.0002171787801807754,-0.7392359903328118,4.6847319963003094e-05,2.9183232186369423e-07,-15.047086715698242,0.0006533537525683641,-7.3333916664123535,2.743184450082481e-05,0.00022811743838246912,0.0006820470443926752,0.00011356194590916857,0.002091499976813793,0.0,1.0,0.0001372800616081804,0.10830143877856734,0.3660878438295405,0.28538438817151246,4.579348812333396e-16,3.0621369109442595e-18,5.49197078287983e-20,0.09169856122143268,0.13391215617045948,0.10538438817151247,0.23999999999999955,0.16,0.52
57,1.2576523986919724e-05,-4.301016492860048,-0.000626375686217825,9.345100240889987,0.0006085714400721529,8.063400400715182e-07,-14.030759811401367,0.001257656724192202,-6.678504943847656,0.0003170347190462053,-0.0008331341086886823,0.00012025247269775718,9.472334932070225e-05,0.0021811999613419175,0.0,1.0,0.0001372800616081804,0.10830143877856734,0.3660878438295405,0.28538438817151246,4.579348812333396e-16,3.0621369109442595e-18,5.49197078287983e-20,0.09169856122143268,0.13391215617045948,0.10538438817151247,0.23999999999999955,0.16,0.52
58,1.2823382639086403e-05,-5.469802972324545,-3.051797077104359e-05,5.521026514595927,-0.00016909159605209338,3.8750094688566605e-08,-17.066133499145508,0.00026788219111040235,-8.224963188171387,-8.681564941070974e-05,-3.8174675864866003e-05,0.00023952388437464833,4.625982546713203e-05,0.002752100001089275,0.0,1.0,0.0001372800616081804,0.10830143877856734,0.3660878438295405,0.28538438817151246,4.579348812333396e-16,3.0621369109442595e-18,5.49197078287983e-20,0.09169856122143268,0.13391215617045948,0.10538438817151247,0.23999999999999955,0.16,0.52
59,1.1508003294716422e-05,-16.578649862799573,8.601108159967085e-05,5.850758755316935,-0.000104620403999017,1.6464571217511548e-07,-15.61946964263916,0.0005030948668718338,-7.59473180770874,-5.204594708629884e-05,0.00010828008089447394,0.0005236607394181192,0.00016187688743229955,0.0027430999325588346,0.0,1.0,0.0001372800616081804,0.10830143877856734,0.3660878438295405,0.28538438817151246,4.579348812333396e-16,3.0621369109442595e-18,5.49197078287983e-20,0.09169856122143268,0.13391215617045948,0.10538438817151247,0.23999999999999955,0.16,0.52
60,1.188716968637135e-05,-13.306860816043326,0.0004144740821513645,10.143687898732791,-0.0004304341096203023,4.102531931948761e-07,-14.706491470336914,0.0009754338534548879,-6.932628154754639,-0.00022251904010772705,0.0005611388478428125,0.0002870839962270111,9.646799298934639e-05,0.00263259990606457,0.0,1.0,0.0001372800616081804,0.10830143877856734,0.3660878438295405,0.28538438817151246,4.579348812333396e-16,3.0621369109442595e-18,5.49197078287983e-20,0.09169856122143268,0.13391215617045948,0.10538438817151247,0.23999999999999955,0.16,0.52
61,1.2387333138537215e-05,-10.569279780419544,-9.835714041308542e-05,8.296516353967796,-7.677064990768837e-05,5.97634866039698e-08,-16.632871627807617,0.0003307817969471216,-8.01405143737793,-3.8608461181866005e-05,-0.0001269622443942353,0.00028710757032968104,4.3314637878211215e-05,0.002150899963453412,0.0,1.0,0.0001372800616081804,0.10830143877856734,0.3660878438295405,0.28538438817151246,4.579348812333396e-16,3.0621369109442595e-18,5.49197078287983e-20,0.09169856122143268,0.13391215617045948,0.10538438817151247,0.23999999999999955,0.16,0.52
62,4.1758891520330535e-06,-3.0287648075102975,1.6239801517696213e-05,11.076127509282436,-3.280122117871968e-05,1.1491722240464242e-08,-18.281639099121094,0.00013260332343634218,-8.92814826965332,-1.676382998994086e-05,1.9662238628370687e-05,5.650322782457806e-05,0.0001358512818114832,0.0026659000432118773,0.0,1.0,0.00013260332343634218,0.10830143877856734,0.3660878438295405,0.28538438817151246,4.579348812333396e-16,3.0621369109442595e-18,5.49197078287983e-20,0.09169856122143268,0.13391215617045948,0.10538438817151247,0.23999999999999955,0.16,0.52
63,1.2821138876120681e-05,-4.00917449527391,0.0002088375092516676,11.20348146078843,-0.005237057065668955,7.505206667701714e-06,-11.79991340637207,0.0031022087205201387,-5.775640964508057,-0.002722908277064562,0.0002860848908312619,7.215110235847533e-05,0.00011428033758420497,0.0027134999400004745,0.0,1.0,0.00013260332343634218,0.10830143877856734,0.3660878438295405,0.28538438817151246,4.579348812333396e-16,3.0621369109442595e-18,5.49197078287983e-20,0.09169856122143268,0.13391215617045948,0.10538438817151247,0.23999999999999955,0.16,0.52
64,1.2526052922002853e-05,-5.024373483305229,0.00013064436167522787,10.283207604720097,0.0001256007909617548,4.5034838080937334e-08,-16.915828704833984,0.00034012284595519304,-7.986203670501709,6.585600931430236e-05,0.0001751473464537412,0.00011313949653413147,8.509947656420991e-05,0.002179599949158728,0.0,1.0,0.00013260332343634218,0.10830143877856734,0.3660878438295405,0.28538438817151246,4.579348812333396e-16,3.0621369109442595e-18,5.49197078287983e-20,0.09169856122143268,0.13391215617045948,0.10538438817151247,0.23999999999999955,0.16,0.52
65,1.1206590948103383e-05,-18.673295942179365,-9.120284847014466e-05,5.509600003680503,8.23720916155447e-05,2.104778360489945e-07,-15.373885154724121,0.0005501847481355071,-7.505256652832031,4.550358426058665e-05,-0.0001075279142241925,0.000594926590565592,0.00019937993783969432,0.002529800054617226,0.0,1.0,0.00013260332343634218,0.10830143877856734,0.3660878438295405,0.28538438817151246,4.579348812333396e-16,3.0621369109442595e-18,5.49197078287983e-20,0.09169856122143268,0.13391215617045948,0.10538438817151247,0.23999999999999955,0.16,0.52
66,1.3085656057010747e-05,-12.36906941903205,9.361120263808242e-05,13.920854096202714,8.771201810723903e-05,3.384994684552112e-08,-17.20132827758789,0.0002906981681007892,-8.143224716186523,4.627614907803945e-05,0.00013776183186564595,0.00014345352246891707,6.986683001741767e-05,0.002705099992454052,0.0,1.0,0.00013260332343634218,0.10830143877856734,0.3660878438295405,0.28538438817151246,4.579348812333396e-16,3.0621369109442595e-18,5.49197078287983e-20,0.09169856122143268,0.13391215617045948,0.10538438817151247,0.23999999999999955,0.16,0.52
67,1.358579132178373e-05,7.623367923335705,0.00017493416644992574,8.72684968528431,-0.0001726920157307472,1.2674144045377034e-07,-15.88111686706543,0.0005482767010107636,-7.508730411529541,-9.026885527418926e-05,0.00022235857613850385,0.0001189485119539313,0.0003523500054143369,0.0024651000276207924,0.0,1.0,0.00013260332343634218,0.10830143877856734,0.3660878438295405,0.28538438817151246,4.579348812333396e-16,3.0621369109442595e-18,5.49197078287983e-20,0.09169856122143268,0.13391215617045948,0.10538438817151247,0.23999999999999955,0.16,0.52
68,1.2144753561951887e-05,-13.815316615067507,7.368138173690266e-05,13.130975756797215,-8.293871035867761e-05,3.7663102858687125e-08,-17.094585418701172,0.00029918746440671384,-8.114439964294434,-4.2238189053023234e-05,0.00010758454300230369,0.000194027743418701,0.00010470170673215762,0.002136500086635351,0.0,1.0,0.00013260332343634218,0.10830143877856734,0.3660878438295405,0.28538438817151246,4.579348812333396e-16,3.0621369109442595e-18,5.49197078287983e-20,0.09169856122143268,0.13391215617045948,0.10538438817151247,0.23999999999999955,0.16,0.52
69,1.2763247166706576e-05,-3.1427902950459883,0.00023182806257773304,15.321927076613624,0.00023601147282973216,1.4833430839189532e-07,-15.723796844482422,0.0005664566997438669,-7.476109981536865,0.00012262102973181754,0.0003449265786912292,3.152186764054932e-05,0.00016629633319098502,0.005150100099854171,0.0,1.0,0.00013260332343634218,0.10830143877856734,0.3660878438295405,0.28538438817151246,4.579348812333396e-16,3.0621369109442595e-18,5.49197078287983e-20,0.09169856122143268,0.13391215617045948,0.10538438817151247,0.23999999999999955,0.16,0.52
70,1.2019152466055338e-05,-10.965401352816354,-0.0003409015132254061,12.579763515263169,-0.0003449915171082164,2.8013843689222995e-07,-15.087982177734375,0.0007638936513103545,-7.177082061767578,-0.00017864315304905176,-0.00048398980288766325,0.00016229508037213236,4.022623397759162e-05,0.0026539000682532787,0.0,1.0,0.00013260332343634218,0.10830143877856734,0.3660878438295405,0.28538438817151246,4.579348812333396e-16,3.0621369109442595e-18,5.49197078287983e-20,0.09169856122143268,0.13391215617045948,0.10538438817151247,0.23999999999999955,0.16,0.52
71,1.1128327954890303e-05,-20.171332179386233,1.3080394802868413e-05,7.817832069307125,-1.5654301067150596e-05,1.7074610525469325e-07,-15.583087921142578,0.00041062806849367917,-7.79782247543335,-5.739771950175054e-06,2.0846075130975805e-05,0.0005350063438527286,0.00023307811352424324,0.002909800037741661,0.0,1.0,0.00013260332343634218,0.10830143877856734,0.3660878438295405,0.28538438817151246,4.579348812333396e-16,3.0621369109442595e-18,5.49197078287983e-20,0.09169856122143268,0.13391215617045948,0.10538438817151247,0.23999999999999955,0.16,0.52
72,1.2348737743305722e-05,-10.338197173296134,0.00019625666903716815,15.447818278338612,-0.00019987393964951864,1.0038794329148004e-07,-16.11422348022461,0.0004408188397064805,-7.726876735687256,-0.00010361568274674937,0.00029556441586464643,6.529521488118917e-05,1.7982225472223945e-05,0.002491899998858571,0.0,1.0,0.00013260332343634218,0.10830143877856734,0.3660878438295405,0.28538438817151246,4.579348812333396e-16,3.0621369109442595e-18,5.49197078287983e-20,0.09169856122143268,0.13391215617045948,0.10538438817151247,0.23999999999999955,0.16,0.52
73,1.294713167909072e-05,-2.1505811745878263,9.300950169655708e-05,4.224721179957736,-0.00010249858728802569,3.5680724153053234e-08,-17.14865493774414,0.00030047676409594715,-8.110139846801758,-5.244095518719405e-05,0.00010779704462038353,0.0001807795779313892,9.96979433693923e-05,0.0020735999569296837,0.0,1.0,0.00013260332343634218,0.10830143877856734,0.3660878438295405,0.28538438817151246,4.579348812333396e-16,3.0621369109442595e-18,5.49197078287983e-20,0.09169856122143268,0.13391215617045948,0.10538438817151247,0.23999999999999955,0.16,0.52
74,1.2556941629943264e-05,-7.835393516399391,-3.111123976884137e-05,14.53099478638338,-3.570127471432521e-05,4.9841206717360365e-09,-19.117008209228516,0.00011435018677730113,-9.076245307922363,-1.828910899348557e-05,-4.702280421042815e-05,5.484629946295172e-05,4.3230240407865494e-05,0.002154800109565258,0.0,1.0,0.00011435018677730113,0.10830143877856734,0.3660878438295405,0.28538438817151246,4.579348812333396e-16,3.0621369109442595e-18,5.49197078287983e-20,0.09169856122143268,0.13391215617045948,0.10538438817151247,0.23999999999999955,0.16,0.52
75,1.2483189114325434e-05,-4.90230806256216,0.00011514081462999057,9.926182095349949,-0.00011737892473604196,3.780442625611613e-08,-17.090839385986328,0.0003157416940666735,-8.060585975646973,-6.0466001741588116e-05,0.00015295518096536398,0.00011915840150322765,8.548263576813042e-05,0.005541299935430288,0.0,1.0,0.00011435018677730113,0.10830143877856734,0.3660878438295405,0.28538438817151246,4.579348812333396e-16,3.0621369109442595e-18,5.49197078287983e-20,0.09169856122143268,0.13391215617045948,0.10538438817151247,0.23999999999999955,0.16,0.52
76,1.3165581085700811e-05,-0.19168274671890653,1.2034759783649756e-05,5.120541138818171,-2.3377099862818796e-05,1.69333205235489e-08,-17.89398193359375,0.00015127044753171504,-8.796441078186035,-1.1605750842136331e-05,1.1681151590892114e-05,0.00011117906251456589,0.00014478802040684968,0.005740299937315285,0.0,1.0,0.00011435018677730113,0.10830143877856734,0.3660878438295405,0.28538438817151246,4.579348812333396e-16,3.0621369109442595e-18,5.49197078287983e-20,0.09169856122143268,0.13391215617045948,0.10538438817151247,0.23999999999999955,0.16,0.52
77,6.973244536565727e-05,-17.173617813837556,0.004062140641768811,17.941868923676292,4.476795112791234e-05,4.126230487599969e-05,-10.095561027526855,0.006573285907506943,-5.0247416496276855,2.36023170145927e-05,0.006421982776373625,6.787395977880806e-05,0.00018752705364022404,0.0026137999957427382,0.0,1.0,0.00011435018677730113,0.10830143877856734,0.3660878438295405,0.28538438817151246,4.579348812333396e-16,3.0621369109442595e-18,5.49197078287983e-20,0.09169856122143268,0.13391215617045948,0.10538438817151247,0.23999999999999955,0.16,0.52
78,1.3528610866400693e-05,4.828545189447583,-4.726987226973447e-05,6.089120038007055,8.150276193829067e-05,3.8913288591402306e-08,-17.06192970275879,0.0002479982504155487,-8.302088737487793,4.231439743307419e-05,-6.317486986517906e-05,2.9270720915519632e-05,0.00025574726168997586,0.0026221000589430332,0.0,1.0,0.00011435018677730113,0.10830143877856734,0.3660878438295405,0.28538438817151246,4.579348812333396e-16,3.0621369109442595e-18,5.49197078287983e-20,0.09169856122143268,0.13391215617045948,0.10538438817151247,0.23999999999999955,0.16,0.52
79,1.2340122142766703e-05,-7.712309851661029,-0.00012760923942445253,3.509259524103165,9.884809099610464e-05,8.760652292494342e-08,-16.250410079956055,0.0003825188032351434,-7.868732929229736,5.302300269249827e-05,-0.0001481231302022934,0.0003544581413734704,8.287220225611236e-06,0.002122799982316792,0.0,1.0,0.00011435018677730113,0.10830143877856734,0.3660878438295405,0.28538438817151246,4.579348812333396e-16,3.0621369109442595e-18,5.49197078287983e-20,0.09169856122143268,0.13391215617045948,0.10538438817151247,0.23999999999999955,0.16,0.52
80,1.2587818379355202e-05,-5.166362716483032,-3.51418107474209e-05,13.044582081995296,9.684409027946474e-06,9.001038137057549e-09,-18.52592658996582,0.00013265287270769477,-8.927774429321289,5.295098162605427e-06,-5.2473722462309524e-05,5.0147697038482875e-05,9.962040348909795e-05,0.0025354999816045165,0.0,1.0,0.00011435018677730113,0.10830143877856734,0.3660878438295405,0.28538438817151246,4.579348812333396e-16,3.0621369109442595e-18,5.49197078287983e-20,0.09169856122143268,0.13391215617045948,0.10538438817151247,0.23999999999999955,0.16,0.52
81,1.248877808690112e-05,-7.949496404591444,0.00011149536214803597,2.893712079009511,-0.00013397087498360623,9.272321221942548e-08,-16.193647384643555,0.00039191608084365726,-7.844462871551514,-6.793416832806543e-05,0.00012750022870022804,0.00037881871685385704,1.4144613487587776e-05,0.005137000000104308,0.0,1.0,0.00011435018677730113,0.10830143877856734,0.3660878438295405,0.28538438817151246,4.579348812333396e-16,3.0621369109442595e-18,5.49197078287983e-20,0.09169856122143268,0.13391215617045948,0.10538438817151247,0.23999999999999955,0.16,0.52
82,1.2387586654956287e-05,-6.6262638575936625,-3.910964287291735e-05,5.418729562205318,-2.8473090539462663e-05,3.9893212289143776e-08,-17.037059783935547,0.00020984711591154337,-8.469131469726562,-1.3549450159189291e-05,-4.810388418263756e-05,0.00027242841315455735,2.3959155441843905e-05,0.002591000054962933,0.0,1.0,0.00011435018677730113,0.10830143877856734,0.3660878438295405,0.28538438817151246,4.579348812333396e-16,3.0621369109442595e-18,5.49197078287983e-20,0.09169856122143268,0.13391215617045948,0.10538438817151247,0.23999999999999955,0.16,0.52
83,1.2455366687321649e-05,-8.982617239611628,-9.657768250691532e-05,5.6283398544993375,5.0975689691207214e-05,6.88562167283635e-08,-16.49124526977539,0.0003206806140951812,-8.045064926147461,2.800966649374459e-05,-0.00011766819807235152,0.0003286253777332604,2.1380072212195955e-05,0.0025722000282257795,0.0,1.0,0.00011435018677730113,0.10830143877856734,0.3660878438295405,0.28538438817151246,4.579348812333396e-16,3.0621369109442595e-18,5.49197078287983e-20,0.09169856122143268,0.13391215617045948,0.10538438817151247,0.23999999999999955,0.16,0.52
84,1.1912180805546071e-05,-14.150282700083155,-0.00010947258421888937,3.7910365154117516,8.495117324264922e-05,1.671911888934119e-07,-15.604127883911133,0.000498271721880883,-7.60436487197876,4.6579476475017145e-05,-0.00012590069673024118,0.0005332293221727014,0.00011835377517854795,0.005435599945485592,0.0,1.0,0.00011435018677730113,0.10830143877856734,0.3660878438295405,0.28538438817151246,4.579348812333396e-16,3.0621369109442595e-18,5.49197078287983e-20,0.09169856122143268,0.13391215617045948,0.10538438817151247,0.23999999999999955,0.16,0.52
85,1.2281629057518483e-05,-8.508053337484869,0.00010438040254992937,11.991307245755742,-0.0019105948788246166,1.0164460491068894e-06,-13.799198150634766,0.0012150323018431664,-6.712984561920166,-0.000992872635833919,0.00014604277384933084,0.00013551126176025718,1.6722484360798262e-05,0.0026144000003114343,0.0,1.0,0.00011435018677730113,0.10830143877856734,0.3660878438295405,0.28538438817151246,4.579348812333396e-16,3.0621369109442595e-18,5.49197078287983e-20,0.09169856122143268,0.13391215617045948,0.10538438817151247,0.23999999999999955,0.16,0.52
86,1.2765643898946293e-05,-20.045628034470212,6.640004183605456e-05,10.88160502166177,8.379531048637819e-05,1.1954061562846618e-07,-15.93960952758789,0.00046006275806576014,-7.684147834777832,4.5369604777079076e-05,9.523872722638771e-05,0.0003992082492914051,0.0002397005882812664,0.002587700029835105,0.0,1.0,0.00011435018677730113,0.10830143877856734,0.3660878438295405,0.28538438817151246,4.579348812333396e-16,3.0621369109442595e-18,5.49197078287983e-20,0.09169856122143268,0.13391215617045948,0.10538438817151247,0.23999999999999955,0.16,0.52
87,1.2302344041304518e-05,-11.134621296473606,0.00015420322545770004,7.823130384693295,-0.00017333614461063532,9.859898852937476e-08,-16.132204055786133,0.0004729662905447185,-7.656486511230469,-8.869765588315204e-05,0.0001986767165362835,0.0003152642457280308,5.591961235040799e-05,0.0024726000847294927,0.0,1.0,0.00011435018677730113,0.10830143877856734,0.3660878438295405,0.28538438817151246,4.579348812333396e-16,3.0621369109442595e-18,5.49197078287983e-20,0.09169856122143268,0.13391215617045948,0.10538438817151247,0.23999999999999955,0.16,0.52
88,1.2186081461198902e-05,-8.222557254953765,-0.00013270958480647558,12.611690169690231,3.4338487249272264e-06,4.2613926609647024e-08,-16.971084594726562,0.00026107989833690226,-8.250683784484863,2.322732598258881e-06,-0.00018940569134429097,0.00011321929923724383,2.5483661374892108e-05,0.005501299980096519,0.0,1.0,0.00011435018677730113,0.10830143877856734,0.3660878438295405,0.28538438817151246,4.579348812333396e-16,3.0621369109442595e-18,5.49197078287983e-20,0.09169856122143268,0.13391215617045948,0.10538438817151247,0.23999999999999955,0.16,0.52
89,1.3227512865615914e-05,3.1126629958181384,-0.006,-26.7358110844501,-0.006,1.4538194591295905e-05,-11.138731002807617,0.0056050908751785755,-5.184080123901367,-0.0031175625044852495,-0.0021624325308948755,0.0005179606378078461,0.00013223073619883507,0.002114200033247471,0.0,1.0,0.00011435018677730113,0.10830143877856734,0.3660878438295405,0.28538438817151246,4.579348812333396e-16,3.0621369109442595e-18,5.49197078287983e-20,0.09169856122143268,0.13391215617045948,0.10538438817151247,0.23999999999999955,0.16,0.52
90,1.293165121832257e-05,-0.4543697335223408,0.0003721928446350641,14.766705913680738,-0.0004338997433489048,3.8013740777387284e-07,-14.782732963562012,0.0009188037365674973,-6.992437839508057,-0.0002258484164485708,0.000548461452126503,5.823014726047404e-05,0.0002307576360180974,0.0026369000552222133,0.0,1.0,0.00011435018677730113,0.10830143877856734,0.3660878438295405,0.28538438817151246,4.579348812333396e-16,3.0621369109442595e-18,5.49197078287983e-20,0.09169856122143268,0.13391215617045948,0.10538438817151247,0.23999999999999955,0.16,0.52
91,1.2178151594060783e-05,-10.30184883405262,-0.00013586694374792218,12.417483587948455,-0.00011374139725919916,5.277948389448284e-08,-16.757143020629883,0.000341259699780494,-7.9828667640686035,-5.842257814947516e-05,-0.0001922227966133505,0.00015546588110737503,2.576274891907815e-05,0.005315900081768632,0.0,1.0,0.00011435018677730113,0.10830143877856734,0.3660878438295405,0.28538438817151246,4.579348812333396e-16,3.0621369109442595e-18,5.49197078287983e-20,0.09169856122143268,0.13391215617045948,0.10538438817151247,0.23999999999999955,0.16,0.52
92,1.2171100150200401e-05,-9.941651084360078,0.0002861837734747887,16.10486413318629,0.00030067672158466457,2.1576109077159344e-07,-15.34909439086914,0.0006176744354888797,-7.389549255371094,0.0001565601851325482,0.0004363341140560806,4.0543403883930296e-05,9.016927833727095e-06,0.002042099949903786,0.0,1.0,0.00011435018677730113,0.10830143877856734,0.3660878438295405,0.28538438817151246,4.579348812333396e-16,3.0621369109442595e-18,5.49197078287983e-20,0.09169856122143268,0.13391215617045948,0.10538438817151247,0.23999999999999955,0.16,0.52
93,1.2182753410932836e-05,-10.053316236180809,-4.0629512873693296e-05,11.035711663374432,-2.0531137394980596e-05,2.200625637271969e-08,-17.631938934326172,0.0001739302824717015,-8.656855583190918,-9.787275303096976e-06,-5.569996210397221e-05,0.0001923959207488224,2.4490196665283293e-05,0.005451899953186512,0.0,1.0,0.00011435018677730113,0.10830143877856734,0.3660878438295405,0.28538438817151246,4.579348812333396e-16,3.0621369109442595e-18,5.49197078287983e-20,0.09169856122143268,0.13391215617045948,0.10538438817151247,0.23999999999999955,0.16,0.52
94,1.2837719260067725e-05,-3.9717494749700526,-1.3374457173452672e-06,5.296784069570835,1.5199878335267407e-05,2.396363996126638e-08,-17.546728134155273,0.0001516201300546527,-8.794132232666016,8.868828444974497e-06,-3.143159347018809e-06,0.000205824981094338,7.339132571360096e-05,0.005373200052417815,0.0,1.0,0.00011435018677730113,0.10830143877856734,0.3660878438295405,0.28538438817151246,4.579348812333396e-16,3.0621369109442595e-18,5.49197078287983e-20,0.09169856122143268,0.13391215617045948,0.10538438817151247,0.23999999999999955,0.16,0.52
95,1.220715323028726e-05,-8.375956907367703,0.0001500756387434454,7.821084769788093,0.00016774585951143621,7.612267438616982e-08,-16.390918731689453,0.0004090258153155446,-7.801732063293457,8.837959467200562e-05,0.00019235085346736014,0.0002501689305063337,6.421757916541537e-06,0.002682700054720044,0.0,1.0,0.00011435018677730113,0.10830143877856734,0.3660878438295405,0.28538438817151246,4.579348812333396e-16,3.0621369109442595e-18,5.49197078287983e-20,0.09169856122143268,0.13391215617045948,0.10538438817151247,0.23999999999999955,0.16,0.52
96,1.1737681680976596e-05,-16.478408914019063,7.037964614773247e-05,2.311944104777118,8.63442310920344e-05,2.3979930574569153e-07,-15.243463516235352,0.0005389709840528667,-7.525848865509033,4.786822319147177e-05,8.199881995096803e-05,0.000660933437757194,0.00015727442223578691,0.0025831999955698848,0.0,1.0,0.00011435018677730113,0.10830143877856734,0.3660878438295405,0.28538438817151246,4.579348812333396e-16,3.0621369109442595e-18,5.49197078287983e-20,0.09169856122143268,0.13391215617045948,0.10538438817151247,0.23999999999999955,0.16,0.52
97,1.2507225399419946e-05,-5.450472125680462,-9.176469474482329e-05,11.51461100363094,-7.781240978111195e-05,2.599703208261417e-08,-17.46528434753418,0.0002568343188613653,-8.26707935333252,-4.0016187995206565e-05,-0.00012929717195220292,9.177062020171434e-05,8.327131945407018e-05,0.0026114999782294035,0.0,1.0,0.00011435018677730113,0.10830143877856734,0.3660878438295405,0.28538438817151246,4.579348812333396e-16,3.0621369109442595e-18,5.49197078287983e-20,0.09169856122143268,0.13391215617045948,0.10538438817151247,0.23999999999999955,0.16,0.52
98,1.207790766731421e-05,-11.801148495301256,1.4183643136195915e-05,8.43481166096452,3.1596585351841366e-05,5.14080937819017e-08,-16.783470153808594,0.0002268689131597057,-8.391138076782227,1.784741471055895e-05,1.948258068296127e-05,0.0003111324622295797,6.794535875087604e-05,0.002651000046171248,0.0,1.0,0.00011435018677730113,0.10830143877856734,0.3660878438295405,0.28538438817151246,4.579348812333396e-16,3.0621369109442595e-18,5.49197078287983e-20,0.09169856122143268,0.13391215617045948,0.10538438817151247,0.23999999999999955,0.16,0.52
99,1.3356907605236662e-05,1.0926855208696162,0.00038856159662868786,15.565908912390503,0.001383011980792477,8.976506933322526e-07,-13.923484802246094,0.0014859713846817613,-6.511686325073242,0.0007187915034592152,0.0005810870206914842,9.28358276723884e-05,0.0002793497405946255,0.00266100000590086,0.0,1.0,0.00011435018677730113,0.10830143877856734,0.3660878438295405,0.28538438817151246,4.579348812333396e-16,3.0621369109442595e-18,5.49197078287983e-20,0.09169856122143268,0.13391215617045948,0.10538438817151247,0.23999999999999955,0.16,0.52
100,1.2803811797377517e-05,-3.7009343692842727,0.0004986291905415102,2.246316215009601,-0.0005003316554756094,4.1791594185269787e-07,-14.68798542022705,0.0009813305223360658,-6.926601409912109,-0.00025892298435792327,0.0005596221890300512,0.0002686094958335161,5.696128573617898e-05,0.0027043999871239066,0.0,1.0,0.00011435018677730113,0.10830143877856734,0.3660878438295405,0.28538438817151246,4.579348812333396e-16,3.0621369109442595e-18,5.49197078287983e-20,0.09169856122143268,0.13391215617045948,0.10538438817151247,0.23999999999999955,0.16,0.52
0,10.0,-10.0,0.0,10.0,0.0,2.664279996622554e-08,-17.440746307373047,0.00016519649943802506,-8.708374977111816,-4.810091240869951e-07,-3.472792968750582e-06,0.00013611702888738364,0.00018636837194208056,0.0029893999453634024,0.0,2.0,0.00016519649943802506,0.16946282849886524,0.401833514683649,0.1965694938484498,2.582827285745081e-85,1.0188280848671285e-85,8.016151616355854e-76,0.030537171501134774,0.09816648531635103,0.0165694938484498,0.24,0.16,0.52
1,-0.0008476463894222798,18.228543726241615,-5.18134056567872e-05,0.09486175520759633,3.704978854776588e-05,1.539073792855561e-07,-15.686914443969727,0.0004666869936045259,-7.669851779937744,1.775540476955939e-05,-6.28147172392346e-05,0.0003624483069870621,0.0004097854543942958,0.0020215000258758664,0.0,2.0,0.00016519649943802506,0.16946282849886524,0.401833514683649,0.1965694938484498,2.582827285745081e-85,1.0188280848671285e-85,8.016151616355854e-76,0.030537171501134774,0.09816648531635103,0.0165694938484498,0.24,0.16,0.52
2,1.3096008565180887e-05,-0.5984621371632712,0.00014053081622586013,14.03806084231156,2.5574139568764026e-06,6.574410349458049e-08,-16.53749656677246,0.0003342393902130425,-8.003653526306152,1.1779970918723848e-06,0.0002014810888795182,4.306636765250005e-05,0.0002200942108174786,0.0020435999613255262,0.0,2.0,0.00016519649943802506,0.16946282849886524,0.401833514683649,0.1965694938484498,2.582827285745081e-85,1.0188280848671285e-85,8.016151616355854e-76,0.030537171501134774,0.09816648531635103,0.0165694938484498,0.24,0.16,0.52
3,1.210839447549848e-05,-9.498436679442493,-0.00021022182274065785,13.589275404216417,0.00025360460402366474,1.1644033293123357e-07,-15.965887069702148,0.0004950463771820068,-7.610858917236328,0.0001323819305980578,-0.00030520110158249736,0.00010711825598264113,7.808472219039686e-06,0.0037571999710053205,0.0,2.0,0.00016519649943802506,0.16946282849886524,0.401833514683649,0.1965694938484498,2.582827285745081e-85,1.0188280848671285e-85,8.016151616355854e-76,0.030537171501134774,0.09816648531635103,0.0165694938484498,0.24,0.16,0.52
4,1.230863366871393e-05,-9.873650040190025,4.7244110488296975e-05,4.075229450038193,-7.636257910710634e-05,8.543602092458968e-08,-16.275497436523438,0.0003153603756800294,-8.06179428100586,-3.7889367376919836e-05,5.617025453830138e-05,0.0003998260945081711,4.277540210750885e-05,0.0024232000578194857,0.0,2.0,0.00016519649943802506,0.16946282849886524,0.401833514683649,0.1965694938484498,2.582827285745081e-85,1.0188280848671285e-85,8.016151616355854e-76,0.030537171501134774,0.09816648531635103,0.0165694938484498,0.24,0.16,0.52
5,1.4131135717767823e-05,10.641123596223913,-0.005810661010209694,8.661652870865774,-0.005235622852028921,6.53398092254065e-05,-9.635909080505371,0.010627314448356628,-4.544327735900879,-0.0027232617139816284,-0.007603894453495741,0.00018036829715128988,0.0004199463874101639,0.0020191000076010823,0.0,2.0,0.00016519649943802506,0.16946282849886524,0.401833514683649,0.1965694938484498,2.582827285745081e-85,1.0188280848671285e-85,8.016151616355854e-76,0.030537171501134774,0.09816648531635103,0.0165694938484498,0.24,0.16,0.52
6,0.0010723116963028997,-13.936959042954676,-0.0010235255007772386,-1.3228492811998936e-05,-0.000628647906606824,1.5103527175597264e-06,-13.403167724609375,0.0018002790166065097,-6.3198137283325195,-0.00032390112755820155,-0.0010849885875359178,0.0006653509335592389,0.00011742777132894844,0.0024522999301552773,0.0,2.0,0.00016519649943802506,0.16946282849886524,0.401833514683649,0.1965694938484498,2.582827285745081e-85,1.0188280848671285e-85,8.016151616355854e-76,0.030537171501134774,0.09816648531635103,0.0165694938484498,0.24,0.16,0.52
7,1.2591529133614854e-05,-7.163212629521923,0.00012152935811744653,14.570162826941694,0.00022421075515726536,4.826166843940882e-08,-16.846628189086914,0.00034714923822321,-7.965755939483643,0.00011681640899041668,0.00017850693257059902,4.376694778329693e-05,5.98848273511976e-05,0.002553099999204278,0.0,2.0,0.00016519649943802506,0.16946282849886524,0.401833514683649,0.1965694938484498,2.582827285745081e-85,1.0188280848671285e-85,8.016151616355854e-76,0.030537171501134774,0.09816648531635103,0.0165694938484498,0.24,0.16,0.52
8,1.2575835422177728e-05,-6.500224233575973,3.219097825826165e-05,2.7822141220196976,1.811328075286887e-05,5.89181716748044e-08,-16.64711570739746,0.00022306725441012532,-8.408037185668945,1.0974543329211883e-05,3.631052459240891e-05,0.0003388156183063984,1.2748760127578862e-05,0.0025372999953106046,0.0,2.0,0.00016519649943802506,0.16946282849886524,0.401833514683649,0.1965694938484498,2.582827285745081e-85,1.0188280848671285e-85,8.016151616355854e-76,0.030537171501134774,0.09816648531635103,0.0165694938484498,0.24,0.16,0.52
9,0.00020336436418870994,-6.2448117020518445,-0.0001936134334126519,-5.3234703029279674e-05,-3.333427069381907e-05,1.245334146915411e-07,-15.89869213104248,0.0004261518479324877,-7.760715007781982,-1.5480296497116797e-05,-0.00020578592375386506,0.0004048051487188786,4.9660961849440355e-06,0.0020250999368727207,0.0,2.0,0.00016519649943802506,0.16946282849886524,0.401833514683649,0.1965694938484498,2.582827285745081e-85,1.0188280848671285e-85,8.016151616355854e-76,0.030537171501134774,0.09816648531635103,0.0165694938484498,0.24,0.16,0.52
10,3.225892073880682e-05,4.190125158232195,-4.804941957969371e-05,-0.00048792077700859617,-4.301234370023404e-05,1.985051589770137e-08,-17.735034942626953,0.00019376951968297362,-8.54884147644043,-2.1997257135808468e-05,-5.426550706033595e-05,6.637895421590656e-05,0.00016863456403370947,0.005355700035579503,0.0,2.0,0.00016519649943802506,0.16946282849886524,0.401833514683649,0.1965694938484498,2.582827285745081e-85,1.0188280848671285e-85,8.016151616355854e-76,0.030537171501134774,0.09816648531635103,0.0165694938484498,0.24,0.16,0.52
11,1.0553753017807347e-05,6.2125948355812435,-0.0001759830796287893,-3.9472810828735606e-05,-8.701478291807079e-05,5.886336396088154e-08,-16.648046493530273,0.00033970532240346074,-7.98743200302124,-4.515765976975672e-05,-0.00019074449664913118,5.489454451890197e-06,0.00020211690571159124,0.002462900010868907,0.0,2.0,0.00016519649943802506,0.16946282849886524,0.401833514683649,0.1965694938484498,2.582827285745081e-85,1.0188280848671285e-85,8.016151616355854e-76,0.030537171501134774,0.09816648531635103,0.0165694938484498,0.24,0.16,0.52
12,8.70279903979704e-06,-6.311833418579978,2.214803955604675e-05,7.98218159060168,1.6500692536367765e-05,2.1377505987629775e-08,-17.660926818847656,0.0001578595256432891,-8.753805160522461,9.502155990048777e-06,2.7524843972059898e-05,0.00019783317111432552,4.3831885705003515e-05,0.0020354000153020024,0.0,2.0,0.0001578595256432891,0.16946282849886524,0.401833514683649,0.1965694938484498,2.582827285745081e-85,1.0188280848671285e-85,8.016151616355854e-76,0.030537171501134774,0.09816648531635103,0.0165694938484498,0.24,0.16,0.52
13,9.646242121881023e-06,-23.30424000007819,0.00014150416086935614,-0.00010027074849421083,0.00018282861515341741,5.621984655590495e-07,-14.391410827636719,0.0008798239286988974,-7.035788536071777,9.951488027581945e-05,0.0001547966239741072,0.0009957386646419764,0.0002552861697040498,0.0021721000084653497,0.0,2.0,0.0001578595256432891,0.16946282849886524,0.401833514683649,0.1965694938484498,2.582827285745081e-85,1.0188280848671285e-85,8.016151616355854e-76,0.030537171501134774,0.09816648531635103,0.0165694938484498,0.24,0.16,0.52
14,1.1640647578480011e-05,-16.70337314928035,-1.5800896507392257e-05,17.98561216420921,4.238107736791666e-05,1.8232242382509867e-08,-17.8200740814209,0.00016255927039310336,-8.724468231201172,2.233047052868642e-05,-2.204581323894672e-05,6.0908572777407244e-05,0.00017545738955959678,0.0021145999198779464,0.0,2.0,0.0001578595256432891,0.16946282849886524,0.401833514683649,0.1965694938484498,2.582827285745081e-85,1.0188280848671285e-85,8.016151616355854e-76,0.030537171501134774,0.09816648531635103,0.0165694938484498,0.24,0.16,0.52
15,1.1858796296253935e-05,-14.522250423930647,5.380066978166543e-05,9.736830007552255,5.0260763536387236e-05,6.730257950948726e-08,-16.514066696166992,0.00032650784123688936,-8.027056694030762,2.7619869797490537e-05,7.402773917419836e-05,0.0003273175098001957,0.00012240295473020524,0.0025700998958200216,0.0,2.0,0.0001578595256432891,0.16946282849886524,0.401833514683649,0.1965694938484498,2.582827285745081e-85,1.0188280848671285e-85,8.016151616355854e-76,0.030537171501134774,0.09816648531635103,0.0165694938484498,0.24,0.16,0.52
16,1.2081389481208271e-05,-13.689715281707858,-1.1959151959416283e-07,10.670134705948216,3.0012782774631823e-05,4.402368958267289e-08,-16.93853759765625,0.0002088566980091855,-8.473862648010254,1.6866821169969626e-05,1.5198445453279419e-06,0.00027683007647283375,0.00010410998220322654,0.00537090003490448,0.0,2.0,0.0001578595256432891,0.16946282849886524,0.401833514683649,0.1965694938484498,2.582827285745081e-85,1.0188280848671285e-85,8.016151616355854e-76,0.030537171501134774,0.09816648531635103,0.0165694938484498,0.24,0.16,0.52
17,1.2720215348560995e-05,-5.289106050114712,-4.458907086215551e-05,15.516302663418525,-4.9758208762506854e-05,1.185472697784462e-08,-18.250539779663086,0.00015502619498874992,-8.771916389465332,-2.58700929407496e-05,-6.953446427360177e-05,6.7474052229954395e-06,0.00011249587259953842,0.0026431999867781997,0.0,2.0,0.00015502619498874992,0.16946282849886524,0.401833514683649,0.1965694938484498,2.582827285745081e-85,1.0188280848671285e-85,8.016151616355854e-76,0.030537171501134774,0.09816648531635103,0.0165694938484498,0.24,0.16,0.52
18,1.1310711007752491e-05,-19.229435550303013,-3.281033414920347e-05,13.959669692140963,-3.786707981358408e-05,6.108533057158638e-08,-16.610994338989258,0.00030472944490611553,-8.096086502075195,-1.8539298253017478e-05,-4.398943929118104e-05,0.0002542578149586916,0.000230143588851206,0.005373399937525392,0.0,2.0,0.00015502619498874992,0.16946282849886524,0.401833514683649,0.1965694938484498,2.582827285745081e-85,1.0188280848671285e-85,8.016151616355854e-76,0.030537171501134774,0.09816648531635103,0.0165694938484498,0.24,0.16,0.52
19,1.303337020376646e-05,-1.4842189637887133,2.7354820789841912e-05,8.672797883781742,2.1045439816795897e-05,1.529190107874001e-08,-17.995943069458008,0.00015656568575650454,-8.762035369873047,1.1322038517391775e-05,3.281160388723947e-05,7.44037824915722e-05,0.00015046029875520617,0.002026099944487214,0.0,2.0,0.00015502619498874992,0.16946282849886524,0.401833514683649,0.1965694938484498,2.582827285745081e-85,1.0188280848671285e-85,8.016151616355854e-76,0.030537171501134774,0.09816648531635103,0.0165694938484498,0.24,0.16,0.52
20,1.0652545503173525e-05,-27.36842063898258,-0.004859024209109447,-18.136793970603343,0.004879101737540286,1.6762218365329318e-05,-10.996382713317871,0.006541314534842968,-5.0296173095703125,0.002546889940276742,-0.002801697701215744,0.002194455824792385,0.00019099893688689917,0.002139999996870756,0.0,2.0,0.00015502619498874992,0.16946282849886524,0.401833514683649,0.1965694938484498,2.582827285745081e-85,1.0188280848671285e-85,8.016151616355854e-76,0.030537171501134774,0.09816648531635103,0.0165694938484498,0.24,0.16,0.52
21,0.0005708194268537718,-20.44183035329202,0.0003199426869976069,22.15034775093923,5.432694955826369e-05,3.4763306189233845e-07,-14.87211799621582,0.0007565959822386503,-7.186681270599365,2.795685941237025e-05,0.0005511979106813669,6.998464232310653e-05,0.00028489786200225353,0.002072199946269393,0.0,2.0,0.00015502619498874992,0.16946282849886524,0.401833514683649,0.1965694938484498,2.582827285745081e-85,1.0188280848671285e-85,8.016151616355854e-76,0.030537171501134774,0.09816648531635103,0.0165694938484498,0.24,0.16,0.52
22,1.2009465155359839e-05,-12.076797811332131,-5.901078229486328e-05,6.02609908939986,-8.048542569396925e-05,8.874663137703465e-08,-16.23748016357422,0.00034927905653603375,-7.959639549255371,-4.004953007097356e-05,-7.144564733607695e-05,0.0003974617284256965,7.810603710822761e-05,0.00260630005504936,0.0,2.0,0.00015502619498874992,0.16946282849886524,0.401833514683649,0.1965694938484498,2.582827285745081e-85,1.0188280848671285e-85,8.016151616355854e-76,0.030537171501134774,0.09816648531635103,0.0165694938484498,0.24,0.16,0.52
23,-1.4804756756011541e-05,4.260468213146004,-0.00259632478660824,11.744762669665286,-0.005279183632432128,2.078551915474236e-05,-10.781253814697266,0.006578877568244934,-5.023890972137451,-0.002745513105764985,-0.0036323934327811003,8.692731353221461e-05,0.0003150150296278298,0.0020240999292582273,0.0,2.0,0.00015502619498874992,0.16946282849886524,0.401833514683649,0.1965694938484498,2.582827285745081e-85,1.0188280848671285e-85,8.016151616355854e-76,0.030537171501134774,0.09816648531635103,0.0165694938484498,0.24,0.16,0.52
24,1.2613184891245685e-05,-3.4510346306614097,-0.0001124432646662903,0.03652532985149502,-7.24452459074623e-05,6.543309893913829e-08,-16.542238235473633,0.00033529853681102395,-8.000489234924316,-3.622652366175316e-05,-0.00012050908844685182,0.0003116553125437349,4.5470515033230186e-05,0.005368199897930026,0.0,2.0,0.00015502619498874992,0.16946282849886524,0.401833514683649,0.1965694938484498,2.582827285745081e-85,1.0188280848671285e-85,8.016151616355854e-76,0.030537171501134774,0.09816648531635103,0.0165694938484498,0.24,0.16,0.52
25,1.1405295034065428e-05,-16.939956303456796,0.0002476318684243821,-0.0005145171044205118,0.00010866963128326487,3.8370922084141057e-07,-14.773381233215332,0.0007918236078694463,-7.141171932220459,5.99617742409464e-05,0.00026579908444546163,0.000769789912737906,0.00016233565111178905,0.002523800008930266,0.0,2.0,0.00015502619498874992,0.16946282849886524,0.401833514683649,0.1965694938484498,2.582827285745081e-85,1.0188280848671285e-85,8.016151616355854e-76,0.030537171501134774,0.09816648531635103,0.0165694938484498,0.24,0.16,0.52
26,1.334047950660649e-05,2.1642019069019414,0.005800089090216337,11.19916772469868,-0.0038023234112757143,6.800745177315548e-05,-9.595892906188965,0.01013148669153452,-4.59210729598999,-0.0019773475360125303,0.008003956638276577,4.215593435219489e-05,0.00025820828159339726,0.0019536000909283757,0.0,2.0,0.00015502619498874992,0.16946282849886524,0.401833514683649,0.1965694938484498,2.582827285745081e-85,1.0188280848671285e-85,8.016151616355854e-76,0.030537171501134774,0.09816648531635103,0.0165694938484498,0.24,0.16,0.52
27,1.0105487493456722e-05,-29.236185134059262,2.1800431888009373e-05,-0.00032256618076469964,-5.444716266088302e-05,7.938380122141098e-07,-14.04638671875,0.0008279250469058752,-7.096588134765625,-2.2918971808394417e-05,2.920832957897801e-05,0.0012123724445700645,0.0003392231301404536,0.0058379999827593565,0.0,2.0,0.00015502619498874992,0.16946282849886524,0.401833514683649,0.1965694938484498,2.582827285745081e-85,1.0188280848671285e-85,8.016151616355854e-76,0.030537171501134774,0.09816648531635103,0.0165694938484498,0.24,0.16,0.52
28,1.251105407768328e-05,-3.6932985969656573,-0.0002349238524545755,-1.5403487062947716,-0.0002307550254396116,1.3569594159434928e-07,-15.812849044799805,0.0005521245766431093,-7.501736640930176,-0.00011834617907879874,-0.00024016451789066195,0.00035647820914164186,3.074950654990971e-05,0.005369699909351766,0.0,2.0,0.00015502619498874992,0.16946282849886524,0.401833514683649,0.1965694938484498,2.582827285745081e-85,1.0188280848671285e-85,8.016151616355854e-76,0.030537171501134774,0.09816648531635103,0.0165694938484498,0.24,0.16,0.52
29,6.691186638733312e-05,-14.91355696286281,-0.00010867531082921096,12.369564759218877,-8.362917274803084e-05,6.214349923538975e-08,-16.593820571899414,0.00037926528602838516,-7.877274513244629,-4.239180270815268e-05,-0.0001516292104497552,0.00024037662660703063,0.00013011191913392395,0.0020966000156477094,0.0,2.0,0.00015502619498874992,0.16946282849886524,0.401833514683649,0.1965694938484498,2.582827285745081e-85,1.0188280848671285e-85,8.016151616355854e-76,0.030537171501134774,0.09816648531635103,0.0165694938484498,0.24,0.16,0.52
30,1.1786686182452103e-05,-15.315730773926711,-0.00023138892461289513,11.43081185388589,-0.00020662100922391684,1.6234019994953997e-07,-15.63357162475586,0.0006355130462907255,-7.361077785491943,-0.00010616179497446865,-0.0003187510883435607,0.00028212068718858063,0.00013907959510106593,0.001988600008189678,0.0,2.0,0.00015502619498874992,0.16946282849886524,0.401833514683649,0.1965694938484498,2.582827285745081e-85,1.0188280848671285e-85,8.016151616355854e-76,0.030537171501134774,0.09816648531635103,0.0165694938484498,0.24,0.16,0.52
31,1.4793733727885226e-05,20.867322779228243,0.0001895821108336334,2.002430112365836,0.00013905801505616658,2.6271962383361824e-07,-15.152178764343262,0.0007371323881670833,-7.212742805480957,7.051141437841579e-05,0.00020259602752048522,0.00042683043284341693,0.0005012194742448628,0.0025819999864324927,0.0,2.0,0.00015502619498874992,0.16946282849886524,0.401833514683649,0.1965694938484498,2.582827285745081e-85,1.0188280848671285e-85,8.016151616355854e-76,0.030537171501134774,0.09816648531635103,0.0165694938484498,0.24,0.16,0.52
32,1.1608576879718643e-05,-21.36344170664575,0.00020373307480929984,13.523129236289876,-0.00016174077887425205,1.830930216328852e-07,-15.51327133178711,0.0006759660900570452,-7.299367427825928,-8.271173282992095e-05,0.00030002559651620686,0.00030914487433619797,0.0002773126761894673,0.005418900051154196,0.0,2.0,0.00015502619498874992,0.16946282849886524,0.401833514683649,0.1965694938484498,2.582827285745081e-85,1.0188280848671285e-85,8.016151616355854e-76,0.030537171501134774,0.09816648531635103,0.0165694938484498,0.24,0.16,0.52
33,1.1918730103370944e-05,-13.652609004325065,6.56222341498743e-05,11.145659252550297,9.081791151344381e-05,4.982409151921274e-08,-16.814767837524414,0.00032180437119677663,-8.041566848754883,4.840854671783745e-05,9.216744365403429e-05,0.000259600201388821,0.00010285656026098877,0.002560499939136207,0.0,2.0,0.00015502619498874992,0.16946282849886524,0.401833514683649,0.1965694938484498,2.582827285745081e-85,1.0188280848671285e-85,8.016151616355854e-76,0.030537171501134774,0.09816648531635103,0.0165694938484498,0.24,0.16,0.52
34,1.4802202360122384e-05,21.918194625517703,-0.00010856561400495997,-0.24970810184180783,6.127271572048734e-05,2.3692547301834566e-07,-15.25551986694336,0.0006230491562746465,-7.380885124206543,2.9869634090573527e-05,-0.00012324683484621346,0.0004725341568700969,0.0004673312359955162,0.002634500036947429,0.0,2.0,0.00015502619498874992,0.16946282849886524,0.401833514683649,0.1965694938484498,2.582827285745081e-85,1.0188280848671285e-85,8.016151616355854e-76,0.030537171501134774,0.09816648531635103,0.0165694938484498,0.24,0.16,0.52
35,1.2420371646137862e-05,-9.727270919437997,3.1127860273136725e-05,7.713855208074057,3.10334547961565e-05,4.298740208241725e-08,-16.962358474731445,0.00021433840447571129,-8.447954177856445,1.7443073375034146e-05,4.01475845137611e-05,0.0002852057514246553,2.8289732654229738e-05,0.002061599981971085,0.0,2.0,0.00015502619498874992,0.16946282849886524,0.401833514683649,0.1965694938484498,2.582827285745081e-85,1.0188280848671285e-85,8.016151616355854e-76,0.030537171501134774,0.09816648531635103,0.0165694938484498,0.24,0.16,0.52
36,1.130954624749389e-05,-20.08897365030945,1.2556426146848227e-05,9.052968640662455,3.443511546498979e-05,1.432815111002128e-07,-15.758454322814941,0.00039787491550669074,-7.829372882843018,2.0058265363331884e-05,2.0650957594625652e-05,0.0004791713727172464,0.00023516002693213522,0.0030249999836087227,0.0,2.0,0.00015502619498874992,0.16946282849886524,0.401833514683649,0.1965694938484498,2.582827285745081e-85,1.0188280848671285e-85,8.016151616355854e-76,0.030537171501134774,0.09816648531635103,0.0165694938484498,0.24,0.16,0.52
37,1.2347808988673327e-05,-9.109934154900255,6.977716872943446e-05,18.11870168717152,-1.2080824700583595e-05,1.283630890469567e-08,-18.170988082885742,0.0001430614065611735,-8.8522367477417,-6.374876647896599e-06,0.00010990074224537238,2.691749978112057e-05,2.665409010660369e-05,0.0024561999598518014,0.0,2.0,0.0001430614065611735,0.16946282849886524,0.401833514683649,0.1965694938484498,2.582827285745081e-85,1.0188280848671285e-85,8.016151616355854e-76,0.030537171501134774,0.09816648531635103,0.0165694938484498,0.24,0.16,0.52
38,1.2998912780312646e-05,-1.3548917820156254,-0.00029511781357057795,10.601503955933598,-0.002419897707795817,1.7626232420298038e-06,-13.24870777130127,0.001766134169884026,-6.338962078094482,-0.0012581503251567483,-0.0004057028563693166,3.427460615057498e-05,0.00017028739966917783,0.0021129000233486295,0.0,2.0,0.0001430614065611735,0.16946282849886524,0.401833514683649,0.1965694938484498,2.582827285745081e-85,1.0188280848671285e-85,8.016151616355854e-76,0.030537171501134774,0.09816648531635103,0.0165694938484498,0.24,0.16,0.52
39,1.2140611011049311e-05,-13.753834725323827,3.1398097457020705e-06,7.27389292072393,3.661007289085595e-05,8.52876880230724e-08,-16.27723503112793,0.00027950768708251417,-8.182480812072754,2.0835799659835175e-05,5.764602519775508e-06,0.0003973310813307762,0.00010848348756553605,0.002587099908851087,0.0,2.0,0.0001430614065611735,0.16946282849886524,0.401833514683649,0.1965694938484498,2.582827285745081e-85,1.0188280848671285e-85,8.016151616355854e-76,0.030537171501134774,0.09816648531635103,0.0165694938484498,0.24,0.16,0.52
40,1.2080714395265815e-05,-11.530239076658681,7.008023649185204e-05,4.410661087731307,3.554309847153408e-05,1.0516727400045056e-07,-16.067712783813477,0.0003584381483960897,-7.9337544441223145,2.045975452347193e-05,8.422102109761909e-05,0.00043613798334263265,7.13767803972587e-05,0.002341700019314885,0.0,2.0,0.0001430614065611735,0.16946282849886524,0.401833514683649,0.1965694938484498,2.582827285745081e-85,1.0188280848671285e-85,8.016151616355854e-76,0.030537171501134774,0.09816648531635103,0.0165694938484498,0.24,0.16,0.52
41,1.1907069934497964e-05,-12.712597329334212,0.00012205077708917056,0.9659603197785854,0.00013467340338131777,2.0183030358111864e-07,-15.415838241577148,0.0005506810848601162,-7.504354476928711,7.268993795150891e-05,0.00013452608254738152,0.0005893938359804451,9.753630729392171e-05,0.005342000047676265,0.0,2.0,0.0001430614065611735,0.16946282849886524,0.401833514683649,0.1965694938484498,2.582827285745081e-85,1.0188280848671285e-85,8.016151616355854e-76,0.030537171501134774,0.09816648531635103,0.0165694938484498,0.24,0.16,0.52
42,1.2761378621514495e-05,-4.301016975986336,8.101828150705336e-05,12.40863775654409,9.081446788910327e-06,2.064334303497617e-08,-17.695873260498047,0.0002004719281103462,-8.514836311340332,4.983665348845534e-06,0.00011238754814257845,5.0209728215122595e-05,0.00011599169374676421,0.0026436999905854464,0.0,2.0,0.0001430614065611735,0.16946282849886524,0.401833514683649,0.1965694938484498,2.582827285745081e-85,1.0188280848671285e-85,8.016151616355854e-76,0.030537171501134774,0.09816648531635103,0.0165694938484498,0.24,0.16,0.52
43,1.3043551856720083e-05,-4.161317553680616,6.431212305852906e-05,8.28624084485154,0.00011147196187061127,2.4191296077447078e-08,-17.537273406982422,0.00025614298647269607,-8.269774436950684,5.863963087904267e-05,8.152329246513546e-05,0.00014157833356875926,9.038174903253093e-05,0.002742599928751588,0.0,2.0,0.0001430614065611735,0.16946282849886524,0.401833514683649,0.1965694938484498,2.582827285745081e-85,1.0188280848671285e-85,8.016151616355854e-76,0.030537171501134774,0.09816648531635103,0.0165694938484498,0.24,0.16,0.52
44,1.2076716378163014e-05,-10.832091078534656,6.54308502511595e-05,7.184211612950942,0.00010352801795948172,6.523149664872108e-08,-16.545324325561523,0.0003287314611952752,-8.020269393920898,5.533047078642994e-05,8.34961247164756e-05,0.00032823265064507723,5.1577088015619665e-05,0.0026697999564930797,0.0,2.0,0.0001430614065611735,0.16946282849886524,0.401833514683649,0.1965694938484498,2.582827285745081e-85,1.0188280848671285e-85,8.016151616355854e-76,0.030537171501134774,0.09816648531635103,0.0165694938484498,0.24,0.16,0.52
45,1.2279860561425843e-05,-7.489329069319032,-2.985796635788216e-05,3.2328735291578523,9.744637831440074e-05,6.720888734434993e-08,-16.515460968017578,0.00026792989228852093,-8.224784851074219,5.230039460002445e-05,-3.451902011875063e-05,0.00035569851752370596,6.522439434775151e-06,0.005396599997766316,0.0,2.0,0.0001430614065611735,0.16946282849886524,0.401833514683649,0.1965694938484498,2.582827285745081e-85,1.0188280848671285e-85,8.016151616355854e-76,0.030537171501134774,0.09816648531635103,0.0165694938484498,0.24,0.16,0.52
46,1.176644776597582e-05,-15.20526860009845,5.078313719823739e-05,19.16789426971199,8.895199768773292e-05,1.859526221892338e-08,-17.80035972595215,0.00020028279686812311,-8.515780448913574,4.6287103032227606e-05,8.433988114120439e-05,2.6661150513973553e-06,0.00013664551079273224,0.005365299992263317,0.0,2.0,0.0001430614065611735,0.16946282849886524,0.401833514683649,0.1965694938484498,2.582827285745081e-85,1.0188280848671285e-85,8.016151616355854e-76,0.030537171501134774,0.09816648531635103,0.0165694938484498,0.24,0.16,0.52
47,1.178140847629327e-05,-15.195700194854806,-1.9011793841821425e-05,7.570129588075097,7.019770773575737e-05,1.0037727804501628e-07,-16.114330291748047,0.00033967330818995833,-7.9875264167785645,3.840934732579626e-05,-2.1960186131764203e-05,0.0004221643612254411,0.00013644319551531225,0.0026766000082716346,0.0,2.0,0.0001430614065611735,0.16946282849886524,0.401833514683649,0.1965694938484498,2.582827285745081e-85,1.0188280848671285e-85,8.016151616355854e-76,0.030537171501134774,0.09816648531635103,0.0165694938484498,0.24,0.16,0.52
48,1.1649702435476657e-05,-15.206695133072182,0.00042660771609361606,7.167096436766024,0.0004600696664369182,4.565958988678176e-07,-14.599467277526855,0.001069922000169754,-6.840169429779053,0.0002412109897704795,0.0005416572093963623,0.00043745565926656127,0.0001366521028103307,0.0027496000984683633,0.0,2.0,0.0001430614065611735,0.16946282849886524,0.401833514683649,0.1965694938484498,2.582827285745081e-85,1.0188280848671285e-85,8.016151616355854e-76,0.030537171501134774,0.09816648531635103,0.0165694938484498,0.24,0.16,0.52
49,1.1544052396029635e-05,-12.043015405512836,-9.594372713558418e-05,-0.210815944647395,0.00013035598519251033,2.035225321606049e-07,-15.407488822937012,0.0005187763599678874,-7.564037799835205,7.052843284327537e-05,-9.985182987293229e-05,0.0006076219724491239,8.917017112253234e-05,0.0021161999320611358,0.0,2.0,0.0001430614065611735,0.16946282849886524,0.401833514683649,0.1965694938484498,2.582827285745081e-85,1.0188280848671285e-85,8.016151616355854e-76,0.030537171501134774,0.09816648531635103,0.0165694938484498,0.24,0.16,0.52
50,7.254030763457849e-05,-14.525484018402787,-0.0005536674775512056,6.728621013279888,0.004197458263071767,5.3529979595623445e-06,-12.137853622436523,0.003155649872496724,-5.758560657501221,0.002184649696573615,-0.0006909768562763929,0.0004363608022686094,0.00012368599709589034,0.0026020000223070383,0.0,2.0,0.0001430614065611735,0.16946282849886524,0.401833514683649,0.1965694938484498,2.582827285745081e-85,1.0188280848671285e-85,8.016151616355854e-76,0.030537171501134774,0.09816648531635103,0.0165694938484498,0.24,0.16,0.52
51,1.1659182891715776e-05,-16.171667452106355,-0.00016195817344574515,2.106775003532045,0.00019837280381917644,2.7218413833907107e-07,-15.11678695678711,0.0006907578790560365,-7.277721405029297,0.00010611654579406604,-0.0001789078232832253,0.0006592994905076921,0.0001521676022093743,0.0024600999895483255,0.0,2.0,0.0001430614065611735,0.16946282849886524,0.401833514683649,0.1965694938484498,2.582827285745081e-85,1.0188280848671285e-85,8.016151616355854e-76,0.030537171501134774,0.09816648531635103,0.0165694938484498,0.24,0.16,0.52
52,1.2189024149622934e-05,-12.01978834106696,-1.8252319548333345e-05,5.675741804953804,-5.883186925471323e-06,8.655313621375171e-08,-16.26250648498535,0.00026495507336221635,-8.235950469970703,-1.210646246363467e-06,-2.10675807466032e-05,0.0004076488839928061,7.770480442559347e-05,0.002566399984061718,0.0,2.0,0.0001430614065611735,0.16946282849886524,0.401833514683649,0.1965694938484498,2.582827285745081e-85,1.0188280848671285e-85,8.016151616355854e-76,0.030537171501134774,0.09816648531635103,0.0165694938484498,0.24,0.16,0.52
53,1.2503313862774834e-05,-7.439985573852921,3.8416879698546165e-05,7.107121408654728,5.8873318470310274e-05,3.413337879010214e-08,-17.192989349365234,0.00021215193555690348,-8.458208084106445,3.175711026415229e-05,4.801747127203271e-05,0.0002476831432431936,1.707154660834931e-05,0.0020723999477922916,0.0,2.0,0.0001430614065611735,0.16946282849886524,0.401833514683649,0.1965694938484498,2.582827285745081e-85,1.0188280848671285e-85,8.016151616355854e-76,0.030537171501134774,0.09816648531635103,0.0165694938484498,0.24,0.16,0.52
54,1.1365653138845927e-05,-17.99641923908342,2.2487377215633936e-05,15.877826456123797,1.5650466118551557e-05,3.500309375681354e-08,-17.167829513549805,0.00022804414038546383,-8.385971069335938,8.862425602274016e-06,3.764680150197819e-05,0.00015803295536898077,0.0002050368784694001,0.0021074999822303653,0.0,2.0,0.0001430614065611735,0.16946282849886524,0.401833514683649,0.1965694938484498,2.582827285745081e-85,1.0188280848671285e-85,8.016151616355854e-76,0.030537171501134774,0.09816648531635103,0.0165694938484498,0.24,0.16,0.52
55,1.2476413835539358e-05,-7.121793471344518,0.00018910848742933548,16.66932560165739,0.00022289702149929332,1.0021020813155701e-07,-16.115995407104492,0.00044745486229658127,-7.711935043334961,0.00011588731285883114,0.00029006245313212276,1.1149828424095176e-05,7.186031871242449e-05,0.002696200041100383,0.0,2.0,0.0001430614065611735,0.16946282849886524,0.401833514683649,0.1965694938484498,2.582827285745081e-85,1.0188280848671285e-85,8.016151616355854e-76,0.030537171501134774,0.09816648531635103,0.0165694938484498,0.24,0.16,0.52
56,1.2935417254599503e-05,-1.8271625620621084,-1.9741637811334587e-05,7.75071789332035,1.2283002925649319e-05,1.5012053822260896e-08,-18.01441192626953,0.0001526503183413297,-8.787361145019531,6.8821523200313095e-06,-2.7962443709839135e-05,0.00010035290324594826,0.00013525855320040137,0.0022017000010237098,0.0,2.0,0.0001430614065611735,0.16946282849886524,0.401833514683649,0.1965694938484498,2.582827285745081e-85,1.0188280848671285e-85,8.016151616355854e-76,0.030537171501134774,0.09816648531635103,0.0165694938484498,0.24,0.16,0.52
57,1.1926020115059269e-05,-13.5964008174955,-0.0002468872190993983,8.36995998134186,0.000289546081742186,1.933454569780224e-07,-15.458786964416504,0.000700805801898241,-7.263279914855957,0.00015217356849461794,-0.00031896584550850093,0.00035497720818966627,0.00010435562580823898,0.005322200013324618,0.0,2.0,0.0001430614065611735,0.16946282849886524,0.401833514683649,0.1965694938484498,2.582827285745081e-85,1.0188280848671285e-85,8.016151616355854e-76,0.030537171501134774,0.09816648531635103,0.0165694938484498,0.24,0.16,0.52
58,1.2854558953556679e-05,-2.7098466612036907,2.8077871809150437e-05,16.094198033272686,2.8130319659213894e-05,2.0049009563649633e-08,-17.725086212158203,0.00017212271632160991,-8.667303085327148,1.4425430890696589e-05,3.9204776840051636e-05,5.319757838151418e-05,0.0001837874442571774,0.0026175000239163637,0.0,2.0,0.0001430614065611735,0.16946282849886524,0.401833514683649,0.1965694938484498,2.582827285745081e-85,1.0188280848671285e-85,8.016151616355854e-76,0.030537171501134774,0.09816648531635103,0.0165694938484498,0.24,0.16,0.52
59,1.2393339363643432e-05,-7.494459781633552,0.00017430813945272974,6.1579421846978395,-0.00012901837109180952,8.84275408452595e-08,-16.2410831451416,0.0004242548020556569,-7.765176296234131,-6.582395144505426e-05,0.0002149677457055077,0.0002749999985098839,1.1926258594030514e-05,0.002508800011128187,0.0,2.0,0.0001430614065611735,0.16946282849886524,0.401833514683649,0.1965694938484498,2.582827285745081e-85,1.0188280848671285e-85,8.016151616355854e-76,0.030537171501134774,0.09816648531635103,0.0165694938484498,0.24,0.16,0.52
60,1.245706317212707e-05,-8.005903919404647,1.8811118531698555e-05,8.682978104677357,3.886911981919184e-05,2.4780225871268158e-08,-17.513219833374023,0.00016084275557659566,-8.73508358001709,2.1217936591710895e-05,2.4183826099033467e-05,0.00021751226449850947,1.3369726730161346e-05,0.002693000016734004,0.0,2.0,0.0001430614065611735,0.16946282849886524,0.401833514683649,0.1965694938484498,2.582827285745081e-85,1.0188280848671285e-85,8.016151616355854e-76,0.030537171501134774,0.09816648531635103,0.0165694938484498,0.24,0.16,0.52
61,1.2672619812398861e-05,-5.471316893181004,-6.888865967690182e-05,11.20458172117981,0.00011748813845557895,2.1405647032679553e-08,-17.659610748291016,0.0002486810553818941,-8.299339294433594,6.157567258924246e-05,-9.683005191618577e-05,9.967695223167539e-05,8.087368769338354e-05,0.0020133000798523426,0.0,2.0,0.0001430614065611735,0.16946282849886524,0.401833514683649,0.1965694938484498,2.582827285745081e-85,1.0188280848671285e-85,8.016151616355854e-76,0.030537171501134774,0.09816648531635103,0.0165694938484498,0.24,0.16,0.52
62,0.0004054847709822664,-22.694530477364474,-4.40226059902047e-05,3.5941961703308047,-5.164715911285262e-05,3.5654881003210903e-07,-14.846795082092285,0.0006006461335346103,-7.417504787445068,-2.328473055968061e-05,-4.655758311855607e-05,0.0007992928149178624,0.00026231486117467284,0.002687899977900088,0.0,2.0,0.0001430614065611735,0.16946282849886524,0.401833514683649,0.1965694938484498,2.582827285745081e-85,1.0188280848671285e-85,8.016151616355854e-76,0.030537171501134774,0.09816648531635103,0.0165694938484498,0.24,0.16,0.52
63,9.675395391739822e-05,-6.7342799263381625,0.00043157060815298114,-15.719379264566397,-0.0008307628424381385,6.383847903634887e-07,-14.264324188232422,0.0011802328517660499,-6.742043495178223,-0.00042807255522347987,0.00027754236361943185,0.0008655741112306714,8.366177644347772e-05,0.002771700033918023,0.0,2.0,0.0001430614065611735,0.16946282849886524,0.401833514683649,0.1965694938484498,2.582827285745081e-85,1.0188280848671285e-85,8.016151616355854e-76,0.030537171501134774,0.09816648531635103,0.0165694938484498,0.24,0.16,0.52
64,-0.00036748388024228286,-14.209474463042959,8.446750489067364e-05,-0.13860704266319848,0.00022128753801023342,2.6093965743712033e-07,-15.158976554870605,0.0006104098865762353,-7.4013800621032715,0.00011813007586169988,9.145179501501843e-05,0.0006800383562222123,0.00012161768245277926,0.0026174000231549144,0.0,2.0,0.0001430614065611735,0.16946282849886524,0.401833514683649,0.1965694938484498,2.582827285745081e-85,1.0188280848671285e-85,8.016151616355854e-76,0.030537171501134774,0.09816648531635103,0.0165694938484498,0.24,0.16,0.52
65,1.1593088268716178e-05,-18.405837661742314,-0.00017516270506959036,1.1967351913038164,-0.00017479350469334448,3.5698761280400504e-07,-14.845564842224121,0.0007541787344962358,-7.189881324768066,-8.744205115363002e-05,-0.0001886151876533404,0.0007699530106037855,0.00018629006808623672,0.002654499956406653,0.0,2.0,0.0001430614065611735,0.16946282849886524,0.401833514683649,0.1965694938484498,2.582827285745081e-85,1.0188280848671285e-85,8.016151616355854e-76,0.030537171501134774,0.09816648531635103,0.0165694938484498,0.24,0.16,0.52
66,1.1041334200857665e-05,-23.297935192711233,-0.00010913215711226421,-0.8251373427774163,0.0002618227309328073,6.006140438330476e-07,-14.325313568115234,0.0008937178645282984,-7.020120620727539,0.00014077384548727423,-0.00010894798469962552,0.0010366742499172688,0.0002513178624212742,0.0027972999960184097,0.0,2.0,0.0001430614065611735,0.16946282849886524,0.401833514683649,0.1965694938484498,2.582827285745081e-85,1.0188280848671285e-85,8.016151616355854e-76,0.030537171501134774,0.09816648531635103,0.0165694938484498,0.24,0.16,0.52
67,1.2131417729383783e-05,-11.502637039209112,-0.00028989465079571166,18.282409467839965,-0.0002585912397847012,2.3103240209820797e-07,-15.280708312988281,0.0006179091287776828,-7.389169216156006,-0.00013446994125843048,-0.00046060499153099954,6.345220299408538e-06,3.9323113014688715e-05,0.0028064000653102994,0.0,2.0,0.0001430614065611735,0.16946282849886524,0.401833514683649,0.1965694938484498,2.582827285745081e-85,1.0188280848671285e-85,8.016151616355854e-76,0.030537171501134774,0.09816648531635103,0.0165694938484498,0.24,0.16,0.52
68,1.2334688584923944e-05,-9.56416373616852,0.00011202268901194706,12.932359476093719,0.00013431975101642595,3.878628263009887e-08,-17.06519889831543,0.00029905379051342607,-8.114887237548828,7.044423546176404e-05,0.0001602371921762824,0.0001273058442166075,9.438882443646435e-06,0.002187499892897904,0.0,2.0,0.0001430614065611735,0.16946282849886524,0.401833514683649,0.1965694938484498,2.582827285745081e-85,1.0188280848671285e-85,8.016151616355854e-76,0.030537171501134774,0.09816648531635103,0.0165694938484498,0.24,0.16,0.52
69,1.2158356603854711e-05,-10.139576844825323,1.6528566801472475e-05,12.618814076771052,3.8760867166569456e-05,1.1964983670509355e-08,-18.241281509399414,0.0001285643083974719,-8.959081649780273,2.0838902855757624e-05,2.3650134608033113e-05,0.00014654721599072218,2.160332223866135e-05,0.002681999932974577,0.0,2.0,0.0001285643083974719,0.16946282849886524,0.401833514683649,0.1965694938484498,2.582827285745081e-85,1.0188280848671285e-85,8.016151616355854e-76,0.030537171501134774,0.09816648531635103,0.0165694938484498,0.24,0.16,0.52
70,3.1974400944670174e-05,-13.361830887793642,1.735393440267307e-05,21.74452761975863,3.998861557967714e-05,9.878065476698339e-09,-18.43294906616211,0.0001430122065357864,-8.852581024169922,2.037102785834577e-05,3.0656308808829635e-05,9.986273653339595e-05,8.410700684180483e-05,0.0026688999496400356,0.0,2.0,0.0001285643083974719,0.16946282849886524,0.401833514683649,0.1965694938484498,2.582827285745081e-85,1.0188280848671285e-85,8.016151616355854e-76,0.030537171501134774,0.09816648531635103,0.0165694938484498,0.24,0.16,0.52
71,1.2931900938729203e-05,-3.4183191023203854,-3.866578432827409e-05,18.952444046842476,9.385851968883967e-05,2.9684336766422348e-08,-17.332645416259766,0.0002601943560875952,-8.254081726074219,4.837135202251375e-05,-6.596792081836611e-05,0.00010439340985612944,0.00018731679301708937,0.0026015000184997916,0.0,2.0,0.0001285643083974719,0.16946282849886524,0.401833514683649,0.1965694938484498,2.582827285745081e-85,1.0188280848671285e-85,8.016151616355854e-76,0.030537171501134774,0.09816648531635103,0.0165694938484498,0.24,0.16,0.52
72,1.2691236801963364e-05,-5.0952566673592266,-0.00012503057919073158,10.244721398156429,-9.728011238682691e-05,4.1848196019600437e-08,-16.98921775817871,0.0003203189407940954,-8.04619312286377,-5.003169280826114e-05,-0.00017090828623622656,0.00011547885515028611,8.327904652105644e-05,0.002152099972590804,0.0,2.0,0.0001285643083974719,0.16946282849886524,0.401833514683649,0.1965694938484498,2.582827285745081e-85,1.0188280848671285e-85,8.016151616355854e-76,0.030537171501134774,0.09816648531635103,0.0165694938484498,0.24,0.16,0.52
73,1.2768731441612889e-05,-4.339542214662766,-3.862163132025111e-05,14.001381088355691,9.871681881074228e-05,1.4208718646102625e-08,-18.06941032409668,0.0001810384273994714,-8.616801261901855,5.143408998264931e-05,-5.9048106777481735e-05,1.4893002116878051e-05,0.00012621944188140333,0.0021065999753773212,0.0,2.0,0.0001285643083974719,0.16946282849886524,0.401833514683649,0.1965694938484498,2.582827285745081e-85,1.0188280848671285e-85,8.016151616355854e-76,0.030537171501134774,0.09816648531635103,0.0165694938484498,0.24,0.16,0.52
74,1.230759791932916e-05,-11.57597167370126,9.564298360630807e-06,7.959360945917276,3.276080858397706e-05,5.422593574166967e-08,-16.730106353759766,0.00022466585505753756,-8.400896072387695,1.8499016732675955e-05,1.3281593055580743e-05,0.00032134770299308,6.442278390750289e-05,0.0021594000281766057,0.0,2.0,0.0001285643083974719,0.16946282849886524,0.401833514683649,0.1965694938484498,2.582827285745081e-85,1.0188280848671285e-85,8.016151616355854e-76,0.030537171501134774,0.09816648531635103,0.0165694938484498,0.24,0.16,0.52
75,1.1516634474843889e-05,-9.497298484784851,9.31289290513107e-05,11.277629525872344,0.00011352470043919489,3.545632409895916e-08,-17.154964447021484,0.00028205764829181135,-8.173398971557617,5.9842339396709576e-05,0.00012877251720055938,0.00017444466357119381,1.2440946193237323e-05,0.0022184000117704272,0.0,2.0,0.0001285643083974719,0.16946282849886524,0.401833514683649,0.1965694938484498,2.582827285745081e-85,1.0188280848671285e-85,8.016151616355854e-76,0.030537171501134774,0.09816648531635103,0.0165694938484498,0.24,0.16,0.52
76,1.258317008731056e-05,-6.435404773379035,-9.784966743715904e-05,20.493303204892314,0.00014742637125723953,4.5539735538113746e-08,-16.904680252075195,0.000353282957803458,-7.948241233825684,7.61825722292997e-05,-0.0001644634030526504,0.00011344778613420203,0.00011182613525306806,0.0020837999181821942,0.0,2.0,0.0001285643083974719,0.16946282849886524,0.401833514683649,0.1965694938484498,2.582827285745081e-85,1.0188280848671285e-85,8.016151616355854e-76,0.030537171501134774,0.09816648531635103,0.0165694938484498,0.24,0.16,0.52
77,1.0032785293575479e-05,-16.248812214453295,0.0005655144380109821,6.857605761973589,0.0005776264150696552,7.247186317727028e-07,-14.137482643127441,0.001331203617155552,-6.621671676635742,0.0003025089099537581,0.0007126280688680708,0.00047566022840328515,0.00015647296095266938,0.002205299912020564,0.0,2.0,0.0001285643083974719,0.16946282849886524,0.401833514683649,0.1965694938484498,2.582827285745081e-85,1.0188280848671285e-85,8.016151616355854e-76,0.030537171501134774,0.09816648531635103,0.0165694938484498,0.24,0.16,0.52
78,1.1958712489896285e-05,-13.616290496725606,0.00021877900533240393,7.040777622691207,-0.00013294152285352412,1.6804079905341496e-07,-15.599059104919434,0.0005989400669932365,-7.42034912109375,-6.73092799843289e-05,0.0002775497268885374,0.00040213248576037586,0.00010602967086015269,0.0053521000081673265,0.0,2.0,0.0001285643083974719,0.16946282849886524,0.401833514683649,0.1965694938484498,2.582827285745081e-85,1.0188280848671285e-85,8.016151616355854e-76,0.030537171501134774,0.09816648531635103,0.0165694938484498,0.24,0.16,0.52
79,1.1548006372053142e-05,-11.594000827312948,0.00010284356191273389,16.228706336913504,-6.493878520097826e-05,2.882101135526227e-08,-17.36216163635254,0.00024377831141464412,-8.31925106048584,-3.348102836753242e-05,0.00015782724949531257,5.859272278030403e-05,4.634735523723066e-05,0.0020400999346747994,0.0,2.0,0.0001285643083974719,0.16946282849886524,0.401833514683649,0.1965694938484498,2.582827285745081e-85,1.0188280848671285e-85,8.016151616355854e-76,0.030537171501134774,0.09816648531635103,0.0165694938484498,0.24,0.16,0.52
80,1.187772282821796e-05,-13.925340824035239,2.2330143628267023e-05,6.776864936421403,3.2071627394012765e-05,9.543649781562635e-08,-16.164804458618164,0.0003141627530567348,-8.06559944152832,1.857361894508358e-05,2.98388913506642e-05,0.00041930144652724266,0.00011219907173654065,0.005429100012406707,0.0,2.0,0.0001285643083974719,0.16946282849886524,0.401833514683649,0.1965694938484498,2.582827285745081e-85,1.0188280848671285e-85,8.016151616355854e-76,0.030537171501134774,0.09816648531635103,0.0165694938484498,0.24,0.16,0.52
81,1.6453693751593526e-05,-8.50572992156098,1.6327726134819416e-05,10.391704563293105,2.0940075854844483e-05,1.6935262081574365e-08,-17.89386749267578,0.00012912375677842647,-8.954739570617676,1.1726854609150905e-05,2.1792804545839317e-05,0.00018035474931821227,1.085344501916552e-05,0.0025029999669641256,0.0,2.0,0.0001285643083974719,0.16946282849886524,0.401833514683649,0.1965694938484498,2.582827285745081e-85,1.0188280848671285e-85,8.016151616355854e-76,0.030537171501134774,0.09816648531635103,0.0165694938484498,0.24,0.16,0.52
82,1.2171372856193976e-05,-19.680071127143737,-0.00013302220276821696,8.719871293417361,0.00016011608897669127,1.7895303017212427e-07,-15.536142349243164,0.0006106714718043804,-7.400951385498047,8.543456351617351e-05,-0.00017018620565067977,0.00048400662490166724,0.00022609472216572613,0.0028156000189483166,0.0,2.0,0.0001285643083974719,0.16946282849886524,0.401833514683649,0.1965694938484498,2.582827285745081e-85,1.0188280848671285e-85,8.016151616355854e-76,0.030537171501134774,0.09816648531635103,0.0165694938484498,0.24,0.16,0.52
83,1.2597782595018869e-05,-3.6566705487744318,-7.51852129306925e-05,13.610419913390105,0.0001306823409526893,2.707543345081831e-08,-17.424638748168945,0.00025656813522800803,-8.268115997314453,6.804859731346369e-05,-0.00011192842066520825,1.294644971494563e-05,0.00014023583207745105,0.005458800005726516,0.0,2.0,0.0001285643083974719,0.16946282849886524,0.401833514683649,0.1965694938484498,2.582827285745081e-85,1.0188280848671285e-85,8.016151616355854e-76,0.030537171501134774,0.09816648531635103,0.0165694938484498,0.24,0.16,0.52
84,1.1394463927390151e-05,-18.840154247105044,0.00020988891970305181,16.249527641586432,0.00022355964014100302,1.5687867005453882e-07,-15.667793273925781,0.0006325241411104798,-7.365792274475098,0.00011696034198394045,0.0003249330329708755,0.00015489014913327992,0.00022637133952230215,0.0025809999788179994,0.0,2.0,0.0001285643083974719,0.16946282849886524,0.401833514683649,0.1965694938484498,2.582827285745081e-85,1.0188280848671285e-85,8.016151616355854e-76,0.030537171501134774,0.09816648531635103,0.0165694938484498,0.24,0.16,0.52
85,1.1411356217585824e-05,-19.294295331717,0.0005042603843651433,-10.415615216071512,0.0005049881576523486,1.1202214409422595e-06,-13.701984405517578,0.0014125872403383255,-6.5623321533203125,0.00026851025177165866,0.0003958527813665569,0.0013240582775324583,0.00017239004955627024,0.002135600079782307,0.0,2.0,0.0001285643083974719,0.16946282849886524,0.401833514683649,0.1965694938484498,2.582827285745081e-85,1.0188280848671285e-85,8.016151616355854e-76,0.030537171501134774,0.09816648531635103,0.0165694938484498,0.24,0.16,0.52
86,1.252842708675751e-05,-6.912050773514604,-1.5085134027449558e-05,14.805390155263886,1.014132707342948e-05,3.44589801137829e-09,-19.486082077026367,8.002288814168423e-05,-9.433197975158691,5.456780399981653e-06,-2.3896129278000444e-05,3.400715650059283e-05,6.733280315529555e-05,0.0027490999782457948,0.0,2.0,8.002288814168423e-05,0.16946282849886524,0.401833514683649,0.1965694938484498,2.582827285745081e-85,1.0188280848671285e-85,8.016151616355854e-76,0.030537171501134774,0.09816648531635103,0.0165694938484498,0.24,0.16,0.52
87,1.2728782133902509e-05,-6.3430726646814835,1.0327666341417617e-05,11.634310047652045,3.0321206060165614e-05,7.997512874169388e-09,-18.644134521484375,0.00011370505671948195,-9.081902503967285,1.627234451007098e-05,1.3012275303481147e-05,0.0001053152882377617,6.352557829814032e-05,0.002026099944487214,0.0,2.0,8.002288814168423e-05,0.16946282849886524,0.401833514683649,0.1965694938484498,2.582827285745081e-85,1.0188280848671285e-85,8.016151616355854e-76,0.030537171501134774,0.09816648531635103,0.0165694938484498,0.24,0.16,0.52
88,1.2843526667611043e-05,-14.711200183318502,0.0001258686050289887,7.530264501480595,-9.76931421483579e-05,1.2164883855803055e-07,-15.922127723693848,0.0004808704543393105,-7.6399126052856445,-4.893950608675368e-05,0.00016256813250947744,0.0004117321514058858,0.00012699351646006107,0.00201339996419847,0.0,2.0,8.002288814168423e-05,0.16946282849886524,0.401833514683649,0.1965694938484498,2.582827285745081e-85,1.0188280848671285e-85,8.016151616355854e-76,0.030537171501134774,0.09816648531635103,0.0165694938484498,0.24,0.16,0.52
89,1.216149112494595e-05,-10.148614727893534,-3.5267737421914025e-05,13.711613955610963,-0.0005486788809187505,9.040242332503112e-08,-16.218994140625,0.00040235405322164297,-7.818178176879883,-0.0002847752475645393,-5.1221282774349675e-05,0.0001140915701398626,1.8623490177560598e-05,0.0025025999639183283,0.0,2.0,8.002288814168423e-05,0.16946282849886524,0.401833514683649,0.1965694938484498,2.582827285745081e-85,1.0188280848671285e-85,8.016151616355854e-76,0.030537171501134774,0.09816648531635103,0.0165694938484498,0.24,0.16,0.52
90,1.1804926498144802e-05,-15.428420055680855,0.0010090350605138688,27.75716659021082,0.0007574781279248645,3.816612206719583e-06,-12.476147651672363,0.0025112107396125793,-5.986990451812744,0.0003925974015146494,0.0018997121369466186,0.00029410459683276713,0.0001436981838196516,0.005403899936936796,0.0,2.0,8.002288814168423e-05,0.16946282849886524,0.401833514683649,0.1965694938484498,2.582827285745081e-85,1.0188280848671285e-85,8.016151616355854e-76,0.030537171501134774,0.09816648531635103,0.0165694938484498,0.24,0.16,0.52
91,1.1697892419719935e-05,-13.992156276427368,0.00016803082056865204,9.062171705690899,0.00018449059447183904,1.2336924726241705e-07,-15.90808391571045,0.000546660041436553,-7.511683464050293,9.747560397954658e-05,0.0002234360872535035,0.0003396858519408852,0.00011181078298250213,0.0026093999622389674,0.0,2.0,8.002288814168423e-05,0.16946282849886524,0.401833514683649,0.1965694938484498,2.582827285745081e-85,1.0188280848671285e-85,8.016151616355854e-76,0.030537171501134774,0.09816648531635103,0.0165694938484498,0.24,0.16,0.52
92,1.2391043988496189e-05,-8.31036296792414,-0.0004161450498156855,12.453027867488482,-0.00039024560399102343,3.96996341578415e-07,-14.739338874816895,0.0008638545987196267,-7.05410623550415,-0.00020236418640706688,-0.0005904977442696691,0.00011913335765711963,2.285204936924856e-05,0.002170699997805059,0.0,2.0,8.002288814168423e-05,0.16946282849886524,0.401833514683649,0.1965694938484498,2.582827285745081e-85,1.0188280848671285e-85,8.016151616355854e-76,0.030537171501134774,0.09816648531635103,0.0165694938484498,0.24,0.16,0.52
93,1.2596496882128483e-05,-6.006960849812912,2.896568535160878e-05,4.260420181510277,5.3196438220059067e-05,4.326491165329571e-08,-16.955923080444336,0.0002199779119109735,-8.42198371887207,2.898144521168433e-05,3.3524149330332875e-05,0.00028593861497938633,2.9006003387621604e-05,0.0025806999765336514,0.0,2.0,8.002288814168423e-05,0.16946282849886524,0.401833514683649,0.1965694938484498,2.582827285745081e-85,1.0188280848671285e-85,8.016151616355854e-76,0.030537171501134774,0.09816648531635103,0.0165694938484498,0.24,0.16,0.52
94,1.3369876343612103e-05,0.3589470908804867,2.8018635982310257e-05,12.739603766705669,1.9982736570069307e-05,2.8712953792364715e-08,-17.365917205810547,0.00017907209985423833,-8.627721786499023,1.027651615004288e-05,3.5490829759510234e-05,3.5439577914075926e-05,0.0002311699208803475,0.0026920000091195107,0.0,2.0,8.002288814168423e-05,0.16946282849886524,0.401833514683649,0.1965694938484498,2.582827285745081e-85,1.0188280848671285e-85,8.016151616355854e-76,0.030537171501134774,0.09816648531635103,0.0165694938484498,0.24,0.16,0.52
95,1.259038535154792e-05,-5.933527645560774,-0.00021715984659645106,12.792267544069121,0.0002603405658882722,1.2112346325920953e-07,-15.9264554977417,0.0005218260921537876,-7.558176040649414,0.00013572032912634313,-0.00031166235567070544,6.913245306350291e-05,7.975441258167848e-05,0.0027178999735042453,0.0,2.0,8.002288814168423e-05,0.16946282849886524,0.401833514683649,0.1965694938484498,2.582827285745081e-85,1.0188280848671285e-85,8.016151616355854e-76,0.030537171501134774,0.09816648531635103,0.0165694938484498,0.24,0.16,0.52
96,1.243012957842489e-05,-9.450647206983364,8.449202089308119e-05,10.570684155235435,-0.0004245591660803,8.055657474415057e-08,-16.334306716918945,0.0004389373061712831,-7.731153964996338,-0.0002198723377659917,0.000115119808469899,0.0001942533126566559,1.3637053598358762e-05,0.0026784000219777226,0.0,2.0,8.002288814168423e-05,0.16946282849886524,0.401833514683649,0.1965694938484498,2.582827285745081e-85,1.0188280848671285e-85,8.016151616355854e-76,0.030537171501134774,0.09816648531635103,0.0165694938484498,0.24,0.16,0.52
97,1.185973762535579e-05,-13.522193367473756,-5.3023852415364704e-05,12.86396232027487,8.153956776819766e-05,3.183085084401682e-08,-17.26283073425293,0.00026570260524749756,-8.233133316040039,4.330911906436086e-05,-7.423812348861247e-05,0.00019809392688330263,9.821681305766106e-05,0.002572000026702881,0.0,2.0,8.002288814168423e-05,0.16946282849886524,0.401833514683649,0.1965694938484498,2.582827285745081e-85,1.0188280848671285e-85,8.016151616355854e-76,0.030537171501134774,0.09816648531635103,0.0165694938484498,0.24,0.16,0.52
98,-4.415578291423329e-05,-5.108117432933265,0.00011715764861742758,12.18749941423193,0.00015415292977151215,4.008044385273024e-08,-17.032377243041992,0.00032615597592666745,-8.028135299682617,8.050593169173226e-05,0.0001631860650377348,6.945494533283636e-05,9.547304216539487e-05,0.00258969992864877,0.0,2.0,8.002288814168423e-05,0.16946282849886524,0.401833514683649,0.1965694938484498,2.582827285745081e-85,1.0188280848671285e-85,8.016151616355854e-76,0.030537171501134774,0.09816648531635103,0.0165694938484498,0.24,0.16,0.52
99,1.2597364445859328e-05,-6.3525595095823295,-0.0002309295462533311,7.489876461013686,-0.00020987750067051923,1.2190909615128476e-07,-15.919990539550781,0.0005290624685585499,-7.544404029846191,-0.00010815323184942827,-0.00029502552933990955,0.00021147106599528342,4.029626143164933e-05,0.0025967000983655453,0.0,2.0,8.002288814168423e-05,0.16946282849886524,0.401833514683649,0.1965694938484498,2.582827285745081e-85,1.0188280848671285e-85,8.016151616355854e-76,0.030537171501134774,0.09816648531635103,0.0165694938484498,0.24,0.16,0.52
100,1.2145140262948638e-05,-10.966444790178622,-5.402711599742357e-05,1.3671601141063585,-4.2865095705057795e-05,1.4080178800668364e-07,-15.775912284851074,0.00037220612284727395,-7.896062850952148,-1.9940405763918534e-05,-5.8337744121672586e-05,0.0005188884679228067,6.896744162077084e-05,0.0028698000824078918,0.0,2.0,8.002288814168423e-05,0.16946282849886524,0.401833514683649,0.1965694938484498,2.582827285745081e-85,1.0188280848671285e-85,8.016151616355854e-76,0.030537171501134774,0.09816648531635103,0.0165694938484498,0.24,0.16,0.52
0,10.0,-10.0,0.0,10.0,0.0,2.664279996622554e-08,-17.440746307373047,0.00016519649943802506,-8.708374977111816,-4.810091240869951e-07,-3.472792968750582e-06,0.00013611702888738364,0.00018636837194208056,0.0026544000720605254,0.0,3.0,0.00016519649943802506,0.14990755131490743,0.31665404278780573,0.1710874206523585,9.445655260049081e-158,2.810845977193239e-155,5.394985195406489e-220,0.05009244868509258,0.18334595721219427,0.008912579347641503,0.24,0.16,0.52
1,0.04701456266600495,4.902389001706305,-0.0004835291680525848,-1.7032993671089158,2.5192876451474363e-05,2.588920438029163e-07,-15.166854858398438,0.0006191732245497406,-7.387125492095947,1.3461502931022551e-05,-0.0004937793710269034,6.331235636025667e-05,0.0001605523721082136,0.0025393000105395913,0.0,3.0,0.00016519649943802506,0.14990755131490743,0.31665404278780573,0.1710874206523585,9.445655260049081e-158,2.810845977193239e-155,5.394985195406489e-220,0.05009244868509258,0.18334595721219427,0.008912579347641503,0.24,0.16,0.52
2,1.1350394615997483e-05,-18.801673159314888,-0.00022510621450421423,14.429529966142725,-0.0002149555932497206,1.7058439993888896e-07,-15.584035873413086,0.0006637973710894585,-7.317533493041992,-0.00011074163921875879,-0.00032836495665833354,0.00022803737374488264,0.00022134423488751054,0.0026993999490514398,0.0,3.0,0.00016519649943802506,0.14990755131490743,0.31665404278780573,0.1710874206523585,9.445655260049081e-158,2.810845977193239e-155,5.394985195406489e-220,0.05009244868509258,0.18334595721219427,0.008912579347641503,0.24,0.16,0.52
3,-3.4075267941676674e-05,-11.69854762514599,5.373919264705039e-05,12.260826457981945,-0.002109577118520976,1.226230551765184e-06,-13.611565589904785,0.001294358866289258,-6.649739742279053,-0.001096125110052526,7.668901525903493e-05,0.00018546603678259999,5.762330329162069e-05,0.0026988000608980656,0.0,3.0,0.00016519649943802506,0.14990755131490743,0.31665404278780573,0.1710874206523585,9.445655260049081e-158,2.810845977193239e-155,5.394985195406489e-220,0.05009244868509258,0.18334595721219427,0.008912579347641503,0.24,0.16,0.52
4,1.1879008835042057e-05,-12.040237374193726,-0.00027589450325856237,10.411993173255174,-0.00533228767090126,7.855634066800121e-06,-11.754279136657715,0.0033056149259209633,-5.712132930755615,-0.0027716385666280985,-0.0003736024082172662,0.00025178008945658803,6.896798004163429e-05,0.005331600084900856,0.0,3.0,0.00016519649943802506,0.14990755131490743,0.31665404278780573,0.1710874206523585,9.445655260049081e-158,2.810845977193239e-155,5.394985195406489e-220,0.05009244868509258,0.18334595721219427,0.008912579347641503,0.24,0.16,0.52
5,1.2220504091985834e-05,-9.03151079533691,6.190458438715002e-05,-0.911374857579574,7.526839976838681e-05,1.4522549918183358e-07,-15.744977951049805,0.00039232312701642513,-7.8434247970581055,4.1526374843670055e-05,6.486912752734497e-05,0.0005257993470877409,4.6055862185312435e-05,0.003043100005015731,0.0,3.0,0.00016519649943802506,0.14990755131490743,0.31665404278780573,0.1710874206523585,9.445655260049081e-158,2.810845977193239e-155,5.394985195406489e-220,0.05009244868509258,0.18334595721219427,0.008912579347641503,0.24,0.16,0.52
6,1.2180460121561615e-05,-11.67936032259947,-1.3409230819035862e-07,12.73612035793777,1.7510203734468268e-05,1.61191096026414e-08,-17.943260192871094,0.00012354632781352848,-8.998894691467285,9.890904948406387e-06,5.963426588095899e-07,0.0001699674903647974,5.6150671298382804e-05,0.0020283000776544213,0.0,3.0,0.00012354632781352848,0.14990755131490743,0.31665404278780573,0.1710874206523585,9.445655260049081e-158,2.810845977193239e-155,5.394985195406489e-220,0.05009244868509258,0.18334595721219427,0.008912579347641503,0.24,0.16,0.52
7,1.1397241373354609e-05,-18.185834210149366,-2.364334484530726e-05,10.22784054010091,4.0470720317199493e-05,9.621045649055304e-08,-16.156726837158203,0.00034463629708625376,-7.973021030426025,2.2790949515183456e-05,-2.8550657589221373e-05,0.0003873909590765834,0.00019919841724913567,0.0025553000159561634,0.0,3.0,0.00012354632781352848,0.14990755131490743,0.31665404278780573,0.1710874206523585,9.445655260049081e-158,2.810845977193239e-155,5.394985195406489e-220,0.05009244868509258,0.18334595721219427,0.008912579347641503,0.24,0.16,0.52
8,1.2755653369324348e-05,-6.5878641061267125,4.9088674794288916e-05,14.991884195786511,7.023634266026813e-05,9.696910829859462e-09,-18.451457977294922,0.0001587971783010289,-8.747882843017578,3.666428892756812e-05,7.161567191360518e-05,2.4597202354925685e-05,7.643723074579611e-05,0.002445999998599291,0.0,3.0,0.00012354632781352848,0.14990755131490743,0.31665404278780573,0.1710874206523585,9.445655260049081e-158,2.810845977193239e-155,5.394985195406489e-220,0.05009244868509258,0.18334595721219427,0.008912579347641503,0.24,0.16,0.52
9,1.2333727619843707e-05,-8.075342897915297,1.2984098262365643e-05,13.438819836314766,2.7348540338782195e-05,4.94563678898885e-09,-19.124759674072266,9.290680463891476e-05,-9.283913612365723,1.464579145249445e-05,1.796618198568467e-05,8.809568680590019e-05,3.249396468163468e-05,0.0025722000282257795,0.0,3.0,9.290680463891476e-05,0.14990755131490743,0.31665404278780573,0.1710874206523585,9.445655260049081e-158,2.810845977193239e-155,5.394985195406489e-220,0.05009244868509258,0.18334595721219427,0.008912579347641503,0.24,0.16,0.52
10,1.2615504679165699e-05,-5.774901401238395,-8.794080429110312e-05,-0.12103392935720281,-7.181134437391718e-05,8.699394982158992e-08,-16.257427215576172,0.00032960178214125335,-8.01762580871582,-3.554260911187157e-05,-9.338766540167853e-05,0.0003923492622561753,8.993757546704728e-06,0.0025126999244093895,0.0,3.0,9.290680463891476e-05,0.14990755131490743,0.31665404278780573,0.1710874206523585,9.445655260049081e-158,2.810845977193239e-155,5.394985195406489e-220,0.05009244868509258,0.18334595721219427,0.008912579347641503,0.24,0.16,0.52
11,1.2244224382707264e-05,-12.290898106367058,-4.0243956986422806e-05,9.042244998728359,-0.00011248636362911198,5.4578002561811445e-08,-16.723634719848633,0.0002985007013194263,-8.116738319396973,-5.71164746361319e-05,-5.185857298783958e-05,0.00030224843067117035,7.680289854761213e-05,0.002070500049740076,0.0,3.0,9.290680463891476e-05,0.14990755131490743,0.31665404278780573,0.1710874206523585,9.445655260049081e-158,2.810845977193239e-155,5.394985195406489e-220,0.05009244868509258,0.18334595721219427,0.008912579347641503,0.24,0.16,0.52
12,1.3578111157155889e-05,-2.252954067060935,-3.251399658672804e-05,3.212737204377984,4.5087645153530056e-05,2.7150298009814833e-08,-17.421876907348633,0.00021096615819260478,-8.463812828063965,2.441270771669224e-05,-3.9263657527044415e-05,0.00020489536109380424,8.968421025201678e-05,0.0020474999910220504,0.0,3.0,9.290680463891476e-05,0.14990755131490743,0.31665404278780573,0.1710874206523585,9.445655260049081e-158,2.810845977193239e-155,5.394985195406489e-220,0.05009244868509258,0.18334595721219427,0.008912579347641503,0.24,0.16,0.52
13,1.2579645383041672e-05,-7.770305651396175,-0.00019110240730807275,11.327699664610238,-0.0001732762810206997,8.86629294427621e-08,-16.23842430114746,0.00043972671846859157,-7.7293572425842285,-8.944504952523857e-05,-0.00026534689823165536,0.00014006755372975022,2.980202407343313e-05,0.002116900053806603,0.0,3.0,9.290680463891476e-05,0.14990755131490743,0.31665404278780573,0.1710874206523585,9.445655260049081e-158,2.810845977193239e-155,5.394985195406489e-220,0.05009244868509258,0.18334595721219427,0.008912579347641503,0.24,0.16,0.52
14,1.2016925504262627e-05,-13.757617883580876,-3.179031679466454e-05,11.888859296333287,-1.6256054799048547e-05,3.517476088177318e-08,-17.16293716430664,0.00022042551427148283,-8.419950485229492,-7.375988388957921e-06,-4.285481554688886e-05,0.00023590301861986518,0.00010448641842231154,0.0025859999004751444,0.0,3.0,9.290680463891476e-05,0.14990755131490743,0.31665404278780573,0.1710874206523585,9.445655260049081e-158,2.810845977193239e-155,5.394985195406489e-220,0.05009244868509258,0.18334595721219427,0.008912579347641503,0.24,0.16,0.52
15,1.1837195127152607e-05,-14.355354970537038,4.266530316343515e-05,9.34030384030707,5.5356725158939735e-05,6.853041156773543e-08,-16.495988845825195,0.00031739973928779364,-8.05534839630127,3.0317305572680198e-05,5.8577581512508914e-05,0.000337891629897058,0.00011911809269804507,0.002056300058029592,0.0,3.0,9.290680463891476e-05,0.14990755131490743,0.31665404278780573,0.1710874206523585,9.445655260049081e-158,2.810845977193239e-155,5.394985195406489e-220,0.05009244868509258,0.18334595721219427,0.008912579347641503,0.24,0.16,0.52
16,1.2748993997168218e-05,-11.372159505899816,-3.9716550501492784e-05,-0.6930189319305324,-2.4256548767962542e-05,1.853176598842765e-07,-15.50119400024414,0.0003903963079210371,-7.848348140716553,-9.899055839923676e-06,-4.0099435864249244e-05,0.0006006688927300274,8.012672333279625e-05,0.002117499941959977,0.0,3.0,9.290680463891476e-05,0.14990755131490743,0.31665404278780573,0.1710874206523585,9.445655260049081e-158,2.810845977193239e-155,5.394985195406489e-220,0.05009244868509258,0.18334595721219427,0.008912579347641503,0.24,0.16,0.52
17,1.2043980868362959e-05,-12.539583215481658,0.0004927403234094358,12.879751352240216,0.00033795416234677064,5.483939276018646e-07,-14.416272163391113,0.0010103235254064202,-6.89748477935791,0.00017656695854384452,0.0007057556649670005,0.00018037193513009697,7.56298250053078e-05,0.002052400028333068,0.0,3.0,9.290680463891476e-05,0.14990755131490743,0.31665404278780573,0.1710874206523585,9.445655260049081e-158,2.810845977193239e-155,5.394985195406489e-220,0.05009244868509258,0.18334595721219427,0.008912579347641503,0.24,0.16,0.52
18,1.2180796906482891e-05,-8.578878439648408,-0.00013101462996584443,11.488519203645122,0.0001428021152362211,5.0383398786379985e-08,-16.803604125976562,0.00033956553670577705,-7.9878435134887695,7.496282341890037e-05,-0.0001824444771045819,0.00015091878594830632,1.3397643670032267e-05,0.005457299994304776,0.0,3.0,9.290680463891476e-05,0.14990755131490743,0.31665404278780573,0.1710874206523585,9.445655260049081e-158,2.810845977193239e-155,5.394985195406489e-220,0.05009244868509258,0.18334595721219427,0.008912579347641503,0.24,0.16,0.52
19,1.1541903016351378e-05,-17.325075468926475,-0.00011408205281230169,16.61649067750778,-9.847452161114525e-05,5.754856147177634e-08,-16.670637130737305,0.00037813850212842226,-7.880249977111816,-5.0650334742385894e-05,-0.00017253492842428386,0.00012025026808260009,0.0001896562025649473,0.00528660009149462,0.0,3.0,9.290680463891476e-05,0.14990755131490743,0.31665404278780573,0.1710874206523585,9.445655260049081e-158,2.810845977193239e-155,5.394985195406489e-220,0.05009244868509258,0.18334595721219427,0.008912579347641503,0.24,0.16,0.52
20,1.192415034573792e-05,-14.065666387811085,-2.1976904503287567e-05,9.792355185435666,-7.631716632775362e-06,5.689319948487537e-08,-16.682090759277344,0.00024427910102531314,-8.317198753356934,-2.536309921197244e-06,-2.7599186068982817e-05,0.000315472629154101,0.00011281456681899726,0.0020954000065103173,0.0,3.0,9.290680463891476e-05,0.14990755131490743,0.31665404278780573,0.1710874206523585,9.445655260049081e-158,2.810845977193239e-155,5.394985195406489e-220,0.05009244868509258,0.18334595721219427,0.008912579347641503,0.24,0.16,0.52
21,1.1690088831109863e-05,-2.6867031013082268,6.417961594414519e-05,18.95921482105554,6.6622435276756e-05,3.887551969228298e-08,-17.06290054321289,0.0002932006027549505,-8.134653091430664,3.4177857742179185e-05,9.929945372277871e-05,0.00011139651905978099,0.00020805009989999235,0.005380699993111193,0.0,3.0,9.290680463891476e-05,0.14990755131490743,0.31665404278780573,0.1710874206523585,9.445655260049081e-158,2.810845977193239e-155,5.394985195406489e-220,0.05009244868509258,0.18334595721219427,0.008912579347641503,0.24,0.16,0.52
22,2.363169542260682e-05,-5.681274169005726,0.0004431228136815028,14.154779325577834,-0.0004301548071331053,4.752185418510635e-07,-14.559491157531738,0.0009347795275971293,-6.9751996994018555,-0.00022350500512402505,0.0006483308970928192,3.1811192457098514e-05,9.407596371602267e-05,0.0020231999224051833,0.0,3.0,9.290680463891476e-05,0.14990755131490743,0.31665404278780573,0.1710874206523585,9.445655260049081e-158,2.810845977193239e-155,5.394985195406489e-220,0.05009244868509258,0.18334595721219427,0.008912579347641503,0.24,0.16,0.52
23,1.2493717523536847e-05,-5.387337688560311,1.9019954519385084e-05,7.672585242373201,1.9846366819466084e-05,1.9476095403092586e-08,-17.754077911376953,0.00015676561451982707,-8.760758399963379,1.1183047718077432e-05,2.301387576153502e-05,0.00018419914704281837,6.093821139074862e-05,0.0021146999206393957,0.0,3.0,9.290680463891476e-05,0.14990755131490743,0.31665404278780573,0.1710874206523585,9.445655260049081e-158,2.810845977193239e-155,5.394985195406489e-220,0.05009244868509258,0.18334595721219427,0.008912579347641503,0.24,0.16,0.52
24,1.1523501100664226e-05,-18.35302110483318,0.00017247966313348358,3.7012204423579322,0.00018368638441212324,2.886532399770658e-07,-15.058039665222168,0.000728932092897594,-7.2239298820495605,9.848642366705462e-05,0.00020436322665773332,0.0006619702908210456,0.00019019466708414257,0.00533529999665916,0.0,3.0,9.290680463891476e-05,0.14990755131490743,0.31665404278780573,0.1710874206523585,9.445655260049081e-158,2.810845977193239e-155,5.394985195406489e-220,0.05009244868509258,0.18334595721219427,0.008912579347641503,0.24,0.16,0.52
25,1.2589799815722769e-05,-4.148629291222025,-6.453610416133752e-05,8.89006295517825,7.865624450595716e-05,2.1865110610974625e-08,-17.63837432861328,0.0002393911127001047,-8.337411880493164,4.151169559918344e-05,-8.672920375829563e-05,0.00012744643026962876,9.48539818637073e-05,0.0020334000000730157,0.0,3.0,9.290680463891476e-05,0.14990755131490743,0.31665404278780573,0.1710874206523585,9.445655260049081e-158,2.810845977193239e-155,5.394985195406489e-220,0.05009244868509258,0.18334595721219427,0.008912579347641503,0.24,0.16,0.52
26,1.1313412077893369e-05,-19.068790053236228,-3.125449062392369e-05,13.010496878074173,3.824207170271525e-05,6.950194375576757e-08,-16.481910705566406,0.00031957487226463854,-8.048519134521484,2.1199924958636984e-05,-4.094531323062256e-05,0.0002906856534536928,0.00022417363652493805,0.0024690000573173165,0.0,3.0,9.290680463891476e-05,0.14990755131490743,0.31665404278780573,0.1710874206523585,9.445655260049081e-158,2.810845977193239e-155,5.394985195406489e-220,0.05009244868509258,0.18334595721219427,0.008912579347641503,0.24,0.16,0.52
27,1.2415754883782523e-05,-6.956077622909744,-0.00010671878796971476,8.830692359460786,-8.0799167022839e-05,4.024286681669764e-08,-17.02833366394043,0.00029464313411153853,-8.129745483398438,-4.112964597879909e-05,-0.0001408658572472632,0.0001902268995763734,3.506836947053671e-05,0.0020475999917834997,0.0,3.0,9.290680463891476e-05,0.14990755131490743,0.31665404278780573,0.1710874206523585,9.445655260049081e-158,2.810845977193239e-155,5.394985195406489e-220,0.05009244868509258,0.18334595721219427,0.008912579347641503,0.24,0.16,0.52
28,1.2281660132746712e-05,-8.787338737505932,1.566305656956561e-05,11.248654336593031,-1.422826095070515e-05,1.3607015958427837e-08,-18.112680435180664,0.00011333405564073473,-9.08517074584961,-6.645170287811197e-06,2.132562622136902e-05,0.00016165997658390552,9.066546226677019e-06,0.002047099987976253,0.0,3.0,9.290680463891476e-05,0.14990755131490743,0.31665404278780573,0.1710874206523585,9.445655260049081e-158,2.810845977193239e-155,5.394985195406489e-220,0.05009244868509258,0.18334595721219427,0.008912579347641503,0.24,0.16,0.52
29,1.2069561471752424e-05,-11.388237055375214,0.00015273117475957614,11.1503379851897,0.00016669207044894054,7.690290715345327e-08,-16.380722045898438,0.00043317227391526103,-7.744375228881836,8.766735118115321e-05,0.0002114216040354222,0.00021495300461538136,5.321368735167198e-05,0.0025056999875232577,0.0,3.0,9.290680463891476e-05,0.14990755131490743,0.31665404278780573,0.1710874206523585,9.445655260049081e-158,2.810845977193239e-155,5.394985195406489e-220,0.05009244868509258,0.18334595721219427,0.008912579347641503,0.24,0.16,0.52
30,1.2178129009190391e-05,-11.570933759081674,7.166210055624967e-05,8.612364435347123,8.969041396623823e-05,5.824022863976097e-08,-16.658689498901367,0.0003240054938942194,-8.034749984741211,4.8007241275627166e-05,9.451793448533863e-05,0.00030008380417712033,6.28768393653445e-05,0.0054709999822080135,0.0,3.0,9.290680463891476e-05,0.14990755131490743,0.31665404278780573,0.1710874206523585,9.445655260049081e-158,2.810845977193239e-155,5.394985195406489e-220,0.05009244868509258,0.18334595721219427,0.008912579347641503,0.24,0.16,0.52
31,1.282713028224681e-05,-1.5680619192433658,0.004864272534785758,-23.33233554687774,0.0005949072257096602,5.0953158279298805e-06,-12.187189102172852,0.002914818236604333,-5.837947845458984,0.0003128298558294773,0.002168951788917184,0.0007579685770906508,0.00010810467938426882,0.002599800005555153,0.0,3.0,9.290680463891476e-05,0.14990755131490743,0.31665404278780573,0.1710874206523585,9.445655260049081e-158,2.810845977193239e-155,5.394985195406489e-220,0.05009244868509258,0.18334595721219427,0.008912579347641503,0.24,0.16,0.52
32,1.2130246454931472e-05,-11.479711340438158,7.328152135160408e-05,6.494451322122909,-6.716231509254932e-05,7.896807829865793e-08,-16.35422134399414,0.0003416917461436242,-7.981601715087891,-3.325834040879272e-05,9.224542009178549e-05,0.000366572494385764,6.580346962437034e-05,0.005727300071157515,0.0,3.0,9.290680463891476e-05,0.14990755131490743,0.31665404278780573,0.1710874206523585,9.445655260049081e-158,2.810845977193239e-155,5.394985195406489e-220,0.05009244868509258,0.18334595721219427,0.008912579347641503,0.24,0.16,0.52
33,1.1860493752142794e-05,-12.465908596494923,2.359071673151675e-06,7.106908772779108,2.1676137332567282e-05,7.255263057004413e-08,-16.438953399658203,0.0002446488942950964,-8.315686225891113,1.2955788406543434e-05,4.309156338422326e-06,0.0003711293975356966,8.363848610315472e-05,0.004180599935352802,0.0,3.0,9.290680463891476e-05,0.14990755131490743,0.31665404278780573,0.1710874206523585,9.445655260049081e-158,2.810845977193239e-155,5.394985195406489e-220,0.05009244868509258,0.18334595721219427,0.008912579347641503,0.24,0.16,0.52
34,1.2118138127921657e-05,-10.969079655383542,-0.0007018409362018479,4.083780059306129,0.0007070405842955666,9.115892680711113e-07,-13.908076286315918,0.0014408761635422707,-6.542503833770752,0.0003696161729749292,-0.0008247630321420729,0.00043082909542135894,6.216484325705096e-05,0.0020711999386548996,0.0,3.0,9.290680463891476e-05,0.14990755131490743,0.31665404278780573,0.1710874206523585,9.445655260049081e-158,2.810845977193239e-155,5.394985195406489e-220,0.05009244868509258,0.18334595721219427,0.008912579347641503,0.24,0.16,0.52
35,1.1882846187947404e-05,-13.738163657787625,0.0001146948714997218,9.266727120570398,-0.00010676920029232056,8.559958786236166e-08,-16.27358627319336,0.00042432089685462415,-7.765020370483398,-5.4036536312196404e-05,0.00015367362357210368,0.00032680988078936934,0.00010641156404744834,0.00260899995919317,0.0,3.0,9.290680463891476e-05,0.14990755131490743,0.31665404278780573,0.1710874206523585,9.445655260049081e-158,2.810845977193239e-155,5.394985195406489e-220,0.05009244868509258,0.18334595721219427,0.008912579347641503,0.24,0.16,0.52
36,9.535930506154014e-06,-18.613124714011473,-0.00016696364318911496,15.447176591620952,-0.0001704341981991455,1.0996740940072414e-07,-16.023082733154297,0.0005369873251765966,-7.529536247253418,-8.778650226304308e-05,-0.00024764679255895317,0.00018400419503450394,0.00021910380746703595,0.0027464000741019845,0.0,3.0,9.290680463891476e-05,0.14990755131490743,0.31665404278780573,0.1710874206523585,9.445655260049081e-158,2.810845977193239e-155,5.394985195406489e-220,0.05009244868509258,0.18334595721219427,0.008912579347641503,0.24,0.16,0.52
37,1.4606730611270927e-05,-9.482060742469763,-6.596147255858673e-05,15.402844405619465,-4.9756398608937154e-05,1.2105895841330039e-08,-18.229572296142578,0.00015721592353656888,-8.757890701293945,-2.5601422748877667e-05,-9.957799193216488e-05,5.4583091696258634e-05,9.489925105299335e-06,0.0024847000604495406,0.0,3.0,9.290680463891476e-05,0.14990755131490743,0.31665404278780573,0.1710874206523585,9.445655260049081e-158,2.810845977193239e-155,5.394985195406489e-220,0.05009244868509258,0.18334595721219427,0.008912579347641503,0.24,0.16,0.52
38,1.2386309950743499e-05,-4.835008013614762,6.93921102286208e-05,9.735854510192837,-6.1839160364319e-05,2.0444504755801063e-08,-17.705551147460938,0.0002266615629196167,-8.39205265045166,-3.15710531140212e-05,9.109138045459986e-05,0.00012228333798702806,8.571493526687846e-05,0.002052399911917746,0.0,3.0,9.290680463891476e-05,0.14990755131490743,0.31665404278780573,0.1710874206523585,9.445655260049081e-158,2.810845977193239e-155,5.394985195406489e-220,0.05009244868509258,0.18334595721219427,0.008912579347641503,0.24,0.16,0.52
39,1.1788815923554735e-05,-14.548172447726541,-0.0013981116526149704,4.073484856800257,-0.001377826633682528,3.3579258342797402e-06,-12.60418701171875,0.002686243038624525,-5.919611930847168,-0.0007140602101571858,-0.0016423665219917893,0.00053450430277735,0.0001251283974852413,0.002105899970047176,0.0,3.0,9.290680463891476e-05,0.14990755131490743,0.31665404278780573,0.1710874206523585,9.445655260049081e-158,2.810845977193239e-155,5.394985195406489e-220,0.05009244868509258,0.18334595721219427,0.008912579347641503,0.24,0.16,0.52
40,1.3193591152748847e-05,1.1504309441102718,0.00012404835291692805,13.426980344491337,-0.0001109664004816244,6.88146570837489e-08,-16.491849899291992,0.00039107035263441503,-7.846622943878174,-5.79247425775975e-05,0.00017442759417463094,5.9506197430891916e-05,0.0002579298452474177,0.0020268000662326813,0.0,3.0,9.290680463891476e-05,0.14990755131490743,0.31665404278780573,0.1710874206523585,9.445655260049081e-158,2.810845977193239e-155,5.394985195406489e-220,0.05009244868509258,0.18334595721219427,0.008912579347641503,0.24,0.16,0.52
41,1.2648637229290197e-05,-4.249648753342621,-2.6650480716907545e-05,15.904626465336435,-0.0025861223458005524,1.821089881559601e-06,-13.21607494354248,0.0014738519676029682,-6.519876003265381,-0.0013448804384097457,-4.333717515692115e-05,2.9285676646395586e-05,0.00014198308053892106,0.0025967999827116728,0.0,3.0,9.290680463891476e-05,0.14990755131490743,0.31665404278780573,0.1710874206523585,9.445655260049081e-158,2.810845977193239e-155,5.394985195406489e-220,0.05009244868509258,0.18334595721219427,0.008912579347641503,0.24,0.16,0.52
42,1.270748853870407e-05,-5.210290592853339,-1.8684761907445757e-05,12.502723207314231,-3.88424269686575e-05,7.759767939319318e-09,-18.674312591552734,0.00012777844676747918,-8.96521282196045,-1.9877586964867078e-05,-2.8477343221311457e-05,6.375203520292416e-05,9.509499795967713e-05,0.0020596999675035477,0.0,3.0,9.290680463891476e-05,0.14990755131490743,0.31665404278780573,0.1710874206523585,9.445655260049081e-158,2.810845977193239e-155,5.394985195406489e-220,0.05009244868509258,0.18334595721219427,0.008912579347641503,0.24,0.16,0.52
43,1.1364576953716163e-05,-17.853037941679666,-6.0655624114513015e-05,9.816845731130128,-3.60298455328517e-05,1.0346406043026946e-07,-16.084041595458984,0.0003891809319611639,-7.851466178894043,-1.6946765754255466e-05,-7.802597974659875e-05,0.00039682575152255595,0.00019159060320816934,0.0020324999932199717,0.0,3.0,9.290680463891476e-05,0.14990755131490743,0.31665404278780573,0.1710874206523585,9.445655260049081e-158,2.810845977193239e-155,5.394985195406489e-220,0.05009244868509258,0.18334595721219427,0.008912579347641503,0.24,0.16,0.52
44,1.1920520131137617e-05,-10.946657097606186,0.0001719227109475797,10.252554618490167,-0.00015196485285823495,8.900683923229735e-08,-16.23455238342285,0.00045133510138839483,-7.703300476074219,-7.794651173753664e-05,0.00023327514645643532,0.00023435840557795018,4.5868451707065105e-05,0.002545999945141375,0.0,3.0,9.290680463891476e-05,0.14990755131490743,0.31665404278780573,0.1710874206523585,9.445655260049081e-158,2.810845977193239e-155,5.394985195406489e-220,0.05009244868509258,0.18334595721219427,0.008912579347641503,0.24,0.16,0.52
45,1.2397069561189899e-05,-9.234501965003062,9.546493158981086e-05,8.0800128415001,-8.263987472494014e-05,5.161361116279295e-08,-16.77947998046875,0.00030517586856149137,-8.094622611999512,-4.176666698185727e-05,0.0001232930808328092,0.0002627352369017899,1.749699549691286e-05,0.0021629000548273325,0.0,3.0,9.290680463891476e-05,0.14990755131490743,0.31665404278780573,0.1710874206523585,9.445655260049081e-158,2.810845977193239e-155,5.394985195406489e-220,0.05009244868509258,0.18334595721219427,0.008912579347641503,0.24,0.16,0.52
46,1.2259040765644301e-05,-7.811817094961595,-4.8581129012091837e-05,9.289027873908447,6.79260865771398e-05,2.503446516755048e-08,-17.50301170349121,0.00020927420700900257,-8.471864700317383,3.623374141170643e-05,-6.493612454505637e-05,0.00019652566697914153,1.9683035134221427e-05,0.0021521999733522534,0.0,3.0,9.290680463891476e-05,0.14990755131490743,0.31665404278780573,0.1710874206523585,9.445655260049081e-158,2.810845977193239e-155,5.394985195406489e-220,0.05009244868509258,0.18334595721219427,0.008912579347641503,0.24,0.16,0.52
47,1.2412505840134911e-05,-6.697100987147185,5.84821017986673e-05,12.219803316391706,-3.8306693033743304e-05,1.337556909675186e-08,-18.12983512878418,0.0001783630868885666,-8.631689071655273,-1.9453189452178776e-05,8.12048019724898e-05,9.680593211669475e-05,5.860424062120728e-05,0.00269179989118129,0.0,3.0,9.290680463891476e-05,0.14990755131490743,0.31665404278780573,0.1710874206523585,9.445655260049081e-158,2.810845977193239e-155,5.394985195406489e-220,0.05009244868509258,0.18334595721219427,0.008912579347641503,0.24,0.16,0.52
48,1.1710958454323426e-05,-14.323791362982417,9.642805836210011e-05,12.891001113223675,-7.457405452818846e-05,5.008154602137438e-08,-16.809614181518555,0.0003415246610529721,-7.982090473175049,-3.781242048717104e-05,0.0001398190506733954,0.000211236925679259,0.00011654941772576421,0.002154399990104139,0.0,3.0,9.290680463891476e-05,0.14990755131490743,0.31665404278780573,0.1710874206523585,9.445655260049081e-158,2.810845977193239e-155,5.394985195406489e-220,0.05009244868509258,0.18334595721219427,0.008912579347641503,0.24,0.16,0.52
49,1.3645871738308386e-05,7.7255005906321,-0.004659468916051496,21.188949141665972,0.00455594222726904,6.708430737489834e-05,-9.609560012817383,0.01058253925293684,-4.548549652099609,0.0023681228049099445,-0.007829586043953896,0.00022421877656597644,0.0005454423953779042,0.002489799982868135,0.0,3.0,9.290680463891476e-05,0.14990755131490743,0.31665404278780573,0.1710874206523585,9.445655260049081e-158,2.810845977193239e-155,5.394985195406489e-220,0.05009244868509258,0.18334595721219427,0.008912579347641503,0.24,0.16,0.52
50,1.214366466444256e-05,-13.40772594615981,0.00014544063626578907,9.248559868765724,-0.00011146326717816548,9.710242210303477e-08,-16.147499084472656,0.00046056139399297535,-7.6830644607543945,-5.650676757795736e-05,0.00019420198805164546,0.00032011079019866884,9.959451563190669e-05,0.0025068999966606498,0.0,3.0,9.290680463891476e-05,0.14990755131490743,0.31665404278780573,0.1710874206523585,9.445655260049081e-158,2.810845977193239e-155,5.394985195406489e-220,0.05009244868509258,0.18334595721219427,0.008912579347641503,0.24,0.16,0.52
51,1.2786750041037942e-05,-5.179976250156572,3.163113794035416e-05,11.585191683940769,8.45033731037232e-07,9.442302051354545e-09,-18.478065490722656,0.0001305316254729405,-8.94389533996582,8.561163440390374e-07,4.216840898152441e-05,8.507760503562167e-05,8.993659139377996e-05,0.0024917999980971217,0.0,3.0,9.290680463891476e-05,0.14990755131490743,0.31665404278780573,0.1710874206523585,9.445655260049081e-158,2.810845977193239e-155,5.394985195406489e-220,0.05009244868509258,0.18334595721219427,0.008912579347641503,0.24,0.16,0.52
52,1.1586825109653987e-05,-17.169958787375435,-0.00026026300687766846,9.726974466957143,0.0002736446936425261,2.299260870586295e-07,-15.285508155822754,0.0007706487085670233,-7.168277740478516,0.00014403430395759642,-0.0003452114178799093,0.00038543008849956095,0.00017737584130372852,0.002752400003373623,0.0,3.0,9.290680463891476e-05,0.14990755131490743,0.31665404278780573,0.1710874206523585,9.445655260049081e-158,2.810845977193239e-155,5.394985195406489e-220,0.05009244868509258,0.18334595721219427,0.008912579347641503,0.24,0.16,0.52
53,1.14590638539012e-05,-17.03258784945889,0.00019013586440497918,15.044107566461882,-0.0001556367478625069,1.2069244803569745e-07,-15.930020332336426,0.0005456777289509773,-7.513482093811035,-8.012414036784321e-05,0.0002870818425435573,0.0001763680629665032,0.00018057538545690477,0.005372500047087669,0.0,3.0,9.290680463891476e-05,0.14990755131490743,0.31665404278780573,0.1710874206523585,9.445655260049081e-158,2.810845977193239e-155,5.394985195406489e-220,0.05009244868509258,0.18334595721219427,0.008912579347641503,0.24,0.16,0.52
54,5.533795207386422e-06,1.1130111334666815,2.414513459648767e-05,7.917326372126678,-7.324269922619539e-05,2.2468874760761537e-08,-17.611135482788086,0.00018017712864093482,-8.621570587158203,-3.7895835703238845e-05,2.720431803027168e-05,3.111270416411571e-05,0.00019904122746083885,0.002269399934448302,0.0,3.0,9.290680463891476e-05,0.14990755131490743,0.31665404278780573,0.1710874206523585,9.445655260049081e-158,2.810845977193239e-155,5.394985195406489e-220,0.05009244868509258,0.18334595721219427,0.008912579347641503,0.24,0.16,0.52
55,1.2030971324033461e-05,-11.022993846659917,-7.671976209145743e-05,7.923563431709126,9.284216279966058e-05,6.135108066018802e-08,-16.606653213500977,0.0003290114109404385,-8.019417762756348,4.968915163772181e-05,-9.78916505118832e-05,0.0003094236890319735,5.343753218767233e-05,0.0025529999984428287,0.0,3.0,9.290680463891476e-05,0.14990755131490743,0.31665404278780573,0.1710874206523585,9.445655260049081e-158,2.810845977193239e-155,5.394985195406489e-220,0.05009244868509258,0.18334595721219427,0.008912579347641503,0.24,0.16,0.52
56,1.1481945411992159e-05,-18.297273626900267,0.00011939400330532718,7.557644355731886,0.00012191044429657765,1.725685478959349e-07,-15.572471618652344,0.000569277792237699,-7.471141815185547,6.563879287568852e-05,0.00015568136586807668,0.0004994465853087604,0.00019646869623102248,0.0022675999207422137,0.0,3.0,9.290680463891476e-05,0.14990755131490743,0.31665404278780573,0.1710874206523585,9.445655260049081e-158,2.810845977193239e-155,5.394985195406489e-220,0.05009244868509258,0.18334595721219427,0.008912579347641503,0.24,0.16,0.52
57,1.2432141000594917e-05,-6.88349912566559,-1.6949449578706575e-05,10.028051174934355,0.00012040025895101353,1.7850018352305597e-08,-17.84126091003418,0.0001871510175988078,-8.58359432220459,6.334565841825679e-05,-2.3814236556063406e-05,0.0001571925386087969,4.278971391613595e-05,0.002789999940432608,0.0,3.0,9.290680463891476e-05,0.14990755131490743,0.31665404278780573,0.1710874206523585,9.445655260049081e-158,2.810845977193239e-155,5.394985195406489e-220,0.05009244868509258,0.18334595721219427,0.008912579347641503,0.24,0.16,0.52
58,1.1528427633225856e-05,-16.845578688738915,0.00016362745907827673,9.30825910426242,0.00014507989740393762,1.46674466350305e-07,-15.735050201416016,0.000579542014747858,-7.453272342681885,7.722232112428173e-05,0.0002198621368734166,0.00039466063026338816,0.0001702545559965074,0.002584500005468726,0.0,3.0,9.290680463891476e-05,0.14990755131490743,0.31665404278780573,0.1710874206523585,9.445655260049081e-158,2.810845977193239e-155,5.394985195406489e-220,0.05009244868509258,0.18334595721219427,0.008912579347641503,0.24,0.16,0.52
59,0.000300789010900861,-13.63419712420346,0.0004222332436564501,11.994260222254997,0.00041392830981831395,4.3176649455745064e-07,-14.655381202697754,0.000976537587121129,-6.931497097015381,0.0002162934106308967,0.0005944605218246579,0.00022994056052993983,0.00010162680700886995,0.002154799993149936,0.0,3.0,9.290680463891476e-05,0.14990755131490743,0.31665404278780573,0.1710874206523585,9.445655260049081e-158,2.810845977193239e-155,5.394985195406489e-220,0.05009244868509258,0.18334595721219427,0.008912579347641503,0.24,0.16,0.52
60,1.205837692703106e-05,-11.963982431410772,5.984510124000318e-05,9.752563741654908,5.990748541467456e-05,4.6906471595775656e-08,-16.875110626220703,0.00028372829547151923,-8.16749382019043,3.239236320951022e-05,8.11575519037433e-05,0.00027171644615009427,6.864035094622523e-05,0.0026187000330537558,0.0,3.0,9.290680463891476e-05,0.14990755131490743,0.31665404278780573,0.1710874206523585,9.445655260049081e-158,2.810845977193239e-155,5.394985195406489e-220,0.05009244868509258,0.18334595721219427,0.008912579347641503,0.24,0.16,0.52
61,1.241964449102977e-05,-7.932459275182617,0.004777585522888626,9.510726255846413,0.0033560097654057666,4.354479824542068e-05,-10.041720390319824,0.008213832043111324,-4.80193567276001,0.0017460212111473083,0.006362186279147863,0.00019301104475744069,1.8237144104205072e-05,0.0054206999484449625,0.0,3.0,9.290680463891476e-05,0.14990755131490743,0.31665404278780573,0.1710874206523585,9.445655260049081e-158,2.810845977193239e-155,5.394985195406489e-220,0.05009244868509258,0.18334595721219427,0.008912579347641503,0.24,0.16,0.52
62,1.2028375381250785e-05,-12.406695306378136,-3.7477566952381116e-06,1.135793711041834,7.913024640714301e-06,1.687328818889e-07,-15.594948768615723,0.00034220729139633477,-7.980093955993652,6.704014595015906e-06,-2.568588342910516e-06,0.00057342549553141,9.244387911166996e-05,0.005350999999791384,0.0,3.0,9.290680463891476e-05,0.14990755131490743,0.31665404278780573,0.1710874206523585,9.445655260049081e-158,2.810845977193239e-155,5.394985195406489e-220,0.05009244868509258,0.18334595721219427,0.008912579347641503,0.24,0.16,0.52
63,1.1534960303179456e-05,-18.267197218085844,-0.00018491379883091638,11.65192294661967,-0.00017560242622014595,1.4831340422460926e-07,-15.72393798828125,0.0006115146679803729,-7.399571418762207,-8.981734572444111e-05,-0.00025427635409869254,0.00033126326161436737,0.00020357861649245024,0.002025000052526593,0.0,3.0,9.290680463891476e-05,0.14990755131490743,0.31665404278780573,0.1710874206523585,9.445655260049081e-158,2.810845977193239e-155,5.394985195406489e-220,0.05009244868509258,0.18334595721219427,0.008912579347641503,0.24,0.16,0.52
64,1.2003897786643046e-05,-12.65697231266704,-0.00021543701560682645,3.7557551045254476,-0.00020660657290938009,1.9818448038222414e-07,-15.434067726135254,0.0006467227940447628,-7.343592643737793,-0.0001052171501214616,-0.00024995097192004323,0.0004906381363980472,9.247117850463837e-05,0.00266519992146641,0.0,3.0,9.290680463891476e-05,0.14990755131490743,0.31665404278780573,0.1710874206523585,9.445655260049081e-158,2.810845977193239e-155,5.394985195406489e-220,0.05009244868509258,0.18334595721219427,0.008912579347641503,0.24,0.16,0.52
65,1.2218682479083798e-05,-9.189440485823427,-8.763447071216333e-05,7.685000639299343,-8.064273580133987e-05,5.170322481262701e-08,-16.777746200561523,0.0002983091399073601,-8.117380142211914,-4.068067573825829e-05,-0.00011198905849596485,0.0002732948923949152,1.7983913494390436e-05,0.002140500000678003,0.0,3.0,9.290680463891476e-05,0.14990755131490743,0.31665404278780573,0.1710874206523585,9.445655260049081e-158,2.810845977193239e-155,5.394985195406489e-220,0.05009244868509258,0.18334595721219427,0.008912579347641503,0.24,0.16,0.52
66,1.2177405121840868e-05,-10.862219868387154,-2.400529610791788e-05,10.266740342611367,-1.8498250248905143e-05,2.9013254021492685e-08,-17.355512619018555,0.00017856911290436983,-8.630535125732422,-8.553505722375121e-06,-3.191571886418387e-05,0.00023217378475237638,4.40259937022347e-05,0.0020473001059144735,0.0,3.0,9.290680463891476e-05,0.14990755131490743,0.31665404278780573,0.1710874206523585,9.445655260049081e-158,2.810845977193239e-155,5.394985195406489e-220,0.05009244868509258,0.18334595721219427,0.008912579347641503,0.24,0.16,0.52
67,1.2006846042677985e-05,-12.80851826099305,5.227287901431796e-05,17.986710637029482,-5.85792149421521e-05,1.0833318242475798e-08,-18.340639114379883,0.00015986982907634228,-8.741150856018066,-3.035979716514703e-05,8.375202014576644e-05,1.7413636669516563e-05,7.410239049931988e-05,0.0053524000104516745,0.0,3.0,9.290680463891476e-05,0.14990755131490743,0.31665404278780573,0.1710874206523585,9.445655260049081e-158,2.810845977193239e-155,5.394985195406489e-220,0.05009244868509258,0.18334595721219427,0.008912579347641503,0.24,0.16,0.52
68,1.2735505054196247e-05,-5.9093909388306125,-2.3867969050743485e-05,1.0774822096788519,-1.6803283774830452e-05,6.764169313555612e-08,-16.50904083251953,0.00022287361207418144,-8.408905982971191,-7.059719791868702e-06,-2.6446292395121418e-05,0.0003655276377685368,1.3207590200181585e-05,0.005372900050133467,0.0,3.0,9.290680463891476e-05,0.14990755131490743,0.31665404278780573,0.1710874206523585,9.445655260049081e-158,2.810845977193239e-155,5.394985195406489e-220,0.05009244868509258,0.18334595721219427,0.008912579347641503,0.24,0.16,0.52
69,1.2166951494363227e-05,-11.092746172145263,-3.63954140864016e-05,11.587071132157947,-3.166995644089519e-05,2.2902824525772303e-08,-17.592004776000977,0.0001862055214587599,-8.588659286499023,-1.5567411537631415e-05,-5.006667925044894e-05,0.0001955136685865,4.5629178202943876e-05,0.0026500000385567546,0.0,3.0,9.290680463891476e-05,0.14990755131490743,0.31665404278780573,0.1710874206523585,9.445655260049081e-158,2.810845977193239e-155,5.394985195406489e-220,0.05009244868509258,0.18334595721219427,0.008912579347641503,0.24,0.16,0.52
70,1.183549266595327e-05,-14.848197239536452,-0.0001063273454819519,11.084065734874132,-9.442921943719687e-05,7.218645237117016e-08,-16.444013595581055,0.0003993531863670796,-7.825664520263672,-4.7806148359086365e-05,-0.00014432724856305867,0.00028551812283694744,0.00012892148515675217,0.002574999933131039,0.0,3.0,9.290680463891476e-05,0.14990755131490743,0.31665404278780573,0.1710874206523585,9.445655260049081e-158,2.810845977193239e-155,5.394985195406489e-220,0.05009244868509258,0.18334595721219427,0.008912579347641503,0.24,0.16,0.52
71,1.2917482139169343e-05,-2.8670273532441652,5.419839337153919e-05,9.500149845715226,-6.659045861038849e-05,1.787252301710396e-08,-17.840002059936523,0.00021081784507259727,-8.464515686035156,-3.419665517867543e-05,6.962859333725646e-05,8.680463361088187e-05,0.0001271805667784065,0.0053403000347316265,0.0,3.0,9.290680463891476e-05,0.14990755131490743,0.31665404278780573,0.1710874206523585,9.445655260049081e-158,2.810845977193239e-155,5.394985195406489e-220,0.05009244868509258,0.18334595721219427,0.008912579347641503,0.24,0.16,0.52
72,1.2005047273537586e-05,-12.60812702414475,-5.1214602187074777e-05,3.244798544671462,4.0923661179588883e-05,1.3657349029472243e-07,-15.806403160095215,0.0003807158791460097,-7.873456954956055,2.3571119527332485e-05,-5.752480501541868e-05,0.0005068316240794957,9.240826329914853e-05,0.002162400051020086,0.0,3.0,9.290680463891476e-05,0.14990755131490743,0.31665404278780573,0.1710874206523585,9.445655260049081e-158,2.810845977193239e-155,5.394985195406489e-220,0.05009244868509258,0.18334595721219427,0.008912579347641503,0.24,0.16,0.52
73,1.2786832759495311e-05,-4.01645197451778,0.00014293688648209002,9.563407404661595,-0.000153772775380922,5.3061899762951725e-08,-16.751806259155273,0.0003738049417734146,-7.8917765617370605,-7.943296077428386e-05,0.00018849661864805967,0.00010930189455393702,0.00010244880832033232,0.0021207999670878053,0.0,3.0,9.290680463891476e-05,0.14990755131490743,0.31665404278780573,0.1710874206523585,9.445655260049081e-158,2.810845977193239e-155,5.394985195406489e-220,0.05009244868509258,0.18334595721219427,0.008912579347641503,0.24,0.16,0.52
74,1.1609963860907641e-05,-16.525205235681433,-0.00017396487669746907,3.1757343044487554,0.00016512622714292088,2.5664303393568844e-07,-15.175580024719238,0.0006795242661610246,-7.294117450714111,8.868776785675436e-05,-0.00019747910846490413,0.0006279836525209248,0.00015873114170972258,0.0021201000781729817,0.0,3.0,9.290680463891476e-05,0.14990755131490743,0.31665404278780573,0.1710874206523585,9.445655260049081e-158,2.810845977193239e-155,5.394985195406489e-220,0.05009244868509258,0.18334595721219427,0.008912579347641503,0.24,0.16,0.52
75,1.2060543988535666e-05,-11.906917110312433,-2.1227288149042416e-05,14.548251570005865,-1.8066204556840128e-05,9.404603318330373e-09,-18.482067108154297,0.0001262717560166493,-8.97707462310791,-8.85068584466353e-06,-3.05952962662559e-05,0.00011600593279581517,5.764561501564458e-05,0.002775500062853098,0.0,3.0,9.290680463891476e-05,0.14990755131490743,0.31665404278780573,0.1710874206523585,9.445655260049081e-158,2.810845977193239e-155,5.394985195406489e-220,0.05009244868509258,0.18334595721219427,0.008912579347641503,0.24,0.16,0.52
76,1.1620875742962912e-05,-16.74777332209014,-8.096566177136971e-05,9.73432765540845,7.371851640548622e-05,9.759752117588505e-08,-16.142414093017578,0.000417786359321326,-7.780540466308594,4.00308272219263e-05,-0.00010548045975156128,0.000375885923858732,0.0001686642353888601,0.0026852000737562776,0.0,3.0,9.290680463891476e-05,0.14990755131490743,0.31665404278780573,0.1710874206523585,9.445655260049081e-158,2.810845977193239e-155,5.394985195406489e-220,0.05009244868509258,0.18334595721219427,0.008912579347641503,0.24,0.16,0.52
77,1.2678332311036429e-05,-3.359843658818556,9.586614308254467e-05,11.776567153856673,9.243245399804517e-05,2.9631188169787492e-08,-17.33443832397461,0.0002702112542465329,-8.216306686401367,4.831649857806042e-05,0.00013132361345924437,4.75865563203115e-05,0.00013355577539186925,0.002804399933665991,0.0,3.0,9.290680463891476e-05,0.14990755131490743,0.31665404278780573,0.1710874206523585,9.445655260049081e-158,2.810845977193239e-155,5.394985195406489e-220,0.05009244868509258,0.18334595721219427,0.008912579347641503,0.24,0.16,0.52
78,1.2267748722925789e-05,-5.066417628086965,3.981387458501356e-06,12.332651480795386,2.701465995575384e-06,6.889974368817775e-09,-18.793197631835938,8.669504313729703e-05,-9.353114128112793,1.7324558712061844e-06,3.623204293035087e-06,6.528481026180089e-05,9.739396045915782e-05,0.0027034999802708626,0.0,3.0,8.669504313729703e-05,0.14990755131490743,0.31665404278780573,0.1710874206523585,9.445655260049081e-158,2.810845977193239e-155,5.394985195406489e-220,0.05009244868509258,0.18334595721219427,0.008912579347641503,0.24,0.16,0.52
79,1.1850885279770525e-05,-14.525499650613666,7.140739864859459e-05,4.392345680867684,5.385054246721372e-05,1.52488183857713e-07,-15.696178436279297,0.00044043129310011864,-7.727756023406982,3.0356408387888223e-05,8.673398406244814e-05,0.0005220732418820262,0.0001246085885213688,0.0026900999946519732,0.0,3.0,8.669504313729703e-05,0.14990755131490743,0.31665404278780573,0.1710874206523585,9.445655260049081e-158,2.810845977193239e-155,5.394985195406489e-220,0.05009244868509258,0.18334595721219427,0.008912579347641503,0.24,0.16,0.52
80,0.00048484651381100626,-1.82731420520656,0.0007252983501742447,1.1033766153759066,0.0007043936096931658,7.917079756225576e-07,-14.049073219299316,0.0013165345881134272,-6.632752418518066,0.0003673963074106723,0.00079094193642959,0.00023638024867977947,8.001227251952514e-05,0.0027444999432191253,0.0,3.0,8.669504313729703e-05,0.14990755131490743,0.31665404278780573,0.1710874206523585,9.445655260049081e-158,2.810845977193239e-155,5.394985195406489e-220,0.05009244868509258,0.18334595721219427,0.008912579347641503,0.24,0.16,0.52
81,1.2179745371845839e-05,-7.807760415599422,7.9432007598483e-05,15.63529342816236,-9.092145360242243e-05,1.7881440328437748e-08,-17.839502334594727,0.00020311662228778005,-8.501729965209961,-4.713778616860509e-05,0.0001189114700537175,2.5003357222885825e-05,4.9131387640954927e-05,0.002532700076699257,0.0,3.0,8.669504313729703e-05,0.14990755131490743,0.31665404278780573,0.1710874206523585,9.445655260049081e-158,2.810845977193239e-155,5.394985195406489e-220,0.05009244868509258,0.18334595721219427,0.008912579347641503,0.24,0.16,0.52
82,1.1433331255062055e-05,-18.49663866278694,0.0001351729466538287,3.4727975821347767,-0.00015001146691808668,2.781745536140079e-07,-15.095017433166504,0.0006690913578495383,-7.309589862823486,-7.497434125980362e-05,0.0001600411778781563,0.0006759815732948482,0.00019217011868022382,0.0034209999721497297,0.0,3.0,8.669504313729703e-05,0.14990755131490743,0.31665404278780573,0.1710874206523585,9.445655260049081e-158,2.810845977193239e-155,5.394985195406489e-220,0.05009244868509258,0.18334595721219427,0.008912579347641503,0.24,0.16,0.52
83,1.2202918829013426e-05,-9.72041014116472,1.3922806326528102e-05,17.26935096628608,1.3820393640604438e-05,5.694596461047752e-10,-21.286333084106445,3.584996011340991e-05,-10.236167907714844,7.2316361183766276e-06,2.1353092961362563e-05,4.362661456980277e-06,1.0167801519855857e-05,0.002716899965889752,0.0,3.0,3.584996011340991e-05,0.14990755131490743,0.31665404278780573,0.1710874206523585,9.445655260049081e-158,2.810845977193239e-155,5.394985195406489e-220,0.05009244868509258,0.18334595721219427,0.008912579347641503,0.24,0.16,0.52
84,1.2611653311261684e-05,-6.376269090413369,-0.0002167769054473206,16.165023302463926,-0.00021856027941602119,1.276839753927561e-07,-15.87370777130127,0.0004947450361214578,-7.6114678382873535,-0.00011365454702172428,-0.00033290183637291193,7.929076673462987e-06,8.844829426379874e-05,0.002610699972137809,0.0,3.0,3.584996011340991e-05,0.14990755131490743,0.31665404278780573,0.1710874206523585,9.445655260049081e-158,2.810845977193239e-155,5.394985195406489e-220,0.05009244868509258,0.18334595721219427,0.008912579347641503,0.24,0.16,0.52
85,1.205018555156987e-05,-10.573898286182528,0.0001088973862998135,-1.0697484975543985,-0.00013000461852648526,1.9062430567373667e-07,-15.47296142578125,0.0005056405789218843,-7.58968448638916,-6.495555862784386e-05,0.00011353793524904177,0.0005850017187185585,6.929241499165073e-05,0.002565499977208674,0.0,3.0,3.584996011340991e-05,0.14990755131490743,0.31665404278780573,0.1710874206523585,9.445655260049081e-158,2.810845977193239e-155,5.394985195406489e-220,0.05009244868509258,0.18334595721219427,0.008912579347641503,0.24,0.16,0.52
86,1.2680295740774755e-05,-7.740622746363315,4.60652578227831e-05,12.754822372457868,-5.8582795572228094e-05,1.0886955337241488e-08,-18.33570098876953,0.0001638428366277367,-8.71660327911377,-2.997998490172904e-05,6.480642332462594e-05,0.00010098591883433983,3.7126956158317626e-05,0.002188800019212067,0.0,3.0,3.584996011340991e-05,0.14990755131490743,0.31665404278780573,0.1710874206523585,9.445655260049081e-158,2.810845977193239e-155,5.394985195406489e-220,0.05009244868509258,0.18334595721219427,0.008912579347641503,0.24,0.16,0.52
87,1.1001676501041297e-05,-24.036641373108388,-7.31775811522447e-05,9.439769754899892,5.4385309542664154e-05,2.1168899877466174e-07,-15.368147850036621,0.0005563547019846737,-7.494104385375977,3.075303175137378e-05,-9.175000741379336e-05,0.0005525862798094749,0.0003151170676574111,0.0026218999410048127,0.0,3.0,3.584996011340991e-05,0.14990755131490743,0.31665404278780573,0.1710874206523585,9.445655260049081e-158,2.810845977193239e-155,5.394985195406489e-220,0.05009244868509258,0.18334595721219427,0.008912579347641503,0.24,0.16,0.52
88,1.2210866801939424e-05,-8.921545241777773,0.0009270289367905255,12.799457592977017,-0.0009158361331268258,1.9840204004140105e-06,-13.130385398864746,0.001864519901573658,-6.284751892089844,-0.00047566808643750846,0.0013230585027486086,0.00012008467456325889,1.1501970220706426e-05,0.0032328000525012612,0.0,3.0,3.584996011340991e-05,0.14990755131490743,0.31665404278780573,0.1710874206523585,9.445655260049081e-158,2.810845977193239e-155,5.394985195406489e-220,0.05009244868509258,0.18334595721219427,0.008912579347641503,0.24,0.16,0.52
89,1.2275624647321856e-05,-7.890552902469875,-0.00016780046094810533,6.914531617083202,-0.000160007060705868,8.622686209491803e-08,-16.266284942626953,0.00042955076787620783,-7.75277042388916,-8.198861178243533e-05,-0.000211238773772493,0.0002639903104864061,8.656468708068132e-06,0.0027411000337451696,0.0,3.0,3.584996011340991e-05,0.14990755131490743,0.31665404278780573,0.1710874206523585,9.445655260049081e-158,2.810845977193239e-155,5.394985195406489e-220,0.05009244868509258,0.18334595721219427,0.008912579347641503,0.24,0.16,0.52
90,1.2219526813214113e-05,-11.054236608079119,1.5237524430884727e-05,10.770725197485113,-2.6726448451473525e-05,2.599522375135166e-08,-17.46535301208496,0.0001679508131928742,-8.691839218139648,-1.288562998524867e-05,2.1479329006979242e-05,0.00022031902335584164,4.6852699597366154e-05,0.0023367999820038676,0.0,3.0,3.584996011340991e-05,0.14990755131490743,0.31665404278780573,0.1710874206523585,9.445655260049081e-158,2.810845977193239e-155,5.394985195406489e-220,0.05009244868509258,0.18334595721219427,0.008912579347641503,0.24,0.16,0.52
91,1.2066330061599074e-05,-11.64751441077188,-4.0922131992615655e-05,15.190194077555278,-3.097257363290864e-05,9.391040833861553e-09,-18.483509063720703,0.00014723693311680108,-8.823467254638672,-1.5669807908125222e-05,-6.06502071605064e-05,9.184157534036785e-05,4.999225711799227e-05,0.002496900036931038,0.0,3.0,3.584996011340991e-05,0.14990755131490743,0.31665404278780573,0.1710874206523585,9.445655260049081e-158,2.810845977193239e-155,5.394985195406489e-220,0.05009244868509258,0.18334595721219427,0.008912579347641503,0.24,0.16,0.52
92,1.2173043351691195e-05,-10.99323010206381,7.157419129438542e-05,10.504954442846753,-8.472673191357422e-05,3.838145801182691e-08,-17.07569122314453,0.0002778322668746114,-8.188492774963379,-4.301388617022894e-05,9.800427505979314e-05,0.00022741392604075372,4.621425978257321e-05,0.00257060001604259,0.0,3.0,3.584996011340991e-05,0.14990755131490743,0.31665404278780573,0.1710874206523585,9.445655260049081e-158,2.810845977193239e-155,5.394985195406489e-220,0.05009244868509258,0.18334595721219427,0.008912579347641503,0.24,0.16,0.52
93,1.265642997934374e-05,-6.24354147766919,-0.00032459922913011046,14.63485612182249,-0.000319053365090837,2.6433497168909525e-07,-15.146048545837402,0.0007042172946967185,-7.258423805236816,-0.00016574814799241722,-0.00048271214473061264,2.8505155569291674e-05,8.300889749079943e-05,0.0021582000190392137,0.0,3.0,3.584996011340991e-05,0.14990755131490743,0.31665404278780573,0.1710874206523585,9.445655260049081e-158,2.810845977193239e-155,5.394985195406489e-220,0.05009244868509258,0.18334595721219427,0.008912579347641503,0.24,0.16,0.52
94,1.2312204938258875e-05,-9.106815348474065,5.9395498202513304e-05,8.517068849588124,-7.127632675274773e-05,3.788129632198434e-08,-17.088808059692383,0.00024367273726966232,-8.319684028625488,-3.592791472328827e-05,7.741213630652055e-05,0.0002469998726155609,1.3665494407177903e-05,0.0025772000662982464,0.0,3.0,3.584996011340991e-05,0.14990755131490743,0.31665404278780573,0.1710874206523585,9.445655260049081e-158,2.810845977193239e-155,5.394985195406489e-220,0.05009244868509258,0.18334595721219427,0.008912579347641503,0.24,0.16,0.52
95,1.246962442050372e-05,-7.703031611994792,4.4046704712773364e-05,8.864645590564514,-5.58593776429241e-05,2.5443384288337256e-08,-17.4868106842041,0.00019825261551886797,-8.525968551635742,-2.809285251714755e-05,5.728659743908793e-05,0.00020578209660016,1.996422179217916e-05,0.00208320003002882,0.0,3.0,3.584996011340991e-05,0.14990755131490743,0.31665404278780573,0.1710874206523585,9.445655260049081e-158,2.810845977193239e-155,5.394985195406489e-220,0.05009244868509258,0.18334595721219427,0.008912579347641503,0.24,0.16,0.52
96,1.1709528096228386e-05,-14.356671818864081,-0.00021728860076319039,12.801471295943704,-0.00020679870196723752,1.3639822782351985e-07,-15.807686805725098,0.0005810189177282155,-7.450727462768555,-0.00010655260848579928,-0.0003083078481722623,0.00021496847330126911,0.00011734839790733531,0.0024754999903962016,0.0,3.0,3.584996011340991e-05,0.14990755131490743,0.31665404278780573,0.1710874206523585,9.445655260049081e-158,2.810845977193239e-155,5.394985195406489e-220,0.05009244868509258,0.18334595721219427,0.008912579347641503,0.24,0.16,0.52
97,1.235565912570852e-05,-8.31971216009837,-0.00021250361794341308,18.484938168401328,0.00020398893686929417,1.293094840093545e-07,-15.86105728149414,0.0004933836171403527,-7.614223480224609,0.0001059001951944083,-0.0003404034359846264,4.518037894740701e-05,4.897965118288994e-05,0.0025680999970063567,0.0,3.0,3.584996011340991e-05,0.14990755131490743,0.31665404278780573,0.1710874206523585,9.445655260049081e-158,2.810845977193239e-155,5.394985195406489e-220,0.05009244868509258,0.18334595721219427,0.008912579347641503,0.24,0.16,0.52
98,1.1741656003392305e-05,-15.476060470992111,-5.600072207177971e-05,16.14761150615602,5.0053293837327425e-05,2.429267631498533e-08,-17.533090591430664,0.00023793132277205586,-8.343528747558594,2.6554233045317233e-05,-8.312159479828551e-05,0.00011312682181596756,0.00014338416804093868,0.005401100032031536,0.0,3.0,3.584996011340991e-05,0.14990755131490743,0.31665404278780573,0.1710874206523585,9.445655260049081e-158,2.810845977193239e-155,5.394985195406489e-220,0.05009244868509258,0.18334595721219427,0.008912579347641503,0.24,0.16,0.52
99,1.1567653938926484e-05,-17.395359698223803,-5.2354325193494813e-05,8.070928907995377,-4.242708141014615e-05,1.2487829792462435e-07,-15.895926475524902,0.0004025769594591111,-7.817624092102051,-2.0006875274702907e-05,-6.446256884373724e-05,0.0004564194823615253,0.0001797955483198166,0.002083500032313168,0.0,3.0,3.584996011340991e-05,0.14990755131490743,0.31665404278780573,0.1710874206523585,9.445655260049081e-158,2.810845977193239e-155,5.394985195406489e-220,0.05009244868509258,0.18334595721219427,0.008912579347641503,0.24,0.16,0.52
100,1.2104516434943164e-05,-10.403697590307763,0.0001596949697056658,14.372673943021102,0.00016788996297343572,6.826611098631474e-08,-16.499853134155273,0.0003837047843262553,-7.865637302398682,8.77696875249967e-05,0.0002355253673158586,9.83709905995056e-05,2.2448448362411e-05,0.005327700055204332,0.0,3.0,3.584996011340991e-05,0.14990755131490743,0.31665404278780573,0.1710874206523585,9.445655260049081e-158,2.810845977193239e-155,5.394985195406489e-220,0.05009244868509258,0.18334595721219427,0.008912579347641503,0.24,0.16,0.52
0,10.0,-10.0,0.0,10.0,0.0,2.664279996622554e-08,-17.440746307373047,0.00016519649943802506,-8.708374977111816,-4.810091240869951e-07,-3.472792968750582e-06,0.00013611702888738364,0.00018636837194208056,0.0031166999833658338,0.0,4.0,0.00016519649943802506,0.15406343673117967,0.3335374686885353,0.1765305933128842,5.701001142318934e-38,3.787264548267379e-49,1.4535199894511148e-78,0.04593656326882034,0.1664625313114647,0.003469406687115789,0.24,0.16,0.52
1,0.6300493627293972,9.584215069457917,-9.669752093233229e-05,-3.285528531711379,-2.8273855518302592e-05,4.0535166334620953e-08,-17.021095275878906,0.00027634462458081543,-8.193861961364746,-1.5044587598822545e-05,-9.81954435701482e-05,9.936004789778963e-05,0.0002268491662107408,0.00203880004119128,0.0,4.0,0.00016519649943802506,0.15406343673117967,0.3335374686885353,0.1765305933128842,5.701001142318934e-38,3.787264548267379e-49,1.4535199894511148e-78,0.04593656326882034,0.1664625313114647,0.003469406687115789,0.24,0.16,0.52
2,1.46700150436474e-05,11.639701739081858,8.48588585671951e-05,13.59178573239261,-8.49794753268964e-05,1.797711064455143e-07,-15.53158187866211,0.0005335767054930329,-7.535907745361328,-4.511624501901679e-05,0.00011317846656311303,0.00022007357620168477,0.00053049047710374,0.005358800059184432,0.0,4.0,0.00016519649943802506,0.15406343673117967,0.3335374686885353,0.1765305933128842,5.701001142318934e-38,3.787264548267379e-49,1.4535199894511148e-78,0.04593656326882034,0.1664625313114647,0.003469406687115789,0.24,0.16,0.52
3,1.2095651544710725e-05,-12.198996330631378,-0.0001402343337168038,11.171687493657744,0.00014210851381329085,7.16543482326415e-08,-16.451412200927734,0.00041795597644522786,-7.780134677886963,7.495036697946489e-05,-0.00019245536532253027,0.00023012627207208425,7.097425259416923e-05,0.0025559000205248594,0.0,4.0,0.00016519649943802506,0.15406343673117967,0.3335374686885353,0.1765305933128842,5.701001142318934e-38,3.787264548267379e-49,1.4535199894511148e-78,0.04593656326882034,0.1664625313114647,0.003469406687115789,0.24,0.16,0.52
4,1.3109045574172275e-05,-2.842905716858607,-0.00016996906962823776,4.660530386752924,8.184834596412205e-05,6.589171874793465e-08,-16.535253524780273,0.00038821407360956073,-7.853953838348389,4.3459443986648694e-05,-0.00020457309437915683,0.00019020137551706284,9.016171679832041e-05,0.005438299966044724,0.0,4.0,0.00016519649943802506,0.15406343673117967,0.3335374686885353,0.1765305933128842,5.701001142318934e-38,3.787264548267379e-49,1.4535199894511148e-78,0.04593656326882034,0.1664625313114647,0.003469406687115789,0.24,0.16,0.52
5,1.137729801192424e-05,-19.902662823760803,0.0002602584299793221,5.359452331217332,-0.0020846962512718094,1.4975202020650613e-06,-13.411700248718262,0.0018289998406544328,-6.303986072540283,-0.001081192633137107,0.0003194690798409283,0.000635723234154284,0.0002209532103734091,0.0025457999436184764,0.0,4.0,0.00016519649943802506,0.15406343673117967,0.3335374686885353,0.1765305933128842,5.701001142318934e-38,3.787264548267379e-49,1.4535199894511148e-78,0.04593656326882034,0.1664625313114647,0.003469406687115789,0.24,0.16,0.52
6,1.2140450440756225e-05,-10.651792766862577,0.00014247212024690191,7.260915064029161,-0.0001468079012394244,9.12257718255205e-08,-16.209928512573242,0.00044067372800782323,-7.727205753326416,-7.487438415409997e-05,0.00018117998843081295,0.0003214005846530199,4.7838122554821894e-05,0.00265189993660897,0.0,4.0,0.00016519649943802506,0.15406343673117967,0.3335374686885353,0.1765305933128842,5.701001142318934e-38,3.787264548267379e-49,1.4535199894511148e-78,0.04593656326882034,0.1664625313114647,0.003469406687115789,0.24,0.16,0.52
7,1.1453246484164163e-05,-17.087350409846398,7.920070049324728e-05,11.869514690405119,8.556680741641746e-05,7.589937922602985e-08,-16.393857955932617,0.0003987828968092799,-7.827093601226807,4.5852113544242457e-05,0.00011394464672775939,0.00029980720137245953,0.00017816504987422377,0.0025911000557243824,0.0,4.0,0.00016519649943802506,0.15406343673117967,0.3335374686885353,0.1765305933128842,5.701001142318934e-38,3.787264548267379e-49,1.4535199894511148e-78,0.04593656326882034,0.1664625313114647,0.003469406687115789,0.24,0.16,0.52
8,1.3079954141729599e-05,0.12207373548712944,5.1234574601762294e-05,11.039362568138035,5.7578825684913125e-05,2.706260815443784e-08,-17.425113677978516,0.00020239409059286118,-8.505293846130371,2.997829687956255e-05,6.647263944614679e-05,3.3695589536364423e-06,0.00020851676526945084,0.002434800029732287,0.0,4.0,0.00016519649943802506,0.15406343673117967,0.3335374686885353,0.1765305933128842,5.701001142318934e-38,3.787264548267379e-49,1.4535199894511148e-78,0.04593656326882034,0.1664625313114647,0.003469406687115789,0.24,0.16,0.52
9,1.1597488952028418e-05,-16.706612121663653,0.00034533002076275667,0.4570603505558587,0.0003543284827590704,4.6373810391742154e-07,-14.583946228027344,0.0010126498527824879,-6.8951849937438965,0.00018758578517008573,0.00037389062345027924,0.0007430603727698326,0.00015928669017739594,0.002443999983370304,0.0,4.0,0.00016519649943802506,0.15406343673117967,0.3335374686885353,0.1765305933128842,5.701001142318934e-38,3.787264548267379e-49,1.4535199894511148e-78,0.04593656326882034,0.1664625313114647,0.003469406687115789,0.24,0.16,0.52
10,1.2975413009270762e-05,-1.2523313447585291,1.1439358680228204e-05,2.291669351201202,1.851527503878831e-05,2.417049671521454e-08,-17.53813362121582,0.00016870678518898785,-8.687348365783691,1.0553357242315542e-05,1.0890715202549472e-05,0.0001947412092704326,9.978422167478129e-05,0.0026346000377088785,0.0,4.0,0.00016519649943802506,0.15406343673117967,0.3335374686885353,0.1765305933128842,5.701001142318934e-38,3.787264548267379e-49,1.4535199894511148e-78,0.04593656326882034,0.1664625313114647,0.003469406687115789,0.24,0.16,0.52
11,1.2751108863191907e-05,-2.184378893906216,-0.00013035877959098854,18.188911133528944,0.00012555814177808415,7.715485139669909e-08,-16.377450942993164,0.00043438380816951394,-7.741581916809082,6.487195787485689e-05,-0.000211163263884373,0.00010105731780640781,0.00021563982591032982,0.002058299956843257,0.0,4.0,0.00016519649943802506,0.15406343673117967,0.3335374686885353,0.1765305933128842,5.701001142318934e-38,3.787264548267379e-49,1.4535199894511148e-78,0.04593656326882034,0.1664625313114647,0.003469406687115789,0.24,0.16,0.52
12,1.260291941120167e-05,-7.288175746968385,-9.993608480650753e-05,7.774535314450946,-4.101955931250372e-05,4.277182341638763e-08,-16.96738624572754,0.0002735174784902483,-8.204145431518555,-2.028439485002309e-05,-0.00012869620695710182,0.00022596772760152817,2.3106031221686862e-05,0.0020895999623462558,0.0,4.0,0.00016519649943802506,0.15406343673117967,0.3335374686885353,0.1765305933128842,5.701001142318934e-38,3.787264548267379e-49,1.4535199894511148e-78,0.04593656326882034,0.1664625313114647,0.003469406687115789,0.24,0.16,0.52
13,1.2273913154872858e-05,-8.061351493395668,-0.0004334831950625145,3.058022339208313,0.000431633411239672,3.6986730833632464e-07,-14.810121536254883,0.0009198992047458887,-6.991246223449707,0.00022617353533860296,-0.0004973554750904441,0.0003774478391278535,1.5292509488062933e-05,0.005356099922209978,0.0,4.0,0.00016519649943802506,0.15406343673117967,0.3335374686885353,0.1765305933128842,5.701001142318934e-38,3.787264548267379e-49,1.4535199894511148e-78,0.04593656326882034,0.1664625313114647,0.003469406687115789,0.24,0.16,0.52
14,1.1898448481530588e-05,-11.852547030595488,6.329032498570051e-05,8.155949412196371,-6.609823384076024e-05,6.203570990237495e-08,-16.595556259155273,0.0003112908743787557,-8.074782371520996,-3.2907832064665854e-05,8.287964010378346e-05,0.00032144851866178215,6.955830758670345e-05,0.002579800086095929,0.0,4.0,0.00016519649943802506,0.15406343673117967,0.3335374686885353,0.1765305933128842,5.701001142318934e-38,3.787264548267379e-49,1.4535199894511148e-78,0.04593656326882034,0.1664625313114647,0.003469406687115789,0.24,0.16,0.52
15,1.4454384853816605e-05,14.64044311941745,-0.00028858330442915796,7.6420715602205656,-0.00028352373330374844,3.200452738383319e-07,-14.954803466796875,0.000902912812307477,-7.009884357452393,-0.00014851891319267452,-0.00037799248821102083,0.0002605088520795107,0.0004922939115203917,0.00533369998447597,0.0,4.0,0.00016519649943802506,0.15406343673117967,0.3335374686885353,0.1765305933128842,5.701001142318934e-38,3.787264548267379e-49,1.4535199894511148e-78,0.04593656326882034,0.1664625313114647,0.003469406687115789,0.24,0.16,0.52
16,1.1910451440458132e-05,-13.725956935615967,3.1168773948312574e-07,11.809180221223011,1.692384565610068e-06,3.3738050575493617e-08,-17.204639434814453,0.0001750319206621498,-8.650542259216309,1.966903255379293e-06,2.1068794922030065e-06,0.0002380629739491269,0.00010385330824647099,0.0021022000582888722,0.0,4.0,0.00016519649943802506,0.15406343673117967,0.3335374686885353,0.1765305933128842,5.701001142318934e-38,3.787264548267379e-49,1.4535199894511148e-78,0.04593656326882034,0.1664625313114647,0.003469406687115789,0.24,0.16,0.52
17,1.424593519717843e-05,15.649285579883273,0.00013304436985680132,13.05957678191285,-0.00013893267004867798,2.7256692192167975e-07,-15.115381240844727,0.0007052056025713682,-7.257020950317383,-7.342680328292772e-05,0.0001792555849533528,0.00027855316875502467,0.0006264933035708964,0.00254829996265471,0.0,4.0,0.00016519649943802506,0.15406343673117967,0.3335374686885353,0.1765305933128842,5.701001142318934e-38,3.787264548267379e-49,1.4535199894511148e-78,0.04593656326882034,0.1664625313114647,0.003469406687115789,0.24,0.16,0.52
18,1.1992125496171844e-05,-11.62250504232794,9.362878981826864e-05,6.797443178554985,-0.00507680685031644,7.04187732480932e-06,-11.863636016845703,0.002970823785290122,-5.818915843963623,-0.0026383018121123314,0.0001184259308502078,0.0003603121149353683,6.787971506128088e-05,0.0025810999795794487,0.0,4.0,0.00016519649943802506,0.15406343673117967,0.3335374686885353,0.1765305933128842,5.701001142318934e-38,3.787264548267379e-49,1.4535199894511148e-78,0.04593656326882034,0.1664625313114647,0.003469406687115789,0.24,0.16,0.52
19,1.3405177469046836e-05,1.0875109447339626,0.005790407112034561,2.253060814665032,0.005964191547756429,5.2033992687938735e-05,-9.86361312866211,0.009746634401381016,-4.630833148956299,0.0031020063906908035,0.006511040963232517,0.00012662743392866105,0.00014054588973522186,0.005380299990065396,0.0,4.0,0.00016519649943802506,0.15406343673117967,0.3335374686885353,0.1765305933128842,5.701001142318934e-38,3.787264548267379e-49,1.4535199894511148e-78,0.04593656326882034,0.1664625313114647,0.003469406687115789,0.24,0.16,0.52
20,1.3010520127166991e-05,-2.4030750055743892,-7.450160221619505e-05,10.47182902198342,-5.583614983127273e-05,2.3868320653264163e-08,-17.55071449279785,0.00023413935559801757,-8.359594345092773,-2.8737391403410584e-05,-0.00010417005978524685,5.715038059861399e-05,0.0001453134318580851,0.0021609000395983458,0.0,4.0,0.00016519649943802506,0.15406343673117967,0.3335374686885353,0.1765305933128842,5.701001142318934e-38,3.787264548267379e-49,1.4535199894511148e-78,0.04593656326882034,0.1664625313114647,0.003469406687115789,0.24,0.16,0.52
21,1.263684101593156e-05,-5.2608558375286245,-0.00035119036102215426,5.6142629509785005,0.00032880810724742127,2.422609099994588e-07,-15.233250617980957,0.0007428954122588038,-7.204955101013184,0.0001720579748507589,-0.00042953933007083833,0.00023178441915661097,5.081181734567508e-05,0.005343200056813657,0.0,4.0,0.00016519649943802506,0.15406343673117967,0.3335374686885353,0.1765305933128842,5.701001142318934e-38,3.787264548267379e-49,1.4535199894511148e-78,0.04593656326882034,0.1664625313114647,0.003469406687115789,0.24,0.16,0.52
22,1.2014555172330022e-05,-13.151960467305486,-0.00013211830150642852,12.254253748153303,-0.00011439549344604823,6.428223997545501e-08,-16.559982299804688,0.000394930801121518,-7.8368000984191895,-5.851361493114382e-05,-0.0001850813569035381,0.00021216965978965163,9.050199878402054e-05,0.002584700006991625,0.0,4.0,0.00016519649943802506,0.15406343673117967,0.3335374686885353,0.1765305933128842,5.701001142318934e-38,3.787264548267379e-49,1.4535199894511148e-78,0.04593656326882034,0.1664625313114647,0.003469406687115789,0.24,0.16,0.52
23,1.1883907240199298e-05,-14.395774131579522,7.33072554338149e-06,9.210580991248687,-1.9695958565041477e-05,6.639005789565999e-08,-16.52771759033203,0.00025209819432348013,-8.28569221496582,-8.685371540195774e-06,1.1683638149406761e-05,0.0003434417594689876,0.00012001663708360866,0.00262260006275028,0.0,4.0,0.00016519649943802506,0.15406343673117967,0.3335374686885353,0.1765305933128842,5.701001142318934e-38,3.787264548267379e-49,1.4535199894511148e-78,0.04593656326882034,0.1664625313114647,0.003469406687115789,0.24,0.16,0.52
24,1.142127824124861e-05,-19.162657026667517,-0.00016643800301528492,16.84777162906733,0.00015312466735231792,1.0758942892152845e-07,-16.04494285583496,0.0005190770607441664,-7.563458442687988,8.024495036806911e-05,-0.00025349651696160436,0.00013493296864908189,0.000235738159972243,0.002091199974529445,0.0,4.0,0.00016519649943802506,0.15406343673117967,0.3335374686885353,0.1765305933128842,5.701001142318934e-38,3.787264548267379e-49,1.4535199894511148e-78,0.04593656326882034,0.1664625313114647,0.003469406687115789,0.24,0.16,0.52
25,1.2377382236109408e-05,-8.73846430203563,0.00010071111885045917,14.702565478915385,-0.002365032638097752,1.5360941461040056e-06,-13.38626766204834,0.001421302673406899,-6.55618143081665,-0.0012295033084228635,0.00014879716036375612,6.3640225562267e-05,2.2364254618878476e-05,0.0053721999283879995,0.0,4.0,0.00016519649943802506,0.15406343673117967,0.3335374686885353,0.1765305933128842,5.701001142318934e-38,3.787264548267379e-49,1.4535199894511148e-78,0.04593656326882034,0.1664625313114647,0.003469406687115789,0.24,0.16,0.52
26,1.1894904238655107e-05,-14.014427306281796,-0.0003477639269000807,11.003992861912241,-0.0003151280039928639,2.9648504096257966e-07,-15.031269073486328,0.0008303398499265313,-7.09367561340332,-0.00016262974531855434,-0.0004764184122905135,0.0002717253810260445,0.00011085803271271288,0.0025887000374495983,0.0,4.0,0.00016519649943802506,0.15406343673117967,0.3335374686885353,0.1765305933128842,5.701001142318934e-38,3.787264548267379e-49,1.4535199894511148e-78,0.04593656326882034,0.1664625313114647,0.003469406687115789,0.24,0.16,0.52
27,1.4189804504326604e-05,12.591596916180054,-0.005421867128665284,8.741020123652511,-0.0028532108580176596,5.287338717607781e-05,-9.847610473632812,0.008936679922044277,-4.717591285705566,-0.001484582433477044,-0.0071089016273617744,0.00022016404545865953,0.000466228200821206,0.0020392999285832047,0.0,4.0,0.00016519649943802506,0.15406343673117967,0.3335374686885353,0.1765305933128842,5.701001142318934e-38,3.787264548267379e-49,1.4535199894511148e-78,0.04593656326882034,0.1664625313114647,0.003469406687115789,0.24,0.16,0.52
28,1.183869179468917e-05,-14.570122422919003,-2.3982304730250953e-05,-0.2769991351071967,-3.490209940587841e-07,2.5205355314028566e-07,-15.193624496459961,0.0004384791536722332,-7.732198238372803,2.957217930088518e-06,-2.3111622795113362e-05,0.0006977668963372707,0.00012705373228527606,0.0025028999662026763,0.0,4.0,0.00016519649943802506,0.15406343673117967,0.3335374686885353,0.1765305933128842,5.701001142318934e-38,3.787264548267379e-49,1.4535199894511148e-78,0.04593656326882034,0.1664625313114647,0.003469406687115789,0.24,0.16,0.52
29,1.199222190392618e-05,-2.2055410824297423,-1.676714453470549e-05,8.638548660441206,2.1003487704609667e-05,1.3912852203645798e-08,-18.090452194213867,0.00014863116666674614,-8.814043045043945,1.1371982509444933e-05,-2.4574404960731044e-05,9.073554974747822e-05,0.00013463401410263032,0.0025525999953970313,0.0,4.0,0.00014863116666674614,0.15406343673117967,0.3335374686885353,0.1765305933128842,5.701001142318934e-38,3.787264548267379e-49,1.4535199894511148e-78,0.04593656326882034,0.1664625313114647,0.003469406687115789,0.24,0.16,0.52
30,1.2058918250752888e-05,-14.141021985233715,5.3692998114771186e-05,15.604792050712412,-3.055708262186279e-05,1.9692338426580136e-08,-17.7430362701416,0.0002104170125676319,-8.466419219970703,-1.5358553355326876e-05,8.286829688586295e-05,0.00011382318916730583,0.00011055712820962071,0.0025933999568223953,0.0,4.0,0.00014863116666674614,0.15406343673117967,0.3335374686885353,0.1765305933128842,5.701001142318934e-38,3.787264548267379e-49,1.4535199894511148e-78,0.04593656326882034,0.1664625313114647,0.003469406687115789,0.24,0.16,0.52
31,1.2098639771512818e-05,-12.95386394619775,-0.0002593956484402694,4.530259537515539,0.0002746283648301174,2.3140296434576157e-07,-15.279105186462402,0.0007362912874668837,-7.2138848304748535,0.00014494247443508357,-0.0003068739897571504,0.0004723499878309667,9.659957868279889e-05,0.002651299932040274,0.0,4.0,0.00014863116666674614,0.15406343673117967,0.3335374686885353,0.1765305933128842,5.701001142318934e-38,3.787264548267379e-49,1.4535199894511148e-78,0.04593656326882034,0.1664625313114647,0.003469406687115789,0.24,0.16,0.52
32,1.1510184306273246e-05,-18.43549799090543,-0.00018553779820126279,7.8910755120587055,0.00020727221130085864,2.0685625656824413e-07,-15.391242027282715,0.0006893761456012726,-7.279723644256592,0.00010998039942933246,-0.00023497428628616035,0.000489064201246947,0.0001997786166612059,0.002575799939222634,0.0,4.0,0.00014863116666674614,0.15406343673117967,0.3335374686885353,0.1765305933128842,5.701001142318934e-38,3.787264548267379e-49,1.4535199894511148e-78,0.04593656326882034,0.1664625313114647,0.003469406687115789,0.24,0.16,0.52
33,1.1721098208764297e-05,-14.482588172044895,6.944271512113581e-05,11.477555089971029,-5.529156549202977e-05,5.264738689447768e-08,-16.7596492767334,0.0003184908418916166,-8.05191707611084,-2.7549180231289938e-05,9.843611042015254e-05,0.00026420195354148746,0.00012080916349077597,0.0024704999523237348,0.0,4.0,0.00014863116666674614,0.15406343673117967,0.3335374686885353,0.1765305933128842,5.701001142318934e-38,3.787264548267379e-49,1.4535199894511148e-78,0.04593656326882034,0.1664625313114647,0.003469406687115789,0.24,0.16,0.52
34,1.2555095317016056e-05,-7.013083623356514,-4.938917738081609e-05,6.222466375305002,6.8162167236183e-05,3.942743020957096e-08,-17.048803329467773,0.00023924082051962614,-8.338040351867676,3.6648423701990396e-05,-6.166303501231596e-05,0.0002610164519865066,2.0842275262111798e-05,0.0025819999864324927,0.0,4.0,0.00014863116666674614,0.15406343673117967,0.3335374686885353,0.1765305933128842,5.701001142318934e-38,3.787264548267379e-49,1.4535199894511148e-78,0.04593656326882034,0.1664625313114647,0.003469406687115789,0.24,0.16,0.52
35,1.2553361799384455e-05,-6.386922108105967,-7.22570363207457e-05,8.777437821064751,-6.075167033737866e-05,2.723697001272285e-08,-17.418689727783203,0.00023937528021633625,-8.337477684020996,-3.075368658755906e-05,-9.575136209605262e-05,0.00017907573783304542,4.6664714318467304e-05,0.002201499999500811,0.0,4.0,0.00014863116666674614,0.15406343673117967,0.3335374686885353,0.1765305933128842,5.701001142318934e-38,3.787264548267379e-49,1.4535199894511148e-78,0.04593656326882034,0.1664625313114647,0.003469406687115789,0.24,0.16,0.52
36,1.2305029113383525e-05,-9.248714758688395,-0.0001319852475883632,7.764618088873455,-0.00011799936608390003,6.944218000626279e-08,-16.482770919799805,0.0003747116425074637,-7.8893537521362305,-6.011048026266508e-05,-0.00016900597256608307,0.00027235454763285816,1.883582808659412e-05,0.0025768999475985765,0.0,4.0,0.00014863116666674614,0.15406343673117967,0.3335374686885353,0.1765305933128842,5.701001142318934e-38,3.787264548267379e-49,1.4535199894511148e-78,0.04593656326882034,0.1664625313114647,0.003469406687115789,0.24,0.16,0.52
37,0.00012875552536269091,-5.897838576558483,-8.562760444560107e-05,8.544131922031196,-7.156817792397476e-05,3.077478183399762e-08,-17.29656982421875,0.00026413874002173543,-8.239035606384277,-3.639909846242517e-05,-0.00011286197695881128,0.0001741666637826711,5.5588639952475205e-05,0.0021211999701336026,0.0,4.0,0.00014863116666674614,0.15406343673117967,0.3335374686885353,0.1765305933128842,5.701001142318934e-38,3.787264548267379e-49,1.4535199894511148e-78,0.04593656326882034,0.1664625313114647,0.003469406687115789,0.24,0.16,0.52
38,1.2992003853753285e-05,-1.143812803655541,-4.9835574861303436e-05,9.3405802892067,-3.81116450131228e-05,2.007304367168672e-08,-17.723888397216797,0.00019787988276220858,-8.527850151062012,-1.9530074496287853e-05,-6.932994438102469e-05,5.425081690191291e-05,0.00016378890722990036,0.0026433999883010983,0.0,4.0,0.00014863116666674614,0.15406343673117967,0.3335374686885353,0.1765305933128842,5.701001142318934e-38,3.787264548267379e-49,1.4535199894511148e-78,0.04593656326882034,0.1664625313114647,0.003469406687115789,0.24,0.16,0.52
39,1.2515671218740263e-05,-7.0044653336523535,-1.0812708583039636e-05,7.812298105014041,2.639334083675631e-05,2.4681670041104553e-08,-17.51720428466797,0.00015294572222046554,-8.78542709350586,1.4736704542883672e-05,-1.4586916222469881e-05,0.00021832848142366856,2.8915714210597798e-05,0.0025101000210270286,0.0,4.0,0.00014863116666674614,0.15406343673117967,0.3335374686885353,0.1765305933128842,5.701001142318934e-38,3.787264548267379e-49,1.4535199894511148e-78,0.04593656326882034,0.1664625313114647,0.003469406687115789,0.24,0.16,0.52
40,1.0600047249646829e-05,-28.035311091017775,0.0002308990281052767,15.665830616980621,0.000230450065372174,2.888356789298996e-07,-15.057408332824707,0.0008558465633541346,-7.063419342041016,0.00012124062050133944,0.00035700853914022446,0.00031355442479252815,0.00044164041173644364,0.0046663000248372555,0.0,4.0,0.00014863116666674614,0.15406343673117967,0.3335374686885353,0.1765305933128842,5.701001142318934e-38,3.787264548267379e-49,1.4535199894511148e-78,0.04593656326882034,0.1664625313114647,0.003469406687115789,0.24,0.16,0.52
41,1.2337355150077094e-05,-8.793914291117941,-9.231255504137538e-05,10.889154133923634,0.00011382918632591018,3.453599006775221e-08,-17.181262969970703,0.0002769760030787438,-8.191579818725586,5.9991136367898434e-05,-0.00012692705786321312,0.00017201002629008144,8.105589586193673e-06,0.002407300053164363,0.0,4.0,0.00014863116666674614,0.15406343673117967,0.3335374686885353,0.1765305933128842,5.701001142318934e-38,3.787264548267379e-49,1.4535199894511148e-78,0.04593656326882034,0.1664625313114647,0.003469406687115789,0.24,0.16,0.52
42,0.0004554077611863084,-17.37854651107785,-0.0031696510184529357,9.039627056524505,0.00035973105134989245,1.75698605744401e-05,-10.949325561523438,0.004662992898374796,-5.36809778213501,0.00018894104869104922,-0.004175014793872833,0.00041731950477696955,0.00018075421394314617,0.0026299000019207597,0.0,4.0,0.00014863116666674614,0.15406343673117967,0.3335374686885353,0.1765305933128842,5.701001142318934e-38,3.787264548267379e-49,1.4535199894511148e-78,0.04593656326882034,0.1664625313114647,0.003469406687115789,0.24,0.16,0.52
43,1.2270096187046829e-05,-9.05234395035802,-6.388520747453641e-05,7.105925945179255,-6.67262986731394e-05,4.8938318286673166e-08,-16.832704544067383,0.00026614381931722164,-8.231473922729492,-3.338233000249602e-05,-8.055583748500794e-05,0.00028699488029815257,1.7416459741070867e-05,0.005439399974420667,0.0,4.0,0.00014863116666674614,0.15406343673117967,0.3335374686885353,0.1765305933128842,5.701001142318934e-38,3.787264548267379e-49,1.4535199894511148e-78,0.04593656326882034,0.1664625313114647,0.003469406687115789,0.24,0.16,0.52
44,1.2005235502504485e-05,-12.962455362371935,0.00013295228959366565,10.735171817122987,0.0001305299982668667,7.598406170927774e-08,-16.392742156982422,0.0004263260052539408,-7.760306358337402,6.906109774718061e-05,0.00018318039656151086,0.00025984086096286774,8.83281827555038e-05,0.0025453000562265515,0.0,4.0,0.00014863116666674614,0.15406343673117967,0.3335374686885353,0.1765305933128842,5.701001142318934e-38,3.787264548267379e-49,1.4535199894511148e-78,0.04593656326882034,0.1664625313114647,0.003469406687115789,0.24,0.16,0.52
45,1.2720812283127035e-05,-5.9475750671705825,9.656161908822806e-05,10.94198267049988,9.343529971697039e-05,2.859941261590393e-08,-17.3698787689209,0.0002721547498367727,-8.209139823913574,4.913717930321582e-05,0.00013114375178702176,0.00011522904242156073,6.85186023474671e-05,0.005330099957063794,0.0,4.0,0.00014863116666674614,0.15406343673117967,0.3335374686885353,0.1765305933128842,5.701001142318934e-38,3.787264548267379e-49,1.4535199894511148e-78,0.04593656326882034,0.1664625313114647,0.003469406687115789,0.24,0.16,0.52
46,0.0006647870019830835,-7.352545813670276,-0.0031157982696032394,-1.3495467535597407,-0.0031346601586491408,1.2955157217220403e-05,-11.254016876220703,0.005071474239230156,-5.28412389755249,-0.001627837074920535,-0.0031921728514134884,0.00047972131869755685,2.3207630874821916e-05,0.002573800040408969,0.0,4.0,0.00014863116666674614,0.15406343673117967,0.3335374686885353,0.1765305933128842,5.701001142318934e-38,3.787264548267379e-49,1.4535199894511148e-78,0.04593656326882034,0.1664625313114647,0.003469406687115789,0.24,0.16,0.52
47,1.2593636376209048e-05,-5.920507872358602,3.64209616924188e-05,15.557976342284094,3.277769484104542e-05,7.763800269344756e-09,-18.67379379272461,0.00011948401515837759,-9.032327651977539,1.7081792975659482e-05,5.294943548506126e-05,2.3062966647557914e-06,9.659928036853671e-05,0.005353500018827617,0.0,4.0,0.00011948401515837759,0.15406343673117967,0.3335374686885353,0.1765305933128842,5.701001142318934e-38,3.787264548267379e-49,1.4535199894511148e-78,0.04593656326882034,0.1664625313114647,0.003469406687115789,0.24,0.16,0.52
48,1.2802903788662576e-05,-3.6566810443679065,0.00012562249227561186,4.741750387046736,-7.915818103561253e-05,4.862805269567616e-08,-16.839065551757812,0.0003315791836939752,-8.01164436340332,-4.017649553134106e-05,0.00014857838687021285,0.0002102007420035079,7.544782420154661e-05,0.0024488000199198723,0.0,4.0,0.00011948401515837759,0.15406343673117967,0.3335374686885353,0.1765305933128842,5.701001142318934e-38,3.787264548267379e-49,1.4535199894511148e-78,0.04593656326882034,0.1664625313114647,0.003469406687115789,0.24,0.16,0.52
49,1.0975054012673714e-05,-24.15013843961731,-0.0014118162041984884,-0.5102363096426318,-0.0015273990046794348,3.386737262189854e-06,-12.595643997192383,0.0029227519407868385,-5.835229873657227,-0.0007895538583397865,-0.001474652555771172,0.001052321633324027,0.00026476942002773285,0.002578300074674189,0.0,4.0,0.00011948401515837759,0.15406343673117967,0.3335374686885353,0.1765305933128842,5.701001142318934e-38,3.787264548267379e-49,1.4535199894511148e-78,0.04593656326882034,0.1664625313114647,0.003469406687115789,0.24,0.16,0.52
50,1.2292534430700747e-05,-9.465985028949898,3.061891359951146e-05,14.27457739225871,2.87994559729716e-05,6.0393379186507445e-09,-18.924970626831055,0.00010749125794973224,-9.138100624084473,1.539215554657858e-05,4.4774751586373895e-05,8.679645543452352e-05,7.852251656004228e-06,0.002581199980340898,0.0,4.0,0.00010749125794973224,0.15406343673117967,0.3335374686885353,0.1765305933128842,5.701001142318934e-38,3.787264548267379e-49,1.4535199894511148e-78,0.04593656326882034,0.1664625313114647,0.003469406687115789,0.24,0.16,0.52
51,1.1914796135664943e-05,-13.606206953461173,0.00017395590724037335,8.661503277253678,0.0001726754157789004,1.257854762570787e-07,-15.888688087463379,0.0005450982716865838,-7.514544486999512,9.135623986367136e-05,0.0002291027776664123,0.0003450079821050167,0.00010427051893202588,0.002148000057786703,0.0,4.0,0.00010749125794973224,0.15406343673117967,0.3335374686885353,0.1765305933128842,5.701001142318934e-38,3.787264548267379e-49,1.4535199894511148e-78,0.04593656326882034,0.1664625313114647,0.003469406687115789,0.24,0.16,0.52
52,1.2415187344539715e-05,-8.199619671345202,5.89455216222008e-05,12.199610913379951,5.693718254991634e-05,1.5713069956291292e-08,-17.968772888183594,0.00018684740643948317,-8.58521842956543,3.019363430212252e-05,8.246540528489277e-05,0.00012415791570674628,2.4218845283030532e-05,0.0026473000179976225,0.0,4.0,0.00010749125794973224,0.15406343673117967,0.3335374686885353,0.1765305933128842,5.701001142318934e-38,3.787264548267379e-49,1.4535199894511148e-78,0.04593656326882034,0.1664625313114647,0.003469406687115789,0.24,0.16,0.52
53,1.239268372540131e-05,-8.422155125526121,1.4192506455623637e-05,7.995948356731657,1.2420080779457694e-05,3.073397181196924e-08,-17.297897338867188,0.00015204177179839462,-8.79135513305664,7.592644578835461e-06,1.8079279470839538e-05,0.00024628700339235365,6.45270802124287e-06,0.002535399980843067,0.0,4.0,0.00010749125794973224,0.15406343673117967,0.3335374686885353,0.1765305933128842,5.701001142318934e-38,3.787264548267379e-49,1.4535199894511148e-78,0.04593656326882034,0.1664625313114647,0.003469406687115789,0.24,0.16,0.52
54,1.2446497316655858e-05,-7.891487756020245,-0.00011468540836773746,12.7977912465084,-0.00011592687558540973,3.647210178314708e-08,-17.126718521118164,0.00029248319333419204,-8.137103080749512,-5.979275010759011e-05,-0.00016455842705909163,0.00010241727432003245,3.384675437700935e-05,0.005395799991674721,0.0,4.0,0.00010749125794973224,0.15406343673117967,0.3335374686885353,0.1765305933128842,5.701001142318934e-38,3.787264548267379e-49,1.4535199894511148e-78,0.04593656326882034,0.1664625313114647,0.003469406687115789,0.24,0.16,0.52
55,1.1022491823141336e-05,-24.216825699913134,-0.003539894405012514,15.016713612675439,0.0033774673767990155,3.1058123568072915e-05,-10.379650115966797,0.007354923523962498,-4.9123854637146,0.0017575776437297463,-0.005278890021145344,0.00028760472196154296,0.00034930685069411993,0.002029099967330694,0.0,4.0,0.00010749125794973224,0.15406343673117967,0.3335374686885353,0.1765305933128842,5.701001142318934e-38,3.787264548267379e-49,1.4535199894511148e-78,0.04593656326882034,0.1664625313114647,0.003469406687115789,0.24,0.16,0.52
56,1.2775466309439972e-05,-4.132397625642732,0.00023678510772540053,9.664550370801798,0.00020744606307700309,1.2161520146491966e-07,-15.922404289245605,0.0005277679301798344,-7.546854019165039,0.00010840100003406405,0.00031435154960490763,0.00010940859647234902,0.00010062215005746111,0.005337200011126697,0.0,4.0,0.00010749125794973224,0.15406343673117967,0.3335374686885353,0.1765305933128842,5.701001142318934e-38,3.787264548267379e-49,1.4535199894511148e-78,0.04593656326882034,0.1664625313114647,0.003469406687115789,0.24,0.16,0.52
57,1.1961200100439003e-05,-13.870759087946142,-4.3690743773023514e-05,13.009031099190892,0.00010776916666835713,3.242384849500013e-08,-17.24437141418457,0.0002705319202505052,-8.215120315551758,5.695292929885909e-05,-6.09389717283193e-05,0.00019919837359339,0.00010608163574943319,0.00258239998947829,0.0,4.0,0.00010749125794973224,0.15406343673117967,0.3335374686885353,0.1765305933128842,5.701001142318934e-38,3.787264548267379e-49,1.4535199894511148e-78,0.04593656326882034,0.1664625313114647,0.003469406687115789,0.24,0.16,0.52
58,1.1898497757301612e-05,-13.338044552267144,9.162337307971563e-05,9.351920679563648,6.0557455056569164e-05,7.067521323733672e-08,-16.465171813964844,0.00036261999048292637,-7.922154903411865,3.2921288948273286e-05,0.0001231817586813122,0.0003149992262478918,9.803465945878997e-05,0.002313000033609569,0.0,4.0,0.00010749125794973224,0.15406343673117967,0.3335374686885353,0.1765305933128842,5.701001142318934e-38,3.787264548267379e-49,1.4535199894511148e-78,0.04593656326882034,0.1664625313114647,0.003469406687115789,0.24,0.16,0.52
59,1.2878022858282783e-05,-2.7130728650177494,4.811688849811687e-05,9.443921263903993,1.7759888390359497e-05,1.5923641072390637e-08,-17.955461502075195,0.0001785128260962665,-8.630849838256836,9.65687013376737e-06,6.139940524008125e-05,8.479403186356649e-05,0.00013011906412430108,0.002593600074760616,0.0,4.0,0.00010749125794973224,0.15406343673117967,0.3335374686885353,0.1765305933128842,5.701001142318934e-38,3.787264548267379e-49,1.4535199894511148e-78,0.04593656326882034,0.1664625313114647,0.003469406687115789,0.24,0.16,0.52
60,-8.50631057189163e-05,-8.955770175091075,-0.00048447583088799035,14.036252350501927,0.0003143063454007968,5.343806037672039e-07,-14.442157745361328,0.0009239435312338173,-6.9868597984313965,0.0001638514077058062,-0.0007097551133483648,8.565279131289572e-05,1.5021154467831366e-05,0.005389000056311488,0.0,4.0,0.00010749125794973224,0.15406343673117967,0.3335374686885353,0.1765305933128842,5.701001142318934e-38,3.787264548267379e-49,1.4535199894511148e-78,0.04593656326882034,0.1664625313114647,0.003469406687115789,0.24,0.16,0.52
61,-0.0002071112323119447,-1.6391849407455221,-0.001140983753411611,10.053873352178297,-0.0011491049451891147,2.7441615202405956e-06,-12.806035041809082,0.002242651768028736,-6.100096225738525,-0.0005972651415504515,-0.001540621742606163,5.0498136261012405e-05,0.00015903175517451018,0.0020169999916106462,0.0,4.0,0.00010749125794973224,0.15406343673117967,0.3335374686885353,0.1765305933128842,5.701001142318934e-38,3.787264548267379e-49,1.4535199894511148e-78,0.04593656326882034,0.1664625313114647,0.003469406687115789,0.24,0.16,0.52
62,1.223226107459855e-05,-10.419499409809866,0.00016484902788272844,13.084479651786644,-8.184127679321762e-05,6.769226956748753e-08,-16.50829315185547,0.00036079640267416835,-7.927196502685547,-4.191571133560501e-05,0.00023695356503594667,0.0001373915292788297,2.6462723326403648e-05,0.002097400021739304,0.0,4.0,0.00010749125794973224,0.15406343673117967,0.3335374686885353,0.1765305933128842,5.701001142318934e-38,3.787264548267379e-49,1.4535199894511148e-78,0.04593656326882034,0.1664625313114647,0.003469406687115789,0.24,0.16,0.52
63,1.2800326312909337e-05,-3.8060548348766936,3.3395625791524104e-05,15.95085224904385,2.1342032434976008e-06,1.477005806549414e-08,-18.030664443969727,0.00014368686242960393,-8.847874641418457,9.83009158517234e-07,4.772057945956476e-05,3.607642065617256e-05,0.0001538901124149561,0.0027543000178411603,0.0,4.0,0.00010749125794973224,0.15406343673117967,0.3335374686885353,0.1765305933128842,5.701001142318934e-38,3.787264548267379e-49,1.4535199894511148e-78,0.04593656326882034,0.1664625313114647,0.003469406687115789,0.24,0.16,0.52
64,1.2276401031111662e-05,-9.926434994796741,7.048839558168426e-05,5.3759798731997375,3.6956981861148e-05,7.38881027473326e-08,-16.420713424682617,0.00030735554173588753,-8.087505340576172,2.0863903046119958e-05,8.604479808127508e-05,0.00036128886858932674,3.960479443776421e-05,0.0026263000909239054,0.0,4.0,0.00010749125794973224,0.15406343673117967,0.3335374686885353,0.1765305933128842,5.701001142318934e-38,3.787264548267379e-49,1.4535199894511148e-78,0.04593656326882034,0.1664625313114647,0.003469406687115789,0.24,0.16,0.52
65,1.2317927362253748e-05,-9.106662568405493,6.10274621745242e-05,14.302513119431634,3.7419351348425995e-05,1.1704997859851574e-08,-18.26325035095215,0.00015590708062518388,-8.766250610351562,1.9846625946229324e-05,8.939492545323446e-05,8.045879076234996e-05,1.2872284059994854e-05,0.005183100001886487,0.0,4.0,0.00010749125794973224,0.15406343673117967,0.3335374686885353,0.1765305933128842,5.701001142318934e-38,3.787264548267379e-49,1.4535199894511148e-78,0.04593656326882034,0.1664625313114647,0.003469406687115789,0.24,0.16,0.52
66,1.2123562562108448e-05,-11.507588149366816,4.989785786139893e-05,11.188689281793243,8.288183638467297e-05,3.169431295191316e-08,-17.267127990722656,0.0002496714878361672,-8.295364379882812,4.409078974276781e-05,6.967553781578317e-05,0.00021606388327199966,5.5746430007275194e-05,0.0021502000745385885,0.0,4.0,0.00010749125794973224,0.15406343673117967,0.3335374686885353,0.1765305933128842,5.701001142318934e-38,3.787264548267379e-49,1.4535199894511148e-78,0.04593656326882034,0.1664625313114647,0.003469406687115789,0.24,0.16,0.52
67,1.258259291756696e-05,-6.355430682596969,-0.00031683817428746055,7.598762290544332,-0.000350812167418015,2.199193289698087e-07,-15.330004692077637,0.0007116677006706595,-7.247899532318115,-0.00018145161448046565,-0.00040543481009081006,0.0002087270113406703,4.083550811628811e-05,0.0020669000223279,0.0,4.0,0.00010749125794973224,0.15406343673117967,0.3335374686885353,0.1765305933128842,5.701001142318934e-38,3.787264548267379e-49,1.4535199894511148e-78,0.04593656326882034,0.1664625313114647,0.003469406687115789,0.24,0.16,0.52
68,1.1631695183400997e-05,-17.021322092011545,-2.6363770540299865e-05,7.364523319931465,-6.319957338360221e-05,1.2959840489656926e-07,-15.85882568359375,0.00038477935595437884,-7.86284065246582,-3.0723393138032407e-05,-3.053797991015017e-05,0.00047536665806546807,0.00017166929319500923,0.005106199998408556,0.0,4.0,0.00010749125794973224,0.15406343673117967,0.3335374686885353,0.1765305933128842,5.701001142318934e-38,3.787264548267379e-49,1.4535199894511148e-78,0.04593656326882034,0.1664625313114647,0.003469406687115789,0.24,0.16,0.52
69,1.2460767572181865e-05,-7.603914862097397,4.12518477991028e-06,21.93236299113898,6.757352772252848e-05,1.4867925557382478e-08,-18.024059295654297,0.0001531585439806804,-8.784036636352539,3.4532877180026844e-05,5.167657036508899e-06,0.00014131446368992329,8.560155401937664e-05,0.002099200035445392,0.0,4.0,0.00010749125794973224,0.15406343673117967,0.3335374686885353,0.1765305933128842,5.701001142318934e-38,3.787264548267379e-49,1.4535199894511148e-78,0.04593656326882034,0.1664625313114647,0.003469406687115789,0.24,0.16,0.52
70,1.316581184130765e-05,-0.04993778576397284,2.7514735389665854e-05,7.492061541019325,4.543534957873641e-05,1.8151061098592436e-08,-17.82453727722168,0.00017311223200522363,-8.66157054901123,2.396548370597884e-05,3.173216828145087e-05,6.465473416028544e-05,0.00017017443315126002,0.005459200008772314,0.0,4.0,0.00010749125794973224,0.15406343673117967,0.3335374686885353,0.1765305933128842,5.701001142318934e-38,3.787264548267379e-49,1.4535199894511148e-78,0.04593656326882034,0.1664625313114647,0.003469406687115789,0.24,0.16,0.52
71,1.1210910077097529e-05,-21.28427178423018,0.00018881738077514409,5.815601664782109,0.00014916837221479724,3.063082658627536e-07,-14.998673439025879,0.000766681507229805,-7.173439025878906,8.049479947658256e-05,0.00023576040985062718,0.0006538028246723115,0.0002470498438924551,0.0022314999951049685,0.0,4.0,0.00010749125794973224,0.15406343673117967,0.3335374686885353,0.1765305933128842,5.701001142318934e-38,3.787264548267379e-49,1.4535199894511148e-78,0.04593656326882034,0.1664625313114647,0.003469406687115789,0.24,0.16,0.52
72,-4.628632031101883e-05,-13.062592283184495,-0.0002692324796387989,3.6953977123038646,-0.000306295089449344,2.5438043849135283e-07,-15.18443489074707,0.0007712703081779182,-7.167471885681152,-0.00015699357027187943,-0.0003121528134215623,0.0005046459846198559,9.96018570731394e-05,0.0025394000113010406,0.0,4.0,0.00010749125794973224,0.15406343673117967,0.3335374686885353,0.1765305933128842,5.701001142318934e-38,3.787264548267379e-49,1.4535199894511148e-78,0.04593656326882034,0.1664625313114647,0.003469406687115789,0.24,0.16,0.52
73,1.234998790658786e-05,-9.122668281861822,0.00010995348956167154,2.6347434268678596,-3.72640303474388e-05,1.0548327367132515e-07,-16.064712524414062,0.0003709223819896579,-7.89951753616333,-1.7458294678363018e-05,0.00012532685650512576,0.00042159282020293176,3.468166687525809e-05,0.0019830999663099647,0.0,4.0,0.00010749125794973224,0.15406343673117967,0.3335374686885353,0.1765305933128842,5.701001142318934e-38,3.787264548267379e-49,1.4535199894511148e-78,0.04593656326882034,0.1664625313114647,0.003469406687115789,0.24,0.16,0.52
74,1.1562518082902158e-05,-17.08906077600778,4.183009236051574e-05,4.187154699176908,4.437053324643614e-06,1.9970633502452984e-07,-15.42641830444336,0.0004441087075974792,-7.7194414138793945,5.022678578825435e-06,5.225515633355826e-05,0.0006043449393473566,0.0001693168596830219,0.0026930999010801315,0.0,4.0,0.00010749125794973224,0.15406343673117967,0.3335374686885353,0.1765305933128842,5.701001142318934e-38,3.787264548267379e-49,1.4535199894511148e-78,0.04593656326882034,0.1664625313114647,0.003469406687115789,0.24,0.16,0.52
75,1.2736515045340668e-05,-4.706302109701514,-1.712575255482987e-05,8.936249281942791,-4.331873645830205e-05,1.4114142743437696e-08,-18.076087951660156,0.0001569575979374349,-8.75953483581543,-2.1867181203560904e-05,-2.4249256966868415e-05,0.00013844872592017055,8.323361544171348e-05,0.0024874999653548002,0.0,4.0,0.00010749125794973224,0.15406343673117967,0.3335374686885353,0.1765305933128842,5.701001142318934e-38,3.787264548267379e-49,1.4535199894511148e-78,0.04593656326882034,0.1664625313114647,0.003469406687115789,0.24,0.16,0.52
76,1.2099608168668128e-05,-11.133439390221277,0.00012771910698535036,1.4477288727883715,-7.448977075791615e-05,1.6006575265237188e-07,-15.64768123626709,0.0004748489009216428,-7.6525139808654785,-3.637350891949609e-05,0.00014193617971614003,0.000521619978826493,7.145843119360507e-05,0.005446200026199222,0.0,4.0,0.00010749125794973224,0.15406343673117967,0.3335374686885353,0.1765305933128842,5.701001142318934e-38,3.787264548267379e-49,1.4535199894511148e-78,0.04593656326882034,0.1664625313114647,0.003469406687115789,0.24,0.16,0.52
77,5.128371695315304e-05,-8.209564863403143,4.509539766958136e-05,10.618644910809135,3.4029732814268044e-05,1.8335327922613942e-08,-17.814435958862305,0.00017217577260453254,-8.66699504852295,1.847892053774558e-05,6.09984272159636e-05,0.00016806453641038388,1.7332304196315818e-05,0.0022157999919727445,0.0,4.0,0.00010749125794973224,0.15406343673117967,0.3335374686885353,0.1765305933128842,5.701001142318934e-38,3.787264548267379e-49,1.4535199894511148e-78,0.04593656326882034,0.1664625313114647,0.003469406687115789,0.24,0.16,0.52
78,1.2575299062745143e-05,-8.789116083086146,-6.184590636061695e-05,4.63030308273847,-8.587638112929464e-05,6.969732169181952e-08,-16.479103088378906,0.00030371273169294,-8.099428176879883,-4.304473986849189e-05,-7.351930980803445e-05,0.00035272270906716585,2.1574665879597887e-05,0.002158000017516315,0.0,4.0,0.00010749125794973224,0.15406343673117967,0.3335374686885353,0.1765305933128842,5.701001142318934e-38,3.787264548267379e-49,1.4535199894511148e-78,0.04593656326882034,0.1664625313114647,0.003469406687115789,0.24,0.16,0.52
79,1.2206484180696351e-05,-10.87331013746738,0.00014447879221075668,9.348919636658598,0.00011373073320080522,7.582153216389997e-08,-16.39488410949707,0.0004065971588715911,-7.807687759399414,6.033505269442685e-05,0.00019237378728576005,0.00026108871679753065,4.6687928261235356e-05,0.0021802999544888735,0.0,4.0,0.00010749125794973224,0.15406343673117967,0.3335374686885353,0.1765305933128842,5.701001142318934e-38,3.787264548267379e-49,1.4535199894511148e-78,0.04593656326882034,0.1664625313114647,0.003469406687115789,0.24,0.16,0.52
80,1.209063540545739e-05,-12.35417491122447,0.00032497554517898575,19.836645959767917,0.0002872739894546335,3.0897848546374007e-07,-14.989994049072266,0.0007346521015278995,-7.216113567352295,0.00014919927343726158,0.0005328323459252715,4.6389639464905486e-05,5.885136124561541e-05,0.0027827000012621284,0.0,4.0,0.00010749125794973224,0.15406343673117967,0.3335374686885353,0.1765305933128842,5.701001142318934e-38,3.787264548267379e-49,1.4535199894511148e-78,0.04593656326882034,0.1664625313114647,0.003469406687115789,0.24,0.16,0.52
81,1.241617871674191e-05,-8.182474855081043,-5.580224880796579e-05,11.50233989034604,0.00013149095449304916,2.1341993061696485e-08,-17.66259002685547,0.0002295282029081136,-8.379484176635742,6.90465749357827e-05,-7.814305718056858e-05,0.00014307229139376432,2.1604864741675556e-05,0.0024876000825315714,0.0,4.0,0.00010749125794973224,0.15406343673117967,0.3335374686885353,0.1765305933128842,5.701001142318934e-38,3.787264548267379e-49,1.4535199894511148e-78,0.04593656326882034,0.1664625313114647,0.003469406687115789,0.24,0.16,0.52
82,1.2480317308845016e-05,-6.207669777880377,4.435823813529744e-05,0.260008538380304,1.334604321898173e-05,8.099883785916973e-08,-16.32883071899414,0.00025717326207086444,-8.26576042175293,8.75701880431734e-06,4.722251105704345e-05,0.00039667586679570377,5.71161672269227e-06,0.0021573000121861696,0.0,4.0,0.00010749125794973224,0.15406343673117967,0.3335374686885353,0.1765305933128842,5.701001142318934e-38,3.787264548267379e-49,1.4535199894511148e-78,0.04593656326882034,0.1664625313114647,0.003469406687115789,0.24,0.16,0.52
83,1.2031569520419965e-05,-11.979074147630891,0.00011608370069158706,16.00901058437821,4.616156854592576e-05,3.6185355156703736e-08,-17.134611129760742,0.0002653729752637446,-8.234374046325684,2.434456837363541e-05,0.0001775007403921336,7.062850636430085e-05,5.642679025186226e-05,0.002577299950644374,0.0,4.0,0.00010749125794973224,0.15406343673117967,0.3335374686885353,0.1765305933128842,5.701001142318934e-38,3.787264548267379e-49,1.4535199894511148e-78,0.04593656326882034,0.1664625313114647,0.003469406687115789,0.24,0.16,0.52
84,1.2103604301422283e-05,-11.846502849569887,1.0039869611884853e-05,10.537960293751814,5.7965217666176876e-05,3.2973751729059586e-08,-17.227554321289062,0.00020001584198325872,-8.51711368560791,3.125732109765522e-05,1.462717500544386e-05,0.00024372096231672913,6.454176036641002e-05,0.002148600062355399,0.0,4.0,0.00010749125794973224,0.15406343673117967,0.3335374686885353,0.1765305933128842,5.701001142318934e-38,3.787264548267379e-49,1.4535199894511148e-78,0.04593656326882034,0.1664625313114647,0.003469406687115789,0.24,0.16,0.52
85,1.2628827085799725e-05,-5.8009507402472655,1.4035626145604056e-06,11.570183518947282,-3.264700033040292e-05,7.822794856338078e-09,-18.666223526000977,0.00010309494973625988,-9.17986011505127,-1.6507839973201044e-05,3.524959311107523e-07,9.690012666396797e-05,7.556909986305982e-05,0.0025149999419227242,0.0,4.0,0.00010309494973625988,0.15406343673117967,0.3335374686885353,0.1765305933128842,5.701001142318934e-38,3.787264548267379e-49,1.4535199894511148e-78,0.04593656326882034,0.1664625313114647,0.003469406687115789,0.24,0.16,0.52
86,1.275164978614737e-05,-10.764999375966788,0.000620243630027182,1.6507111402717867,-0.0005493198760780106,6.827563083788846e-07,-14.197128295898438,0.001255751121789217,-6.680021286010742,-0.0002833664184436202,0.0006882796878926456,0.0005032287444919348,6.498122093034908e-05,0.0021090999944135547,0.0,4.0,0.00010309494973625988,0.15406343673117967,0.3335374686885353,0.1765305933128842,5.701001142318934e-38,3.787264548267379e-49,1.4535199894511148e-78,0.04593656326882034,0.1664625313114647,0.003469406687115789,0.24,0.16,0.52
87,1.0912199580062895e-05,-24.42189827935347,0.0003905175547589627,18.460673019046947,-0.00035810770480753306,5.089464707452862e-07,-14.490922927856445,0.0010658351238816977,-6.843996524810791,-0.00018563427147455513,0.0006297301733866334,0.00012722000246867537,0.00037372135557234287,0.005350699997507036,0.0,4.0,0.00010309494973625988,0.15406343673117967,0.3335374686885353,0.1765305933128842,5.701001142318934e-38,3.787264548267379e-49,1.4535199894511148e-78,0.04593656326882034,0.1664625313114647,0.003469406687115789,0.24,0.16,0.52
88,1.2205191428868402e-05,-9.288783667410407,0.0001855846748269,17.088588138896665,-0.00011597909842106459,8.672857632063824e-08,-16.260482788085938,0.0003596413298510015,-7.930403232574463,-6.0263468185439706e-05,0.0002879531239159405,4.398697456053924e-06,1.8450769857736304e-05,0.002507499884814024,0.0,4.0,0.00010309494973625988,0.15406343673117967,0.3335374686885353,0.1765305933128842,5.701001142318934e-38,3.787264548267379e-49,1.4535199894511148e-78,0.04593656326882034,0.1664625313114647,0.003469406687115789,0.24,0.16,0.52
89,1.2152485211829454e-05,-12.303325921437674,-4.230121646559765e-06,13.67849197748125,-2.8157859318792567e-05,1.3873412640919014e-08,-18.093292236328125,0.00012858664558734745,-8.958907127380371,-1.3945629689260386e-05,-5.134919774718583e-06,0.00015026119945105165,6.875100370962173e-05,0.005306500010192394,0.0,4.0,0.00010309494973625988,0.15406343673117967,0.3335374686885353,0.1765305933128842,5.701001142318934e-38,3.787264548267379e-49,1.4535199894511148e-78,0.04593656326882034,0.1664625313114647,0.003469406687115789,0.24,0.16,0.52
90,0.0004102371346028327,0.18140815756116632,1.856029563218019e-05,6.792919114291824,5.151123566977969e-05,1.786153092098175e-08,-17.84061622619629,0.00016713584773242474,-8.696703910827637,2.715807204367593e-05,1.9995664843008853e-05,7.172825280576944e-05,0.0001682359870756045,0.005402499926276505,0.0,4.0,0.00010309494973625988,0.15406343673117967,0.3335374686885353,0.1765305933128842,5.701001142318934e-38,3.787264548267379e-49,1.4535199894511148e-78,0.04593656326882034,0.1664625313114647,0.003469406687115789,0.24,0.16,0.52
91,1.2695333195876122e-05,-4.457221750941787,7.284504635078322e-05,15.599700270965215,-1.0810374500997072e-06,2.074866678469789e-08,-17.690784454345703,0.0001850180560722947,-8.595057487487793,-6.160457246551232e-07,0.00010731044312706217,1.9736122339963913e-05,0.00013444700744003057,0.0019668000750243664,0.0,4.0,0.00010309494973625988,0.15406343673117967,0.3335374686885353,0.1765305933128842,5.701001142318934e-38,3.787264548267379e-49,1.4535199894511148e-78,0.04593656326882034,0.1664625313114647,0.003469406687115789,0.24,0.16,0.52
92,1.2234390484483413e-05,-10.185286653878375,5.389432285695763e-05,13.255218603295173,1.5516301974650843e-05,1.4571629236570516e-08,-18.044189453125,0.00016097685147542506,-8.73425006866455,8.669896487845108e-06,7.778177678119391e-05,0.00012830672494601458,2.0743616914842278e-05,0.0021151999244466424,0.0,4.0,0.00010309494973625988,0.15406343673117967,0.3335374686885353,0.1765305933128842,5.701001142318934e-38,3.787264548267379e-49,1.4535199894511148e-78,0.04593656326882034,0.1664625313114647,0.003469406687115789,0.24,0.16,0.52
93,1.221780773362601e-05,-11.899264372392969,3.5381578414983443e-05,12.625705874804598,7.14038021176202e-06,2.0260984001652105e-08,-17.714569091796875,0.00017514533828943968,-8.649894714355469,4.531404101726366e-06,5.1216804422438145e-05,0.00017737656889948994,6.141767516965047e-05,0.0027541000163182616,0.0,4.0,0.00010309494973625988,0.15406343673117967,0.3335374686885353,0.1765305933128842,5.701001142318934e-38,3.787264548267379e-49,1.4535199894511148e-78,0.04593656326882034,0.1664625313114647,0.003469406687115789,0.24,0.16,0.52
94,1.3005638042978623e-05,-2.8317724031464566,9.784121835271087e-05,2.4503760659016196,7.451586259793175e-05,4.454576085777262e-08,-16.926748275756836,0.0003047763020731509,-8.095932006835938,3.986344745499082e-05,0.0001090970981749706,0.000238131862715818,7.349965744651854e-05,0.002523500006645918,0.0,4.0,0.00010309494973625988,0.15406343673117967,0.3335374686885353,0.1765305933128842,5.701001142318934e-38,3.787264548267379e-49,1.4535199894511148e-78,0.04593656326882034,0.1664625313114647,0.003469406687115789,0.24,0.16,0.52
95,1.1265421584499628e-05,-4.145825414942594,0.00010545767310908261,21.178836280607115,7.840126678347195e-05,5.9059455992382937e-08,-16.64472198486328,0.00037796003744006157,-7.8807220458984375,4.0145707316696644e-05,0.00017330711125396192,0.00014580428251065314,0.00018321014067623764,0.002608200069516897,0.0,4.0,0.00010309494973625988,0.15406343673117967,0.3335374686885353,0.1765305933128842,5.701001142318934e-38,3.787264548267379e-49,1.4535199894511148e-78,0.04593656326882034,0.1664625313114647,0.003469406687115789,0.24,0.16,0.52
96,1.2153918292082435e-05,-11.175510249134465,-0.0005210440852054974,8.891315793229193,-0.0005351387902353444,5.856036864315683e-07,-14.350622177124023,0.0011289560934528708,-6.78646183013916,-0.0002769831335172057,-0.0006838130648247898,0.00028220374952070415,5.41159970453009e-05,0.002472999971359968,0.0,4.0,0.00010309494973625988,0.15406343673117967,0.3335374686885353,0.1765305933128842,5.701001142318934e-38,3.787264548267379e-49,1.4535199894511148e-78,0.04593656326882034,0.1664625313114647,0.003469406687115789,0.24,0.16,0.52
97,1.3486333964032853e-05,3.8327510347668636,0.0014135680906680501,15.951653674784946,-0.003775943203420654,8.522143616573885e-06,-11.672842979431152,0.004352336283773184,-5.437042713165283,-0.001964044524356723,0.002142874989658594,0.0001334793196292594,0.0003573549911379814,0.005401399917900562,0.0,4.0,0.00010309494973625988,0.15406343673117967,0.3335374686885353,0.1765305933128842,5.701001142318934e-38,3.787264548267379e-49,1.4535199894511148e-78,0.04593656326882034,0.1664625313114647,0.003469406687115789,0.24,0.16,0.52
98,1.1974235390385932e-05,-11.361764011495472,-6.244095471708224e-05,9.602852241451869,-7.294284763077738e-05,4.4492459494449577e-08,-16.927946090698242,0.00027919546118937433,-8.183598518371582,-3.672479942906648e-05,-8.251312101492658e-05,0.0002636345161590725,5.6280587159562856e-05,0.002536599989980459,0.0,4.0,0.00010309494973625988,0.15406343673117967,0.3335374686885353,0.1765305933128842,5.701001142318934e-38,3.787264548267379e-49,1.4535199894511148e-78,0.04593656326882034,0.1664625313114647,0.003469406687115789,0.24,0.16,0.52
99,-3.467029886352431e-05,-19.140234204994403,0.00018988360056706552,1.7775011530133067,-0.00017510292490765738,3.6940227232662437e-07,-14.811379432678223,0.0007862820639275014,-7.148194789886475,-8.760765922488645e-05,0.0002145506296074018,0.0007692892686463892,0.00019895828154403716,0.0026241999585181475,0.0,4.0,0.00010309494973625988,0.15406343673117967,0.3335374686885353,0.1765305933128842,5.701001142318934e-38,3.787264548267379e-49,1.4535199894511148e-78,0.04593656326882034,0.1664625313114647,0.003469406687115789,0.24,0.16,0.52
100,1.2524872558277585e-05,-6.32843560759327,7.281885173235833e-05,7.7626031327836555,6.80404922667998e-05,3.152242200599176e-08,-17.272565841674805,0.00025174906477332115,-8.287077903747559,3.632997322711162e-05,9.234328899765387e-05,0.00020386948017403483,4.2282143112970516e-05,0.002583299996331334,0.0,4.0,0.00010309494973625988,0.15406343673117967,0.3335374686885353,0.1765305933128842,5.701001142318934e-38,3.787264548267379e-49,1.4535199894511148e-78,0.04593656326882034,0.1664625313114647,0.003469406687115789,0.24,0.16,0.52
