step,q1,q2,cv,q3,ch,mse,log_mse,mae,log_mae,mu_x,mu_y,sigma_x,sigma_y,xopt_runtime,xopt_error,run,best_mae,learned_drift_length
0,10.0,-10.0,0.0,10.0,0.0,2.8923974326744428e-08,-17.35859489440918,0.00017351825954392552,-8.65922737121582,-5.606640343103209e-07,-3.382152272024541e-06,0.00015706980775576085,0.0001820810721255839,0.541909100022167,0.0,0.0,0.00017351825954392552,0.6825970206570525
1,0.2527994924534635,-26.72601097318901,-0.0005493527649992337,0.4071523760836679,5.005526299852512e-05,8.544330967197311e-07,-13.972827911376953,0.001219819881953299,-6.709052085876465,2.7120087906951085e-05,-0.0005355460452847183,0.0010246275924146175,0.00028967985417693853,0.0026576999807730317,0.0,0.0,0.00017351825954392552,0.6825970206570525
2,0.0001829341282454384,-28.78779291614504,0.003924041734287155,0.004184035047419312,-0.0031932605915337467,1.7441565432818606e-05,-10.95665454864502,0.005994002800434828,-5.116995811462402,-0.0014318337198346853,0.003831915557384491,0.0011480720713734627,0.0003124344802927226,0.002002399996854365,0.0,0.0,0.00017351825954392552,0.6825970206570525
3,-7.617923139869986e-06,-12.689137689241626,0.00015269199528079622,-6.709827468358725e-06,0.00015774580383012726,2.1346164658098132e-07,-15.359808921813965,0.000569850904867053,-7.470135688781738,7.37150912755169e-05,0.00015036661352496594,0.0006024037138558924,8.913469355320558e-05,0.004054299904964864,0.0,0.0,0.00017351825954392552,0.6825970206570525
4,8.026161951737002e-07,-8.547616954251144,-2.5644426469122597e-05,-3.513947634614903e-06,-2.4818467956864765e-05,1.108225831103482e-07,-16.015335083007812,0.0002823321265168488,-8.172426223754883,-9.029123248183168e-06,-2.4623390345368534e-05,0.0004684367449954152,2.8922531782882288e-05,0.002542800037190318,0.0,0.0,0.00017351825954392552,0.6825970206570525
5,1.3491106392643813e-05,-2.789957382637348,-0.0013148992225036774,-5.548789577230254e-06,0.0011821697875766253,1.9738210994546534e-06,-13.135539054870605,0.0019886987283825874,-6.220274925231934,0.0005333139561116695,-0.0012832308420911431,0.0002865178103093058,5.779026832897216e-05,0.0020230000372976065,0.0,0.0,0.00017351825954392552,0.6825970206570525
6,-0.001139981747725314,0.06575532853684948,-0.0006570179644353635,0.003085999896674517,-0.0006529112320549526,5.235279445514607e-07,-14.462675094604492,0.0010852535488083959,-6.825941562652588,-0.00029286203789524734,-0.0006426455220207572,0.00019814702682197094,0.00010134491458302364,0.0020444999681785703,0.0,0.0,0.00017351825954392552,0.6825970206570525
7,9.670975829770982e-07,-5.38276448974152,-0.000133815759326618,-6.608484181977379e-06,-3.683523764541722e-05,8.519882754853825e-08,-16.278278350830078,0.000339287071255967,-7.988664150238037,-1.4880036360409576e-05,-0.00013095568283461034,0.0003678204957395792,1.908222839119844e-05,0.002340200007893145,0.0,0.0,0.00017351825954392552,0.6825970206570525
8,4.227681866725669e-06,-7.724632957168214,0.0001201437106613418,-6.1920652065214874e-06,0.00017163633486790304,1.1792337772931205e-07,-15.953230857849121,0.0004261336871422827,-7.7607574462890625,7.925960380816832e-05,0.00011729630932677537,0.0004421263874974102,1.7029155060299672e-05,0.006280200090259314,0.0,0.0,0.00017351825954392552,0.6825970206570525
9,5.42668794912931e-07,-9.603666089245717,2.937054633686379e-05,-4.127097782331688e-06,4.4953644884293056e-05,1.2852515851591306e-07,-15.867140769958496,0.00032515786006115377,-8.03119945526123,2.25177536776755e-05,2.9301938411663286e-05,0.0005023485282436013,4.432783316588029e-05,0.0024396999506279826,0.0,0.0,0.00017351825954392552,0.6825970206570525
10,2.5285202378454817e-06,2.0136193324375657,-0.0027092574756793263,-1.307004462789929e-06,0.0007595771934233021,7.126735454221489e-06,-11.851656913757324,0.003121586050838232,-5.769413948059082,0.0003424951864872128,-0.0026440864894539118,0.00013857528392691165,0.00013143343676347286,0.0020790999988093972,0.0,0.0,0.00017351825954392552,0.6825970206570525
11,8.24451833270959e-06,1.9907196983871873,0.0014196464343661978,0.00010136421395259365,-0.0014489894700144865,2.351386228838237e-06,-12.960505485534668,0.0021681361831724644,-6.13388729095459,-0.000651356705930084,0.0013816046994179487,0.00013927042891737074,0.00013107917038723826,0.00212610000744462,0.0,0.0,0.00017351825954392552,0.6825970206570525
12,1.4400584790997295e-06,-3.3412300896097973,-4.909310426245458e-05,-2.5352320698922625e-06,-9.631120645332416e-05,5.1497018205282075e-08,-16.781742095947266,0.00026743687340058386,-8.226627349853516,-4.1926701669581234e-05,-4.8916459491010755e-05,0.00030371968750841916,4.946771150571294e-05,0.0024616000009700656,0.0,0.0,0.00017351825954392552,0.6825970206570525
13,-2.454628628260649e-05,-0.4502456473452506,-0.0009716051363746137,-3.306606855249979e-05,-0.0008514304389422233,1.074220790542313e-06,-13.743914604187012,0.001485025160945952,-6.512323379516602,-0.0003821256395895034,-0.0009491752134636045,0.00021402438869699836,9.342429984826595e-05,0.0020931001054123044,0.0,0.0,0.00017351825954392552,0.6825970206570525
14,-0.0018677452199659262,-29.999918792636084,-0.0029271719262115936,-7.85822968610304e-06,-0.0028949953849439452,1.0558528629189823e-05,-11.458576202392578,0.004905407316982746,-5.317417144775391,-0.0012974239652976394,-0.002848096890375018,0.0011913208290934563,0.0003284526173956692,0.0020670000230893493,0.0,0.0,0.00017351825954392552,0.6825970206570525
15,1.2368341510318317e-05,-9.800996375284177,-0.00028189176441723853,4.0350473822912985e-05,0.00044127488248313796,2.4600490178272594e-07,-15.217914581298828,0.0007529704598709941,-7.191484451293945,0.00020089031022507697,-0.0002741258358582854,0.0005087018362246454,4.720676952274516e-05,0.0021042999578639865,0.0,0.0,0.00017351825954392552,0.6825970206570525
16,2.009733846324131e-06,0.25089441591305855,5.853496341278204e-05,-2.078454435802567e-06,-6.510216059547495e-05,2.7779588407383926e-08,-17.398963928222656,0.00023171101929619908,-8.370019912719727,-2.8372989618219435e-05,5.50124459550716e-05,0.0001924585085362196,0.00010419265163363889,0.002051200019195676,0.0,0.0,0.00017351825954392552,0.6825970206570525
17,9.46222496221909e-07,-7.303071936802915,-1.5101425842633617e-05,-3.3829760301985646e-06,-3.893836619325654e-06,9.216507379505856e-08,-16.199684143066406,0.00023481331299990416,-8.356719970703125,2.1181631382205524e-07,-1.4682617802463938e-05,0.00042868941091001034,1.1148333214805461e-05,0.005441299988888204,0.0,0.0,0.00017351825954392552,0.6825970206570525
18,2.0893911003155123e-06,-1.884724271929881,-1.038554997594589e-05,-2.38482827682247e-06,2.8385546873403186e-06,3.607601328781129e-08,-17.137638092041016,0.00017902055697049946,-8.628009796142578,2.4908424620662117e-06,-1.1583376362978015e-05,0.0002583719324320555,7.15207279426977e-05,0.0021100000012665987,0.0,0.0,0.00017351825954392552,0.6825970206570525
19,6.700879642713053e-07,-9.144952046650662,0.0007386201924970355,-3.80861269601981e-06,0.0007509402255607137,7.546867095697962e-07,-14.096962928771973,0.0013234581565484405,-6.627507209777832,0.00034014671109616756,0.0007206963491626084,0.00048759739729575813,3.7632857129210606e-05,0.005356300040148199,0.0,0.0,0.00017351825954392552,0.6825970206570525
20,7.972313964504569e-07,5.197598604625224,-0.00017971228988659986,-1.0778498266012411e-07,0.00016978985481218411,5.514008449836183e-08,-16.713388442993164,0.0003672598977573216,-7.909440994262695,7.666694727959111e-05,-0.0001786962675396353,4.254948362358846e-05,0.0001812439295463264,0.0021198999602347612,0.0,0.0,0.00017351825954392552,0.6825970206570525
21,4.361640840319088e-06,-2.244575294992616,-0.0004452536790496176,-8.324674313864251e-06,-0.0003389523038874263,2.510323326987418e-07,-15.197684288024902,0.0007545445114374161,-7.189396381378174,-0.00015126579091884196,-0.0004354789562057704,0.00026954602799378335,6.605343514820561e-05,0.0026160000124946237,0.0,0.0,0.00017351825954392552,0.6825970206570525
22,1.6026323855353813e-06,-5.847465387623638,3.460387090908837e-05,1.9840844860212846e-05,4.6974127093406194e-05,7.486879383122869e-08,-16.407527923583984,0.00025375629775226116,-8.279136657714844,2.2898857423570007e-05,3.338132955832407e-05,0.000382498576072976,1.2453633644327056e-05,0.002633499912917614,0.0,0.0,0.00017351825954392552,0.6825970206570525
23,-8.960616748244277e-05,-3.9539328950617394,-0.0006693841576175055,2.482559927304868e-05,0.0006243817440590666,5.598324150923872e-07,-14.395627975463867,0.001117577194236219,-6.7965922355651855,0.00028246964211575687,-0.0006535303546115756,0.0003228963178116828,4.025806629215367e-05,0.002562299952842295,0.0,0.0,0.00017351825954392552,0.6825970206570525
24,0.000415522549413578,1.350100653527077,-0.004581698511524118,0.001407797976770973,0.004569820538687691,2.4229982955148444e-05,-10.627920150756836,0.0066668372601270676,-5.0106096267700195,0.0020571935456246138,-0.00446967501193285,0.00015876129327807575,0.00012117528240196407,0.002575600054115057,0.0,0.0,0.00017351825954392552,0.6825970206570525
25,-7.301472455717359e-06,-8.106166746920866,-9.08628699294112e-05,8.50683190665958e-05,8.347004922790616e-05,1.1282550360647292e-07,-15.99742317199707,0.0003663808456622064,-7.911837100982666,3.963845665566623e-05,-8.833143510855734e-05,0.0004543092509265989,2.251268051622901e-05,0.002535599982365966,0.0,0.0,0.00017351825954392552,0.6825970206570525
26,-0.0005362696608467829,-20.340768386359883,-0.0008777737588961679,1.9572594542029227e-05,0.0009017454056624869,1.2809337022190448e-06,-13.56792163848877,0.0017891897587105632,-6.325992584228516,0.0004096361808478832,-0.0008523431024514139,0.000856895640026778,0.00019752519438043237,0.0020438000792637467,0.0,0.0,0.00017351825954392552,0.6825970206570525
27,1.023129151551396e-05,-10.199740962015118,2.0088592555338383e-06,-5.496979301903735e-06,2.986961918178181e-06,1.3744163140927412e-07,-15.800066947937012,0.000293794902972877,-8.132628440856934,3.717415893333964e-06,2.784911657727207e-06,0.0005215638666413724,5.30212746525649e-05,0.002070999937132001,0.0,0.0,0.00017351825954392552,0.6825970206570525
28,0.0001948725974681141,-19.148286848622682,-6.313358985203907e-05,-0.001150642217044342,5.816478576790344e-05,3.540929469636467e-07,-14.853706359863281,0.0005869799642823637,-7.4405198097229,2.9847462428733706e-05,-5.837276694364846e-05,0.0008166173356585205,0.00018090210505761206,0.0020750999683514237,0.0,0.0,0.00017351825954392552,0.6825970206570525
29,-0.00010575596109860456,-6.661772415362723,-0.0012584878410249907,2.8306002588546615e-05,-0.0011442296200740098,1.8524898450777982e-06,-13.198980331420898,0.0019466887461021543,-6.2416253089904785,-0.0005130291101522744,-0.0012271605664864182,0.0004083060484845191,4.691934009315446e-06,0.0020543000428006053,0.0,0.0,0.00017351825954392552,0.6825970206570525
30,-8.984185631561505e-05,-13.068782560095183,0.00020989703267479393,0.00012798127652391118,0.0003832342234476607,2.667209173523588e-07,-15.137063026428223,0.0007361957686953247,-7.214014530181885,0.00017523957649245858,0.0002062429703073576,0.0006148177781142294,9.46086656767875e-05,0.005492500029504299,0.0,0.0,0.00017351825954392552,0.6825970206570525
31,-3.361943099547121e-05,-11.138628162869535,-0.0005339541532444829,-2.4629804115287662e-05,0.0005092121681412659,4.781161351274932e-07,-14.553412437438965,0.0010604939889162779,-6.849020481109619,0.00023165260790847242,-0.0005195267149247229,0.0005519452970474958,6.668415880994871e-05,0.0022190000163391232,0.0,0.0,0.00017351825954392552,0.6825970206570525
32,-4.185762309788131e-05,-3.8470395633104304,-0.0010306421091709193,-3.475994762469055e-05,-0.001023117637357711,1.2741423915940686e-06,-13.573237419128418,0.0016454088035970926,-6.40976619720459,-0.00045891987974755466,-0.001005785190500319,0.00031954594305716455,4.186145088169724e-05,0.005426299991086125,0.0,0.0,0.00017351825954392552,0.6825970206570525
33,0.002259697038621639,-16.568360851718378,-0.001895602471821354,0.0009289152263592845,-0.0017767425092187756,4.31767375630443e-06,-12.35279369354248,0.003079287940636277,-5.783056735992432,-0.0007962422678247094,-0.001845739665441215,0.0007300181314349174,0.00014459388330578804,0.0026372000575065613,0.0,0.0,0.00017351825954392552,0.6825970206570525
34,1.7836144907082813e-05,-13.214126817654039,-0.005042799583255135,-0.00025074431846524746,-0.00501590511328444,2.9436629120027646e-05,-10.433270454406738,0.007527561858296394,-4.88918399810791,-0.0022543519735336304,-0.004915069788694382,0.0006195787573233247,9.67013620538637e-05,0.00245820009149611,0.0,0.0,0.00017351825954392552,0.6825970206570525
35,-0.0007947747985107745,-6.308782925117587,-0.0013759251397834917,-3.174188872291142e-06,0.0013744277087842126,2.2639949293079553e-06,-12.998379707336426,0.0021639422047883272,-6.135823726654053,0.0006203175289556384,-0.0013417574809864163,0.0003971554688178003,6.579131877515465e-06,0.0021129000233486295,0.0,0.0,0.00017351825954392552,0.6825970206570525
36,-0.006333601300601423,2.6085855736112205,-0.0006052133875308471,0.0015256407756899853,0.0006236116047121028,4.477030586258479e-07,-14.619135856628418,0.0010046933311969042,-6.903072834014893,0.00028123194351792336,-0.0005928319878876209,0.00012073637481080368,0.00014052237384021282,0.002568800002336502,0.0,0.0,0.00017351825954392552,0.6825970206570525
37,-0.0013226591699402469,-24.078298057201774,-0.004194963654714864,-0.00031119740171816105,-0.003217647477766088,1.929182508320082e-05,-10.855829238891602,0.006145934574306011,-5.091964244842529,-0.0014435281045734882,-0.00408562645316124,0.0009845963213592768,0.00024896353716030717,0.002572900033555925,0.0,0.0,0.00017351825954392552,0.6825970206570525
38,-9.094936140669525e-06,-0.9396265363160364,-4.126772796886232e-05,-4.388851870609262e-05,1.726074884867859e-05,3.177887464289597e-08,-17.264463424682617,0.00020833665621466935,-8.47635555267334,8.851903658069205e-06,-4.19589523517061e-05,0.00022911901760380715,8.593257371103391e-05,0.002061599981971085,0.0,0.0,0.00017351825954392552,0.6825970206570525
39,0.0005188012326229568,-29.99999684661828,-5.940264101726359e-05,-7.887145574840273e-06,6.481109279680235e-05,7.670888635402662e-07,-14.080662727355957,0.0008462530095130205,-7.074692249298096,3.448769712122157e-05,-5.202172542340122e-05,0.0011910009197890759,0.00032848623231984675,0.0025689000030979514,0.0,0.0,0.00017351825954392552,0.6825970206570525
40,-6.193514185132318e-06,-2.0422302009256064,1.6282250975138906e-05,-9.231775928967754e-05,2.5407321177842703e-05,3.741240561794257e-08,-17.10126304626465,0.00019332421652507037,-8.551141738891602,1.2668341696553398e-05,1.4461837054113857e-05,0.00026326265651732683,6.912541721248999e-05,0.002607199945487082,0.0,0.0,0.00017351825954392552,0.6825970206570525
41,5.958373138263205e-06,-8.726957473645871,0.00015000135620892873,-3.099435472420725e-06,6.313514859763554e-05,1.3537197673940682e-07,-15.815239906311035,0.00043011445086449385,-7.751459121704102,3.0575327400583774e-05,0.00014667987124994397,0.00047418332542292774,3.1535168091068044e-05,0.0021217999747022986,0.0,0.0,0.00017351825954392552,0.6825970206570525
42,-0.0017976187674815557,-29.99993647028748,-0.006,-0.00017402229184958784,-0.006,4.217812238493934e-05,-10.073609352111816,0.009298643097281456,-4.677886962890625,-0.002694675698876381,-0.005844080820679665,0.0011913211783394217,0.0003284525591880083,0.005346499965526164,0.0,0.0,0.00017351825954392552,0.6825970206570525
43,-6.179980873940874e-05,-9.679568842985786,4.567416096622796e-05,0.00011475022823320235,5.2592060415141044e-05,1.3115952413045306e-07,-15.846851348876953,0.00034629914443939924,-7.968207359313965,2.5965813620132394e-05,4.521856681094505e-05,0.0005047937738709152,4.543575778370723e-05,0.005343699944205582,0.0,0.0,0.00017351825954392552,0.6825970206570525
44,-1.0094712453014008e-05,-6.708560196163585,-0.00016251995972310662,-4.486228966994358e-06,0.00016659544324891317,1.1502670815843885e-07,-15.97810173034668,0.00044273491948843,-7.72253942489624,7.684870070079342e-05,-0.00015857817197684199,0.0004097860073670745,4.830093530472368e-06,0.002059199963696301,0.0,0.0,0.00017351825954392552,0.6825970206570525
45,3.610598069392735e-05,-4.504498850225485,0.00010410827444076237,7.002841998210043e-06,-9.89741981884909e-05,7.037129279297005e-08,-16.469480514526367,0.0003298417432233691,-8.016897201538086,-4.296443876228295e-05,0.00010077769547933713,0.0003401649883016944,3.2034215109888464e-05,0.0026442999951541424,0.0,0.0,0.00017351825954392552,0.6825970206570525
46,-1.8298420858239362e-06,-9.41606954332958,1.8783307276878343e-05,-1.4452386619191292e-05,-1.3105502898915396e-05,1.2439949159670505e-07,-15.899767875671387,0.0002915155200753361,-8.140417098999023,-3.6354581425257493e-06,1.892872569442261e-05,0.0004963126266375184,4.159006857662462e-05,0.0025622000684961677,0.0,0.0,0.00017351825954392552,0.6825970206570525
47,8.762555212817118e-07,-7.916687998852196,2.7407719504671246e-05,-2.94636262265074e-06,3.390874542688568e-05,1.0168775332886071e-07,-16.10135841369629,0.00027825855067931116,-8.186960220336914,1.730920121190138e-05,2.6931025786325336e-05,0.0004482571966946125,1.9779465219471604e-05,0.005295600043609738,0.0,0.0,0.00017351825954392552,0.6825970206570525
48,2.0535125618238234e-06,-7.764219383078901,-7.692283537122934e-05,4.80988376938677e-06,-7.02341784907182e-05,1.0492657764871183e-07,-16.070005416870117,0.00033490097848698497,-8.001675605773926,-2.957656397484243e-05,-7.483277295250446e-05,0.0004433894355315715,1.7593825759831816e-05,0.0020526000298559666,0.0,0.0,0.00017351825954392552,0.6825970206570525
49,7.898971471911791e-05,-13.82873394414705,-9.230373327863851e-05,-0.0001246670205513406,0.0001967030889868679,2.2632700336089329e-07,-15.301284790039062,0.0005522414576262236,-7.501525402069092,9.141030022874475e-05,-8.820195944281295e-05,0.000639722915366292,0.00010553541505942121,0.0021416000090539455,0.0,0.0,0.00017351825954392552,0.6825970206570525
50,-0.0001395448757651059,-6.456776841902674,9.309949424493526e-05,-0.0009129903610660509,-0.00017550037263027037,9.490003805012748e-08,-16.170442581176758,0.00037125247763469815,-7.898628234863281,-7.712949445703998e-05,9.057998977368698e-05,0.0004018271283712238,5.258851160760969e-06,0.005524200038053095,0.0,0.0,0.00017351825954392552,0.6825970206570525
51,2.6705185039176567e-05,-27.213518146044485,-0.0001320274817396166,-7.048494881909472e-06,0.00013647473087563967,6.59579256989673e-07,-14.231663703918457,0.0008820756920613348,-7.033232688903809,6.63052051095292e-05,-0.00012351362966001034,0.001093140454031527,0.0002913731732405722,0.0054663000628352165,0.0,0.0,0.00017351825954392552,0.6825970206570525
52,7.387374518415836e-07,-8.593797666687973,0.0001520195152091983,-3.325249538688822e-06,0.00015881997719683052,1.3835300194386946e-07,-15.79345703125,0.00047198173706419766,-7.658570289611816,7.36146976123564e-05,0.00014861147792544216,0.00046991612180136144,2.959499033750035e-05,0.002619700040668249,0.0,0.0,0.00017351825954392552,0.6825970206570525
53,-2.8809942213610927e-05,-9.807611220520545,0.00014516993417964126,-9.809153909821737e-05,0.0001521880645774688,1.5587086465984612e-07,-15.674238204956055,0.000491176382638514,-7.618707180023193,7.080220530042425e-05,0.00014226105122361332,0.0005089221522212029,4.730414366349578e-05,0.0026579999830573797,0.0,0.0,0.00017351825954392552,0.6825970206570525
54,3.5241736653887904e-06,-10.530014876230014,-0.0002007604547349982,-4.150023768593145e-06,5.897756093204679e-05,1.821052961759051e-07,-15.518680572509766,0.0005188201903365552,-7.563953399658203,2.896020669140853e-05,-0.00019482635252643377,0.0005322349024936557,5.783241431345232e-05,0.005360099952667952,0.0,0.0,0.00017351825954392552,0.6825970206570525
55,0.0001766242581007456,-16.14593080033128,-0.00036465433934544135,-5.854978299853726e-06,-0.0003434341667438989,4.1368858205714787e-07,-14.698152542114258,0.0009318618103861809,-6.978325843811035,-0.00015131442341953516,-0.0003531352849677205,0.000716214592102915,0.00013860959734302014,0.00206990004517138,0.0,0.0,0.00017351825954392552,0.6825970206570525
56,3.917024894489816e-06,-4.815293027248839,6.397887737755811e-05,-2.909037871353185e-06,6.928391741160887e-05,6.64917294557199e-08,-16.526187896728516,0.000283211178611964,-8.169317245483398,3.2794785511214286e-05,6.173747533466667e-05,0.0003499395097605884,2.7418345780461095e-05,0.002057200064882636,0.0,0.0,0.00017351825954392552,0.6825970206570525
57,5.061110416783763e-06,-9.068746935095255,-7.491991243083354e-05,-3.3988044939940208e-06,-6.46116708394499e-05,1.243335532308265e-07,-15.900298118591309,0.0003602233773563057,-7.928786277770996,-2.68624207819812e-05,-7.252579234773293e-05,0.000485149648739025,3.652065424830653e-05,0.002227199962362647,0.0,0.0,0.00017351825954392552,0.6825970206570525
58,0.0008311547071338922,-1.6182654204645301,-1.0104801220658378e-05,-2.3527882058760057e-06,-8.846066386823737e-06,3.4261436354654506e-08,-17.189245223999023,0.00017701921751722693,-8.639252662658691,-2.8038298296451103e-06,-1.1384696335881017e-05,0.0002500667469576001,7.559462392237037e-05,0.0020852999296039343,0.0,0.0,0.00017351825954392552,0.6825970206570525
59,-5.678849722422089e-05,8.803640404402335,-0.0015649403749758493,-0.0005095298687493902,-0.006,9.66362131293863e-06,-11.547142028808594,0.004382339771836996,-5.430172443389893,-0.0027002105489373207,-0.001530329929664731,6.501746975118294e-05,0.0002385818079346791,0.002606599940918386,0.0,0.0,0.00017351825954392552,0.6825970206570525
60,2.3600446495548804e-05,-29.966694334772367,-0.0010766149114565858,-0.00012183091812968731,-0.0005281690471583741,1.9052592961088521e-06,-13.170892715454102,0.0020351349376142025,-6.197193145751953,-0.00023235824482981116,-0.001043809112161398,0.0011898966040462255,0.0003280383534729481,0.002501400071196258,0.0,0.0,0.00017351825954392552,0.6825970206570525
61,1.0922003526379944e-06,-7.624094282897527,1.073358916915196e-05,-1.4324851064143228e-06,-3.448353709876533e-06,9.655929744667446e-08,-16.153108596801758,0.0002383120299782604,-8.34192943572998,4.573616934067104e-07,1.059407259162981e-05,0.00043891946552321315,1.5601721315761097e-05,0.0020342000061646104,0.0,0.0,0.00017351825954392552,0.6825970206570525
62,7.34091380937134e-06,-5.510147286451864,0.00011979877301551212,-3.5386274286691825e-08,-0.00011271964138827444,8.52213588586892e-08,-16.278013229370117,0.0003599031479097903,-7.929675579071045,-4.901030479231849e-05,0.00011635353439487517,0.0003718403459060937,1.7238255168194883e-05,0.0026086000725626945,0.0,0.0,0.00017351825954392552,0.6825970206570525
63,1.6716279065877433e-06,-0.5170434866224891,0.0005641514464381039,-5.496509727605533e-05,0.0005314388412879982,3.8582700767619826e-07,-14.767876625061035,0.0009426207980141044,-6.966846466064453,0.00024017458781599998,0.0005482048727571964,0.00021608173847198486,9.240095823770389e-05,0.002655700081959367,0.0,0.0,0.00017351825954392552,0.6825970206570525
64,5.713268330236753e-07,-9.686665815173704,-6.528007176908303e-06,-3.930230415436146e-06,1.2961991113798024e-05,1.2865835685715865e-07,-15.866105079650879,0.0002890900068450719,-8.148772239685059,8.133285518852063e-06,-5.676756245520664e-06,0.0005050209583714604,4.553897451842204e-05,0.002468300051987171,0.0,0.0,0.00017351825954392552,0.6825970206570525
65,-6.157188452028033e-05,-6.036335792160821,-0.0004995987591134664,-3.150755579139725e-06,0.0005068054135642995,3.659100684672012e-07,-14.820878028869629,0.0009164484217762947,-6.995004653930664,0.00022984927636571229,-0.0004874143050983548,0.0003884784528054297,9.891328772937413e-06,0.005392199964262545,0.0,0.0,0.00017351825954392552,0.6825970206570525
66,4.294491965254739e-06,4.778274187336668,-2.8750254348298056e-05,-1.247882493168943e-05,-1.330332794297405e-05,1.7783449379749072e-08,-17.84499740600586,0.00015191400598268956,-8.792196273803711,-5.669527126883622e-06,-3.1386796763399616e-05,5.507569221663289e-05,0.00017463967378716916,0.002611099975183606,0.0,0.0,0.00015191400598268956,0.6825970206570525
67,1.2468233544959326e-06,-5.378349180752226,-0.00013033089768085503,-3.0953342802477432e-06,-0.00012380676281060335,8.696725473100742e-08,-16.257734298706055,0.0003749907773453742,-7.888608932495117,-5.401783710112795e-05,-0.00012755919306073338,0.00036768108839169145,1.9146415070281364e-05,0.005331199965439737,0.0,0.0,0.00015191400598268956,0.6825970206570525
68,0.0002409659666273906,5.287736507001609,-0.0008808803138735925,0.00025083764238030006,0.0009122116691975389,9.298666441281966e-07,-13.888224601745605,0.0013843760825693607,-6.582505702972412,0.0004107448039576411,-0.000862366461660713,3.9854021451901644e-05,0.00018267582345288247,0.00253220007289201,0.0,0.0,0.00015191400598268956,0.6825970206570525
69,-0.00011740709415813266,-4.045836682621836,0.0001659245497687383,7.419352522574735e-06,-0.00015705297568470488,8.450111721458597e-08,-16.286500930786133,0.0004124146653339267,-7.793481349945068,-6.91632812959142e-05,0.00016092155419755727,0.00032577893580310047,3.88807020499371e-05,0.005617200047709048,0.0,0.0,0.00015191400598268956,0.6825970206570525
70,-7.944638032781706e-06,-29.999999999429047,0.005999891027648428,0.0011790529242353665,-0.005999884300840039,4.2316369217587635e-05,-10.07033634185791,0.009310323745012283,-4.676631450653076,-0.0026946249417960644,0.005855950992554426,0.00119100755546242,0.0003284880658611655,0.0019851000979542732,0.0,0.0,0.00015191400598268956,0.6825970206570525
71,1.7230802316493698e-05,-3.0806134582332607,-0.00015374523057736956,4.449324216394823e-05,-0.0034277969890884885,2.4430034955003066e-06,-12.922282218933105,0.0018666456453502178,-6.283612251281738,-0.0015411311760544777,-0.00015102502948138863,0.00029558016103692353,5.3398751333588734e-05,0.0023743000347167253,0.0,0.0,0.00015191400598268956,0.6825970206570525
72,-9.649974811664123e-05,-7.625572515604592,-0.0004701443864412732,-5.2201749985626456e-05,-0.00045991926771283425,3.484807962195191e-07,-14.869682312011719,0.0008905146387405694,-7.023711204528809,-0.00020495431090239435,-0.0004582609690260142,0.0004389745881780982,1.56241403601598e-05,0.002794800093397498,0.0,0.0,0.00015191400598268956,0.6825970206570525
73,1.4710274274210557e-06,-7.508721444045208,1.451710659309665e-05,-3.4193411673586426e-06,2.2597844615598467e-05,9.516608656667813e-08,-16.16764259338379,0.00025102333165705204,-8.28996467590332,1.2161941413069144e-05,1.4251552784116939e-05,0.0004352410032879561,1.3978698007122148e-05,0.0025604000547900796,0.0,0.0,0.00015191400598268956,0.6825970206570525
74,1.6105511236876938e-05,-6.7442384286281145,0.0005239799866346242,-1.513471924171383e-05,0.004312962087186209,4.119479399378179e-06,-12.399784088134766,0.0026614454109221697,-5.9288859367370605,0.0019427186343818903,0.0005107688484713435,0.00041091744787991047,4.998487838747678e-06,0.002618500031530857,0.0,0.0,0.00015191400598268956,0.6825970206570525
75,2.2290297431937403e-06,-10.320081776321121,-6.384280475558451e-05,-7.20513095748601e-06,-5.279079396445154e-05,1.4377428669831716e-07,-15.755021095275879,0.00037286628503352404,-7.894290924072266,-2.1365447537391447e-05,-6.138807657407597e-05,0.0005254506249912083,5.477492595673539e-05,0.005352500011213124,0.0,0.0,0.00015191400598268956,0.6825970206570525
76,5.593486851639591e-06,-7.14351585941155,-1.2348711798920826e-05,-3.3716850387156636e-06,-8.75441198504337e-06,8.991280964210091e-08,-16.22442626953125,0.00023037008941173553,-8.375823020935059,-1.9978238015028182e-06,-1.2042291018588003e-05,0.000423610326834023,9.049644177139271e-06,0.004566999967209995,0.0,0.0,0.00015191400598268956,0.6825970206570525
77,-0.0008603060156042332,-4.800417649099708,-0.0021996583871121854,-2.9361684847055975e-06,0.0022323950779208797,5.676255568687338e-06,-12.079218864440918,0.0033400796819478273,-5.701760768890381,0.001006192876957357,-0.00214531272649765,0.00034952451824210584,2.762358053587377e-05,0.002495999913662672,0.0,0.0,0.00015191400598268956,0.6825970206570525
78,-0.00021957222490777677,-6.895407562415046,0.004487759308498957,0.0026613712076252074,-0.005585732313148862,2.554225102358032e-05,-10.575176239013672,0.007098364178091288,-4.947890758514404,-0.0025116729084402323,0.004375767428427935,0.00041566783329471946,6.1791229200025555e-06,0.0021921000443398952,0.0,0.0,0.00015191400598268956,0.6825970206570525
79,-9.918774064328898e-06,-9.484866857342071,-2.735931772342707e-06,1.860685298559011e-05,1.0919093517039329e-05,1.2522662018454866e-07,-15.89314079284668,0.00027977899299003184,-8.181510925292969,7.1853592089610174e-06,-2.0339457478257827e-06,0.000498525274451822,4.259412162355147e-05,0.0022055000299587846,0.0,0.0,0.00015191400598268956,0.6825970206570525
80,-0.00024519334131081663,-5.542047419457005,-0.0002012807867775567,-0.0002597679451644196,-0.0001895056433883518,1.1532536348113354e-07,-15.975508689880371,0.00047507009003311396,-7.652048110961914,-8.35594764794223e-05,-0.00019668896857183427,0.00037286983570083976,1.677343425399158e-05,0.002088799956254661,0.0,0.0,0.00015191400598268956,0.6825970206570525
81,-1.6307602955751806e-05,3.475336721575419,-0.00032343177585235795,-0.00106101882772419,-0.005241781931312338,5.679292371496558e-06,-12.078683853149414,0.002800863469019532,-5.8778276443481445,-0.0023583117872476578,-0.00031831738306209445,9.427596523892134e-05,0.00015419260307680815,0.002174499910324812,0.0,0.0,0.00015191400598268956,0.6825970206570525
82,-7.153333943194927e-07,-9.606250923946325,9.365193828525279e-07,-9.454198090948173e-06,1.041925653185875e-05,1.2725426756787783e-07,-15.877079010009766,0.00028195587219670415,-8.173760414123535,6.9776469899807125e-06,1.579461240908131e-06,0.0005024319398216903,4.436558810994029e-05,0.002756900037638843,0.0,0.0,0.00015191400598268956,0.6825970206570525
83,2.879173276751964e-05,-2.2692136052713123,-4.675741316737886e-05,-2.4684479253419443e-06,-0.005117654034766661,5.338616119843209e-06,-12.140543937683105,0.0025166114792227745,-5.984841823577881,-0.0023016780614852905,-4.69382903247606e-05,0.0002703103527892381,6.568006938323379e-05,0.0025997000047937036,0.0,0.0,0.00015191400598268956,0.6825970206570525
84,-0.0020410906390032246,-25.057581012600714,0.00010727412160022455,-0.00023372587296233572,-9.444662987756545e-05,5.664182936016005e-07,-14.383933067321777,0.0007875823066569865,-7.146542549133301,-3.793840733123943e-05,0.00010926950926659629,0.0010184746934100986,0.00026227408670820296,0.002165699959732592,0.0,0.0,0.00015191400598268956,0.6825970206570525
85,1.1856735433462057e-05,-8.669672756374132,6.0201207668265195e-05,-4.5920513166698765e-06,-0.00036734500862242606,1.4213838994692196e-07,-15.766464233398438,0.0004737814888358116,-7.654764175415039,-0.00016314882668666542,5.910919207963161e-05,0.0004723466990981251,3.070022285101004e-05,0.002083699917420745,0.0,0.0,0.00015191400598268956,0.6825970206570525
86,0.00011528445087543767,-10.050342137597656,0.0010718619554978097,4.745949099098855e-05,-0.0010638629520616928,1.4555504321833723e-06,-13.440126419067383,0.0018060264410451055,-6.316626071929932,-0.00047638631076551974,0.0010458525503054261,0.0005167329800315201,5.084217627882026e-05,0.0028184999246150255,0.0,0.0,0.00015191400598268956,0.6825970206570525
87,5.204459307331136e-07,-5.7964968765191935,-4.8083495316573354e-05,7.246585821179983e-05,5.944158952005693e-05,7.566885074083984e-08,-16.396900177001953,0.0002727798419073224,-8.2068452835083,2.8502108762040734e-05,-4.725296457763761e-05,0.0003808857873082161,1.3163782568881288e-05,0.0030089999781921506,0.0,0.0,0.00015191400598268956,0.6825970206570525
88,-3.6740778345947336e-06,-23.52664291417467,0.00044201186965448164,-6.801982809069524e-06,-0.00043915625525350785,7.220112365757814e-07,-14.14122486114502,0.0012319973902776837,-6.699118614196777,-0.00019329125643707812,0.0004352560790721327,0.0009654581663198769,0.00024144197232089937,0.0024978999281302094,0.0,0.0,0.00015191400598268956,0.6825970206570525
89,0.0002680407497957282,-12.160286856007858,-0.0013517328503213056,0.0004254794318419954,-0.0013779886555390264,2.289173380631837e-06,-12.987319946289062,0.0022673457860946655,-6.089145183563232,-0.0006174416048452258,-0.0013166014105081558,0.0005851146415807307,8.149108180077747e-05,0.002688499982468784,0.0,0.0,0.00015191400598268956,0.6825970206570525
90,-2.166602154780276e-05,1.1097363292149423,-0.00034164003961273826,-1.5551259866648105e-05,0.0003521450525109438,1.585598141673472e-07,-15.657134056091309,0.0006364646833389997,-7.359581470489502,0.00015927228378131986,-0.00033540173899382353,0.00016614723426755518,0.00011743405775632709,0.0020661000162363052,0.0,0.0,0.00015191400598268956,0.6825970206570525
91,-4.98268519369075e-05,-16.413125475498383,-2.256039928225621e-05,0.00013740021745111962,-5.855572944711738e-06,2.734094834977441e-07,-15.112295150756836,0.0004539119254332036,-7.697607517242432,6.351015144900884e-07,-1.9524057279340923e-05,0.0007251055212691426,0.00014240003656595945,0.0021274000173434615,0.0,0.0,0.00015191400598268956,0.6825970206570525
92,-1.5304660876098964e-05,-8.061020499629558,2.1316657973507293e-05,-6.219158467757983e-05,-1.0747795677391542e-05,1.0323493881969625e-07,-16.086257934570312,0.00026116319349966943,-8.250365257263184,-2.7659107217914425e-06,2.1031484720879234e-05,0.0004528708814177662,2.1860727429157123e-05,0.0026033000322058797,0.0,0.0,0.00015191400598268956,0.6825970206570525
93,1.0883604776485449e-06,-7.956751967232864,0.00012928561880376938,-1.1071224243430646e-06,-0.00011711114273747975,1.1975851066381438e-07,-15.937788963317871,0.00041186338057741523,-7.794818878173828,-5.064410652266815e-05,0.0001262728765141219,0.00044953677570447326,2.0356075765448622e-05,0.0055840000277385116,0.0,0.0,0.00015191400598268956,0.6825970206570525
94,3.904563276399221e-06,-5.273084121554591,-1.8268771528534903e-05,-5.149776788798982e-06,-2.079208900250091e-06,6.692959431120471e-08,-16.519624710083008,0.0002115929964929819,-8.460845947265625,7.449287977578933e-07,-1.832762973208446e-05,0.00036436054506339133,2.0680347006418742e-05,0.005454899976029992,0.0,0.0,0.00015191400598268956,0.6825970206570525
95,-8.83808128522231e-06,-9.61026574452645,1.0521182091528306e-05,-6.080920603746136e-06,1.5424336742477198e-07,1.2739580768084124e-07,-15.875967025756836,0.0002867775328923017,-8.156804084777832,2.3589627744513564e-06,1.0925590686383657e-05,0.0005025616846978664,4.4424250518204644e-05,0.0021189000690355897,0.0,0.0,0.00015191400598268956,0.6825970206570525
96,-8.141795260694882e-05,8.398447064295816,-0.0017446105372554434,-0.00026260737378956596,0.001735468826567839,3.5463749554764945e-06,-12.54958438873291,0.0026288004592061043,-5.941227436065674,0.0007808029185980558,-0.0017053968040272593,5.311033964972012e-05,0.00023209118808154017,0.002185799996368587,0.0,0.0,0.00015191400598268956,0.6825970206570525
97,2.3955581781344878e-06,-6.888648605771806,0.0004964341298286711,2.6841524287086303e-05,8.405658475388438e-05,3.221287272481277e-07,-14.948314666748047,0.0007344951154664159,-7.21632719039917,3.9731407014187425e-05,0.000483951618662104,0.0004155051428824663,6.118989404058084e-06,0.002194699947722256,0.0,0.0,0.00015191400598268956,0.6825970206570525
98,-8.045068859421586e-07,-9.25468532337169,0.0002737060016362528,-2.5264615979584345e-06,-0.0002613316705912669,2.0620004193006025e-07,-15.394418716430664,0.0006479737348854542,-7.341660499572754,-0.0001153600969701074,0.0002674347488209605,0.0004911233554594219,3.92344591091387e-05,0.002253300044685602,0.0,0.0,0.00015191400598268956,0.6825970206570525
99,0.002216361215707688,-29.999999754195414,0.00039177894326622843,-7.66210588014836e-06,0.00037258092825639836,9.433018135496241e-07,-13.873879432678223,0.001320504117757082,-6.629741668701172,0.0001729831419652328,0.0003878806601278484,0.0011907712323591113,0.00032850936986505985,0.002203300013206899,0.0,0.0,0.00015191400598268956,0.6825970206570525
100,-0.0005119200732748815,-12.948541330252118,0.0009083827732144197,-0.0006018873587421145,0.0008972903569671347,1.143382974078122e-06,-13.681519508361816,0.0016456815646961331,-6.409600734710693,0.000406547769671306,0.0008872216567397118,0.0006109440000727773,9.288016735808924e-05,0.005376899964176118,0.0,0.0,0.00015191400598268956,0.6825970206570525
0,10.0,-10.0,0.0,10.0,0.0,2.8923974326744428e-08,-17.35859489440918,0.00017351825954392552,-8.65922737121582,-5.606640343103209e-07,-3.382152272024541e-06,0.00015706980775576085,0.0001820810721255839,0.004760499927215278,0.0,1.0,0.00017351825954392552,0.2026034517648912
1,-0.03159060687165534,24.72015395978129,0.00030679308867909865,0.4901926813026081,0.0003077202786718451,3.668190799999138e-07,-14.818397521972656,0.0009415235836058855,-6.968011379241943,0.00013629556633532047,0.000292966520646587,0.0005110857891850173,0.0005134372040629387,0.002076899982057512,0.0,1.0,0.00017351825954392552,0.2026034517648912
2,5.015175549861346e-06,-10.180201364273513,-2.7270854393262514e-05,1.3967743705972534e-06,3.5437353849561515e-05,1.380758760660683e-07,-15.795462608337402,0.00033092033118009567,-8.013632774353027,1.8317314243176952e-05,-2.5768067644094117e-05,0.0005209333612583578,5.273654096527025e-05,0.0019319000421091914,0.0,1.0,0.00017351825954392552,0.2026034517648912
3,4.095364535012895e-05,-9.78719631493749,1.1739287539578057e-05,-2.321917047525673e-07,-2.8209941017058225e-05,1.3052256520040828e-07,-15.851719856262207,0.00030017149401828647,-8.111156463623047,-1.037982747220667e-05,1.2160959158791229e-05,0.0005082561983726919,4.700524368672632e-05,0.0025760000571608543,0.0,1.0,0.00017351825954392552,0.2026034517648912
4,-0.00011764178210387103,-11.031437646636839,-0.004769481848932302,-4.164524850405548e-06,0.0005218170731536001,2.1823858332936652e-05,-10.73250675201416,0.005193305667489767,-5.260385036468506,0.0002373095485381782,-0.004649194423109293,0.0005484763532876968,6.51274822303094e-05,0.002019599894993007,0.0,1.0,0.00017351825954392552,0.2026034517648912
5,1.1824588939346979e-06,-10.022633866311647,0.001707138694850788,-3.0038802325794133e-06,0.0004603402089272555,2.951233227577177e-06,-12.733287811279297,0.002157884417101741,-6.138627052307129,0.00020950118778273463,0.001665238756686449,0.0005158493877388537,5.0439557526260614e-05,0.001996200066059828,0.0,1.0,0.00017351825954392552,0.2026034517648912
6,-1.1608120282975059e-05,-8.673063895611262,8.238884578079593e-05,-3.303207773520929e-05,7.556605528136842e-05,1.1990817938567488e-07,-15.936539649963379,0.0003685086849145591,-7.906046390533447,3.616163303377107e-05,8.074301149463281e-05,0.0004724580212496221,3.0750052246730775e-05,0.002564299968071282,0.0,1.0,0.00017351825954392552,0.2026034517648912
7,-1.27504387066423e-06,-11.519681437637194,3.7146822207888504e-05,-1.199053606050248e-05,3.636782441071346e-05,1.6358704613139707e-07,-15.625920295715332,0.00037458789302036166,-7.889684200286865,1.8927152268588543e-05,3.7398403947008774e-05,0.0005643095937557518,7.221510168164968e-05,0.0031967998947948217,0.0,1.0,0.00017351825954392552,0.2026034517648912
8,0.00040694286574781386,-14.387425216540311,-0.002067102982224644,-0.0002696460865248575,0.0021054635400624155,5.180363132240018e-06,-12.170635223388672,0.0033497102558612823,-5.69888162612915,0.0009504333138465881,-0.002013471210375428,0.0006580691551789641,0.00011354227899573743,0.0026663000462576747,0.0,1.0,0.00017351825954392552,0.2026034517648912
9,4.806806653978666e-05,-10.207699947704084,-0.0003773430345326471,9.929112814011435e-06,0.0003864974202897901,3.033881057490362e-07,-15.00825309753418,0.0008308565011247993,-7.093053340911865,0.0001762982428772375,-0.0003670811129268259,0.0005218174774199724,5.313682049745694e-05,0.0022837999276816845,0.0,1.0,0.00017351825954392552,0.2026034517648912
10,-9.195608032503983e-05,-1.6880222043812123,0.0001593678643846511,2.6588908310970705e-05,-0.000138133033065263,6.199186941557855e-08,-16.596261978149414,0.00037823888123966753,-7.879984378814697,-6.09732378507033e-05,0.00015387116582132876,0.0002522766590118408,7.451228884747252e-05,0.0025689000030979514,0.0,1.0,0.00017351825954392552,0.2026034517648912
11,5.4486041484362804e-06,11.544118789307408,-0.004295101761088235,-2.128206466622933e-06,-1.432023350785831e-06,1.7632357412367128e-05,-10.945775032043457,0.004408243112266064,-5.42427921295166,-1.2083779665772454e-06,-0.004193069413304329,0.0001450938725611195,0.00028283667052164674,0.001918200054205954,0.0,1.0,0.00017351825954392552,0.2026034517648912
12,8.040245311509217e-06,-8.802261595725177,0.0008142305798496999,-6.953450633168346e-05,-9.673724649134928e-06,7.450589691870846e-07,-14.10980224609375,0.001051116967573762,-6.8579020500183105,-2.1780199404020095e-06,0.0007943224627524614,0.0004765996418427676,3.2633270166115835e-05,0.00281660002656281,0.0,1.0,0.00017351825954392552,0.2026034517648912
13,6.696524223246871e-07,-8.78447182973087,-0.00013936063253731373,-1.082987958686309e-05,-0.00028464895504120674,1.480230054085041e-07,-15.725897789001465,0.0005155527032911777,-7.570271015167236,-0.00012591939594130963,-0.00013543243403546512,0.0004760280135087669,3.2373733120039105e-05,0.002092099981382489,0.0,1.0,0.00017351825954392552,0.2026034517648912
14,-0.0002606701337117474,-17.26154527720519,1.4079536277057553e-05,1.1406557186928095e-05,1.0318110723477553e-05,2.9604800033666834e-07,-15.032744407653809,0.00047835102304816246,-7.645165920257568,8.037849511310924e-06,1.642076858843211e-05,0.0007533843745477498,0.0001544004335300997,0.002270999946631491,0.0,1.0,0.00017351825954392552,0.2026034517648912
15,1.551149588368018e-06,-7.335850181209715,7.2423297741313e-05,-3.1600090094043627e-06,-5.8565537710361343e-05,9.799040867619624e-08,-16.138395309448242,0.0003157114260829985,-8.06068229675293,-2.438584851915948e-05,7.066292891977355e-05,0.0004297331615816802,1.159217117674416e-05,0.0027238999027758837,0.0,1.0,0.00017351825954392552,0.2026034517648912
16,4.521587862239942e-06,-9.398288897749964,-0.00015168663978373779,-6.513115932240055e-06,0.00016281114884701824,1.5112969720121328e-07,-15.705127716064453,0.000491343904286623,-7.618366241455078,7.55245127948001e-05,-0.0001472842413932085,0.0004957398632541299,4.133041147724725e-05,0.002522700000554323,0.0,1.0,0.00017351825954392552,0.2026034517648912
17,1.7021228195579507e-05,-9.033321916151507,0.00016864994613525894,1.8671797719527128e-05,-0.00020752700403262755,1.5330198266383377e-07,-15.690855979919434,0.0005161317531019449,-7.569148540496826,-9.117933950619772e-05,0.00016494527517352253,0.000484010815853253,3.600351919885725e-05,0.0025155000621452928,0.0,1.0,0.00017351825954392552,0.2026034517648912
18,0.00010710272145166057,-1.737589247637827,-0.003412328438432762,-5.045079599120072e-06,0.0034290983414964277,1.3498785847332329e-05,-11.212910652160645,0.005036588292568922,-5.2910261154174805,0.0015442875446751714,-0.003328518243506551,0.00025380318402312696,7.376175199169666e-05,0.0025655999779701233,0.0,1.0,0.00017351825954392552,0.2026034517648912
19,4.568593301094722e-06,-6.72461700407368,-0.0001565028741549044,1.3943462747542215e-06,0.00016716292626597497,1.1344770456389597e-07,-15.991924285888672,0.0004374104901216924,-7.734638690948486,7.710630598012358e-05,-0.00015270714357029647,0.0004102946550119668,4.899454324913677e-06,0.0021254000021144748,0.0,1.0,0.00017351825954392552,0.2026034517648912
20,-1.1413381433132823e-06,-8.999665420104844,0.00011289059534347337,2.272281664961655e-05,0.00010638231316553006,1.319754545647811e-07,-15.840649604797363,0.00041986798169091344,-7.775570392608643,5.007509753340855e-05,0.00011057080700993538,0.0004829315876122564,3.5512595786713064e-05,0.005443000001832843,0.0,1.0,0.00017351825954392552,0.2026034517648912
21,6.943224293167561e-05,7.525718450653079,-0.00016975686165076055,0.0006189697528253006,0.00018845264456573602,6.014870734816213e-08,-16.626445770263672,0.0003772646014112979,-7.882563591003418,8.475934737361968e-05,-0.00016967121337074786,2.7502814191393554e-05,0.00021816525259055197,0.0022578000789508224,0.0,1.0,0.00017351825954392552,0.2026034517648912
22,9.305786075886552e-05,5.024425237583731,0.0006365787645887269,-0.004835135199229875,-0.0006296864182532049,4.780932272296923e-07,-14.553460121154785,0.0010133577743545175,-6.894485950469971,-0.00028307424508966506,0.0006171685527078807,4.776832429342903e-05,0.00017846153059508651,0.0021073000971227884,0.0,1.0,0.00017351825954392552,0.2026034517648912
23,-7.872733817028688e-07,-12.471234153945227,1.205929666172648e-05,-2.7326490039183577e-05,8.504768374162231e-08,1.810636547361355e-07,-15.52441692352295,0.00035656761610880494,-7.938986778259277,2.7364080779079814e-06,1.3191819562052842e-05,0.0005952900392003357,8.598872955190018e-05,0.0031204000115394592,0.0,1.0,0.00017351825954392552,0.2026034517648912
24,5.0086809495031116e-06,-4.785336780856664,-0.006,1.5411322489593185e-05,-0.004010908364747485,3.754329736693762e-05,-10.19001579284668,0.007842376828193665,-4.848213195800781,-0.0018032959196716547,-0.005850652232766151,0.0003489964292384684,2.7862175556947477e-05,0.002645700005814433,0.0,1.0,0.00017351825954392552,0.2026034517648912
25,1.3136013455265564e-05,-11.421779402502827,6.934247346691299e-06,-2.135791588635389e-05,1.3890950357391811e-05,1.600789545364023e-07,-15.647598266601562,0.00033267540857195854,-8.008343696594238,8.79854542290559e-06,7.91497132013319e-06,0.00056112912716344,7.079467468429357e-05,0.002082900027744472,0.0,1.0,0.00017351825954392552,0.2026034517648912
26,1.2755949315387257e-06,-9.918348305706209,0.00018816172342823054,-3.862307452033126e-06,-0.00017048270952550325,1.719832596336346e-07,-15.575868606567383,0.0005392946768552065,-7.5252485275268555,-7.438393367920071e-05,0.00018420816923025995,0.0005124863237142563,4.891878415946849e-05,0.00197929993737489,0.0,1.0,0.00017351825954392552,0.2026034517648912
27,3.193260553993481e-07,-9.160412483315492,0.0006664306070468121,-5.233659874104855e-06,-0.0006763504763583837,6.340288223327661e-07,-14.271171569824219,0.001215424039401114,-6.712662220001221,-0.0003021318989340216,0.0006503157201223075,0.0004880942578893155,3.785852823057212e-05,0.0025930999545380473,0.0,1.0,0.00017351825954392552,0.2026034517648912
28,1.7614502611892536e-05,17.905873423265167,-9.219921513824574e-06,-0.00016544381895554502,-1.6649953472227542e-05,1.2897487522423035e-07,-15.863648414611816,0.0003824837040156126,-7.868824481964111,-8.85811914486112e-06,-1.6264115402009338e-05,0.0003269534499850124,0.0003877695125993341,0.0026781000196933746,0.0,1.0,0.00017351825954392552,0.2026034517648912
29,6.420030408940219e-07,-8.781380725604446,0.005298857112652826,-3.7865719076814754e-06,0.0025753553448544476,2.8158005079603754e-05,-10.477679252624512,0.006582039408385754,-5.023410797119141,0.0011610820656642318,0.005166828632354736,0.00047592868213541806,3.232866583857685e-05,0.002563500078395009,0.0,1.0,0.00017351825954392552,0.2026034517648912
30,-0.0001894540286476122,-29.99997328145264,0.0011529928916579168,-0.0003395692842212047,0.0009962305665123842,2.246125177407521e-06,-13.006303787231445,0.0023434755858033895,-6.056119918823242,0.0004536269116215408,0.0011300548212602735,0.0011911140754818916,0.0003284736885689199,0.0053261000430211425,0.0,1.0,0.00017351825954392552,0.2026034517648912
31,-0.00017649401470116576,-7.928137077025746,0.0005962621503444326,-3.206485517596975e-05,0.0006161133459861617,5.170661552256206e-07,-14.47509479522705,0.0010951610747724771,-6.816854000091553,0.00027930294163525105,0.0005815668264403939,0.00044863607035949826,1.994663580262568e-05,0.004022800014354289,0.0,1.0,0.00017351825954392552,0.2026034517648912
32,-0.0026977148219292065,-24.9399174335038,-0.0004766692791382679,-0.0024542842477277916,0.00047154146991632684,8.073170647548977e-07,-14.029549598693848,0.0013144430704414845,-6.634342193603516,0.0002167391066905111,-0.0004600777174346149,0.0010145909618586302,0.0002606617345008999,0.002528000040911138,0.0,1.0,0.00017351825954392552,0.2026034517648912
33,7.053376196177906e-07,-8.979813726914061,2.6067224824181746e-05,-3.7618142220583837e-06,2.173984501669987e-05,1.1773958163985299e-07,-15.954790115356445,0.00029665473266504705,-8.122941970825195,1.1983181138930377e-05,2.5912586352205835e-05,0.0004822949122171849,3.522302722558379e-05,0.0027860000263899565,0.0,1.0,0.00017351825954392552,0.2026034517648912
34,-0.00010622925954434674,-21.97899741946733,-0.00020485629978566575,-8.50684659597671e-05,0.00021317004425885333,4.889350861958519e-07,-14.531036376953125,0.0008622067398391664,-7.056015491485596,0.00010002229828387499,-0.0001958307548193261,0.0009125103242695332,0.00022019704920239747,0.005726700066588819,0.0,1.0,0.00017351825954392552,0.2026034517648912
35,0.0030184851254702037,12.058938819595504,0.0010490730046829129,0.004354123037781889,-0.002096748149311362,1.9819233330053976e-06,-13.13144302368164,0.0021873624064028263,-6.125058650970459,-0.0009441667934879661,0.0010174475610256195,0.00016009081446100026,0.0002914051292464137,0.002467700047418475,0.0,1.0,0.00017351825954392552,0.2026034517648912
36,-0.00011825685922511459,-14.745312885191977,0.0019215736401054884,1.973583657543119e-05,0.00010895215277928224,3.7518977933359565e-06,-12.49324893951416,0.0023219073191285133,-6.065366268157959,5.205533670959994e-05,0.0018755706259980798,0.0006698988727293909,0.00011866367276525125,0.0020554999355226755,0.0,1.0,0.00017351825954392552,0.2026034517648912
37,2.086298070301744e-06,1.3656256496021244,0.00012163761831023697,-2.1556385158506087e-05,0.00011448121590443244,3.614328747403306e-08,-17.135774612426758,0.0003083697520196438,-8.084211349487305,5.228908048593439e-05,0.00011622095917118713,0.00015832822828087956,0.00012139121099608019,0.002674699993804097,0.0,1.0,0.00017351825954392552,0.2026034517648912
38,3.8813116315226985e-07,-10.314087047873974,7.821236828235476e-06,-3.87745280484723e-06,6.408042657986556e-07,1.3952202948530612e-07,-15.785043716430664,0.00030113302636891603,-8.107958793640137,2.677918246263289e-06,8.482739758619573e-06,0.000525257142726332,5.4687614465365186e-05,0.0021817999659106135,0.0,1.0,0.00017351825954392552,0.2026034517648912
39,1.253631911130651e-05,-5.163791820880224,0.00018893389092510066,4.0415997435887425e-07,-0.00018142603212400302,1.0550667184361373e-07,-16.064491271972656,0.00045523839071393013,-7.6946892738342285,-7.997632928891107e-05,0.00018366481526754797,0.0003609140985645354,2.2280417397269048e-05,0.0031167000997811556,0.0,1.0,0.00017351825954392552,0.2026034517648912
40,-1.9244090478464694e-05,-8.563545665702009,-0.0006766031030829974,-0.0003884468361873834,-0.0006856102701406392,6.389304871845525e-07,-14.263469696044922,0.0012147384695708752,-6.713226318359375,-0.00030638312455266714,-0.0006592978024855256,0.00046895898412913084,2.9156115488149226e-05,0.002589399926364422,0.0,1.0,0.00017351825954392552,0.2026034517648912
41,7.737181974471389e-07,-8.77923511185805,-2.4467769682113677e-06,-3.5778866701717544e-06,1.252923893840638e-05,1.1380761577584053e-07,-15.98875617980957,0.00026383151998743415,-8.24020004272461,7.810052920831367e-06,-1.9428869109106017e-06,0.0004758598224725574,3.2297364668920636e-05,0.0023325999500229955,0.0,1.0,0.00017351825954392552,0.2026034517648912
42,2.3773717089186446e-05,-9.508074797197038,-0.00013286453806972209,2.6173763116179888e-05,-0.00014155186898394203,1.4594536423828686e-07,-15.740033149719238,0.0004614272911567241,-7.681186199188232,-6.142329220892861e-05,-0.00012890316429547966,0.000499269284773618,4.2932424548780546e-05,0.002192299929447472,0.0,1.0,0.00017351825954392552,0.2026034517648912
43,0.00010791023393595955,-20.265660066318535,0.00012641905550294776,-5.839302973537821e-06,0.00012249260962671568,4.037415521906951e-07,-14.722491264343262,0.0007110715960152447,-7.248737335205078,5.896094080526382e-05,0.00012672602315433323,0.0008542868308722973,0.00019648243323899806,0.0024754999903962016,0.0,1.0,0.00017351825954392552,0.2026034517648912
44,-5.895189338982066e-06,-7.05776991499909,0.0008963271514685447,3.226009948684372e-05,0.0008879262034325409,1.0134926924365573e-06,-13.802107810974121,0.0014898234512656927,-6.509097576141357,0.00040149642154574394,0.0008738938486203551,0.00042088236659765244,7.983976502146106e-06,0.0021783000556752086,0.0,1.0,0.00017351825954392552,0.2026034517648912
45,0.001664196504893829,-9.23058597410408,-0.005202205161289602,-0.0023471621018511116,0.005224501098557116,3.13769378408324e-05,-10.369437217712402,0.007689149118959904,-4.867945194244385,0.0023532609920948744,-0.005071306601166725,0.0004902922082692385,3.887084676534869e-05,0.002743600052781403,0.0,1.0,0.00017351825954392552,0.2026034517648912
46,-8.006402890147179e-06,0.34778535621383944,0.00035803720201838386,-1.8584844250022963e-05,-0.00033491432284436123,1.6638600186524855e-07,-15.608955383300781,0.0006443853490054607,-7.3472137451171875,-0.00014980157720856369,0.000346999557223171,0.00018948518845718354,0.00010568328434601426,0.0020746999653056264,0.0,1.0,0.00017351825954392552,0.2026034517648912
47,-1.6357913671150154e-05,-10.880685000461687,4.905342767900394e-05,-4.8856310006333004e-05,-4.494776638241623e-05,1.5242331130593811e-07,-15.696603775024414,0.000369852758012712,-7.902405738830566,-1.7756177840055898e-05,4.8836227506399155e-05,0.0005435855709947646,6.293509068200365e-05,0.0025508999824523926,0.0,1.0,0.00017351825954392552,0.2026034517648912
48,-0.002952386285844315,-15.571619142635985,0.0005871826574435811,-0.001364632599656806,-0.00117062237825291,8.562851121496351e-07,-13.970662117004395,0.001512354938313365,-6.494087219238281,-0.0005236315773800015,0.0005747374380007386,0.0006975129945203662,0.00013045899686403573,0.0022766999900341034,0.0,1.0,0.00017351825954392552,0.2026034517648912
49,-0.0024741619776842685,-10.76343771907971,0.006,0.0015202539713268038,-0.006,4.166076541878283e-05,-10.08595085144043,0.00884932279586792,-4.727414131164551,-0.0026975455693900585,0.005851185880601406,0.0005399342044256628,6.125029904069379e-05,0.0025852000107988715,0.0,1.0,0.00017351825954392552,0.2026034517648912
50,4.2272222343948655e-06,1.2170266191002932,1.8567818038713585e-05,-1.8550709851317485e-06,1.2842961277568672e-05,2.0646259812906465e-08,-17.69573211669922,0.0001633220526855439,-8.719786643981934,6.571871381311212e-06,1.577024522703141e-05,0.00016286665049847215,0.00011909320892300457,0.0021391999907791615,0.0,1.0,0.0001633220526855439,0.2026034517648912
51,-7.16482472655627e-06,11.13622032924646,0.0005467939987194012,0.0002468605653426798,-0.0005240282825337929,3.8155607740009145e-07,-14.779007911682129,0.000968956621363759,-6.939290523529053,-0.000236324398429133,0.0005279037286527455,0.00013323903840500861,0.0002762180520221591,0.0026279999874532223,0.0,1.0,0.0001633220526855439,0.2026034517648912
52,3.105881383947934e-05,-11.064149188666077,0.0011946977313274138,3.843957271808612e-05,0.0011895717280059526,1.8016712601820473e-06,-13.22679615020752,0.0020112558268010616,-6.208995819091797,0.000537803687620908,0.0011658895527943969,0.0005495236837305129,6.560131441801786e-05,0.0024775000056251884,0.0,1.0,0.0001633220526855439,0.2026034517648912
53,-0.00010023894366329831,-13.146758680553164,3.982051584623455e-05,-1.9551521038225297e-05,-2.946841523176909e-05,1.9690341446221282e-07,-15.440552711486816,0.00040745752630755305,-7.8055739402771,-1.0465339983056765e-05,4.043841909151524e-05,0.0006173755973577499,9.573194984113798e-05,0.0021309000439941883,0.0,1.0,0.0001633220526855439,0.2026034517648912
54,0.0006718202104732515,-15.716628985793136,-0.001641226909414945,-0.007823144183946614,0.0016906218852463105,3.3913181596290087e-06,-12.594291687011719,0.0027789236046373844,-5.8856916427612305,0.000763949123211205,-0.0015976130962371826,0.0007022156496532261,0.00013250739721115679,0.0020890000741928816,0.0,1.0,0.0001633220526855439,0.2026034517648912
55,3.4480305646826054e-05,-6.8136561756881395,8.02686229430572e-05,-1.799522710842559e-05,-6.864925982002078e-05,9.230075193045195e-08,-16.198213577270508,0.00031645712442696095,-8.05832290649414,-2.8996724722674116e-05,7.816939614713192e-05,0.00041312124812975526,5.46078535990091e-06,0.0026151000056415796,0.0,1.0,0.0001633220526855439,0.2026034517648912
56,0.0001049374884038872,-0.7524882133127457,-0.0005640783882774828,0.00013411536331091003,-0.00040705062152516055,3.664792700419639e-07,-14.819323539733887,0.0008899338426999748,-7.0243635177612305,-0.00018211369751952589,-0.0005517538520507514,0.0002233333798358217,8.879928645910695e-05,0.002107500098645687,0.0,1.0,0.0001633220526855439,0.2026034517648912
57,-4.715170939704418e-07,-9.080749829606127,0.0005122744313519201,-3.117749100493969e-06,0.0005025187430523659,4.206803509987367e-07,-14.681392669677734,0.000989455496892333,-6.918355941772461,0.00022834794071968645,0.0004999918746761978,0.0004855355655308813,3.669589932542294e-05,0.005349299986846745,0.0,1.0,0.0001633220526855439,0.2026034517648912
58,1.7027033785384e-05,-9.49546642804092,2.7834447552662406e-05,8.772083225603269e-07,2.2404708446762447e-05,1.2627089063244057e-07,-15.884836196899414,0.0003109371173195541,-8.075920104980469,1.2355383660178632e-05,2.7775031412602402e-05,0.0004988648579455912,4.274857565178536e-05,0.002133200061507523,0.0,1.0,0.0001633220526855439,0.2026034517648912
59,2.1474940003705604e-06,0.7582165097171261,-0.0015885395778075947,-2.0217010609577428e-06,0.0002596206227471366,2.4414603103650734e-06,-12.922914505004883,0.0018131674733012915,-6.312679767608643,0.00011768368858611211,-0.0015510289231315255,0.00017690197273623198,0.00011200787412235513,0.00260599993634969,0.0,1.0,0.0001633220526855439,0.2026034517648912
60,-4.192883846460421e-06,-4.122171224622766,-0.003798878726291847,-1.7807130261299618e-05,7.755152443628929e-06,1.3779676010017283e-05,-11.192316055297852,0.003892703214660287,-5.548651218414307,5.01089289173251e-06,-0.003704739036038518,0.00032816638122312725,3.7740112020401284e-05,0.0019515000749379396,0.0,1.0,0.0001633220526855439,0.2026034517648912
61,1.2385708194710383e-05,6.006592987475597,5.097419100497552e-05,1.497516520927372e-05,7.186154318070225e-05,2.2167654378790758e-08,-17.624631881713867,0.00018483007443137467,-8.596074104309082,3.24925385939423e-05,4.5987999328644946e-05,1.8675284081837162e-05,0.00019402377074584365,0.0027504999889060855,0.0,1.0,0.0001633220526855439,0.2026034517648912
62,2.552110468707911e-06,-0.9773844757532943,0.0029427197700456127,1.0261434174764042e-05,0.0003650548806040512,8.27971689432161e-06,-11.701702117919922,0.00319062452763319,-5.7475385665893555,0.00016536439943592995,0.002867440227419138,0.00023028359282761812,8.535605593351647e-05,0.00273230008315295,0.0,1.0,0.0001633220526855439,0.2026034517648912
63,9.929764061579935e-05,-5.008164819492609,-0.0013866749257873201,0.0013760733106381628,-0.0013952390546051988,2.28544035962841e-06,-12.988951683044434,0.0021691301371902227,-6.133429050445557,-0.0006262139650061727,-0.0013526403345167637,0.0003559734032023698,2.4578310330980457e-05,0.003367000026628375,0.0,1.0,0.0001633220526855439,0.2026034517648912
64,-7.809309233010773e-07,-8.887729885357327,0.0001208459158201525,-4.066445931631268e-06,9.127281208071233e-05,1.313228636945496e-07,-15.845606803894043,0.0004181666299700737,-7.779630661010742,4.32599954365287e-05,0.00011829685536213219,0.00047933991299942136,3.3879656257340685e-05,0.00539869989734143,0.0,1.0,0.0001633220526855439,0.2026034517648912
65,-1.0478339630310836e-05,-4.021833191572948,1.352745312326e-05,-1.3790815079120819e-05,-2.244851106321778e-06,5.3741377570304394e-08,-16.73908233642578,0.00019495599553920329,-8.542737007141113,4.970285090166726e-07,1.2327678632573225e-05,0.00032502057729288936,3.92420006392058e-05,0.00536210008431226,0.0,1.0,0.0001633220526855439,0.2026034517648912
66,-9.463263020969032e-07,-7.243989639186165,3.232849750881345e-06,-8.351173817162408e-06,-3.827547158719137e-06,9.114657473219268e-08,-16.210796356201172,0.0002219937596237287,-8.412860870361328,2.333584916414111e-07,3.1771717203810113e-06,0.0004268085758667439,1.0357888641010504e-05,0.0027006000746041536,0.0,1.0,0.0001633220526855439,0.2026034517648912
67,0.00026878969848624325,1.3799003635588383,4.728142942530946e-05,-0.000279450220871263,4.001307859114831e-05,2.2123003873275593e-08,-17.62664794921875,0.0002022463595494628,-8.506024360656738,1.87764653674094e-05,4.371928662294522e-05,0.00015788459859322757,0.00012161659833509475,0.002168100094422698,0.0,1.0,0.0001633220526855439,0.2026034517648912
68,1.3096487629571394e-06,-11.301307466699221,0.0001252765603963318,-4.604579866874433e-06,0.00010559944942835645,1.7532988749735523e-07,-15.556596755981445,0.00048644928028807044,-7.628377914428711,5.00501409987919e-05,0.00012326647993177176,0.0005572190857492387,6.904624751769006e-05,0.0021685000974684954,0.0,1.0,0.0001633220526855439,0.2026034517648912
69,2.1336773269336274e-06,1.1835576396356158,3.428355447735154e-05,-1.868128249078987e-06,-2.0946695837851825e-05,2.1501817215607844e-08,-17.655128479003906,0.00018096418352797627,-8.61721134185791,-8.628964678791817e-06,3.110261241090484e-05,0.00016388949006795883,0.00011857573554152623,0.0026337000308558345,0.0,1.0,0.0001633220526855439,0.2026034517648912
70,2.400891372766643e-06,1.984135934890865,-0.0038106447156186912,-2.1612068287588364e-06,-0.00032871577483674835,1.3862986634194385e-05,-11.186287879943848,0.004000387154519558,-5.521364212036133,-0.00014723269850946963,-0.0037179302889853716,0.00013947261322755367,0.00013097583723720163,0.0027454999508336186,0.0,1.0,0.0001633220526855439,0.2026034517648912
71,-3.641505317447989e-07,-10.26030748376805,0.00014763456711936113,-7.677367328342275e-06,0.00013800757289211417,1.6361093457817333e-07,-15.625774383544922,0.0004979836521670222,-7.60494327545166,6.448530621128157e-05,0.00014478624507319182,0.0005235202261246741,5.390402293414809e-05,0.002918099984526634,0.0,1.0,0.0001633220526855439,0.2026034517648912
72,2.805029130357871e-06,3.4203988688902114,0.00033611433714199427,-2.1865969578984447e-06,-0.000309710703805236,1.4110455026639102e-07,-15.773764610290527,0.0005882533732801676,-7.438352584838867,-0.00013887249224353582,0.00032474787440150976,9.59203316597268e-05,0.0001533456816105172,0.002026999951340258,0.0,1.0,0.0001633220526855439,0.2026034517648912
73,0.0001526092460950375,5.040418931061709,0.005177037898836414,-0.009732366021792581,0.0051752940568470665,3.0874278309056535e-05,-10.385586738586426,0.007485200185328722,-4.894827365875244,0.0023291651159524918,0.0050430335104465485,4.734497269964777e-05,0.00017865837435238063,0.0024913999950513244,0.0,1.0,0.0001633220526855439,0.2026034517648912
74,1.4244674436948754e-05,-8.623764234834425,3.9039789843318527e-05,-3.256115423341103e-06,-2.3867514664746893e-05,1.128660116478386e-07,-15.997064590454102,0.0002975081151816994,-8.12006950378418,-8.590448487666436e-06,3.8464368117274716e-05,0.000470875296741724,3.0031313144718297e-05,0.002627599984407425,0.0,1.0,0.0001633220526855439,0.2026034517648912
75,2.6254776494889634e-05,-6.7960048630169805,0.0007676779668688887,-1.8938291916003167e-05,0.0007593215961325835,7.632552296854556e-07,-14.085673332214355,0.001300920732319355,-6.644682884216309,0.00034358768607489765,0.0007483883528038859,0.00041256111580878496,5.328117822500644e-06,0.0026243000756949186,0.0,1.0,0.0001633220526855439,0.2026034517648912
76,-8.8807058374723e-06,-5.110406082821549,9.602043875714217e-05,6.03333621907358e-05,9.93463069988494e-05,7.5599309923291e-08,-16.39781951904297,0.0003305712598375976,-8.014688491821289,4.636380253941752e-05,9.305961430072784e-05,0.00035923151881434023,2.3064194465405308e-05,0.002087400062009692,0.0,1.0,0.0001633220526855439,0.2026034517648912
77,-3.165658903814965e-05,-15.33495012672412,-0.0022470196723870426,0.00016584446775365182,-0.0013097845052742392,5.379659796744818e-06,-12.132884979248047,0.003183170221745968,-5.749877452850342,-0.0005862903781235218,-0.002188662067055702,0.0006893581012263894,0.00012707729183603078,0.0019736000103875995,0.0,1.0,0.0001633220526855439,0.2026034517648912
78,-0.0012713368041409698,-4.212481532558477,-2.8860503009067525e-06,0.0005851898733034632,0.00016284642713832362,6.107266870003514e-08,-16.611202239990234,0.0002621529856696725,-8.24658203125,7.481470674974844e-05,-3.622325039032148e-06,0.00033106165938079357,3.637024201452732e-05,0.0025050999829545617,0.0,1.0,0.0001633220526855439,0.2026034517648912
79,3.16125746686746e-05,-7.959248996862094,1.102030767638605e-05,-1.631319440149025e-05,2.012060073570352e-06,1.014136188359771e-07,-16.10405921936035,0.00024892977671697736,-8.29833984375,2.96167672786396e-06,1.096487176255323e-05,0.00044961474486626685,2.0391682483023033e-05,0.00541230000089854,0.0,1.0,0.0001633220526855439,0.2026034517648912
80,1.5142197510558102e-06,-7.682438169883502,-0.00024919871481999205,-2.6158001873882837e-06,0.0002609378269398565,1.7050788869710232e-07,-15.584484100341797,0.0005908679449930787,-7.433917999267578,0.0001194393407786265,-0.00024282401136588305,0.00044078039354644716,1.6428844901383854e-05,0.005515599972568452,0.0,1.0,0.0001633220526855439,0.2026034517648912
81,2.436391253325208e-05,-6.415156646718142,-3.507278114272558e-05,4.3229330425439814e-06,-4.4031349675398736e-05,8.171138432544467e-08,-16.320072174072266,0.0002553982485551387,-8.272686004638672,-1.7974396541831084e-05,-3.439758438616991e-05,0.0004004735965281725,5.578932359640021e-06,0.002624599961563945,0.0,1.0,0.0001633220526855439,0.2026034517648912
82,1.7698931354353567e-06,-6.307810710881301,-0.00018279676589582288,8.478545767530347e-08,-0.00019944263221086063,1.1843288660884355e-07,-15.948919296264648,0.00046821750584058464,-7.6665778160095215,-8.7924454419408e-05,-0.00017845790716819465,0.0003970722609665245,6.598040727112675e-06,0.002158599905669689,0.0,1.0,0.0001633220526855439,0.2026034517648912
83,1.1650373817556091e-06,-7.0955379970561365,1.827907537722942e-05,2.6243085387835003e-05,8.004180214135134e-06,8.946059892878111e-08,-16.229467391967773,0.0002386083360761404,-8.340686798095703,5.5368141147482675e-06,1.7806702089728788e-05,0.00042208339436911047,8.446266292594373e-06,0.005364399985410273,0.0,1.0,0.0001633220526855439,0.2026034517648912
84,-0.000225234794361931,2.0411344180282773,-0.0012469442090953717,0.0002124017500339169,0.0013535915766497387,1.8743976397672668e-06,-13.187223434448242,0.0019629434682428837,-6.233310222625732,0.000609797949437052,-0.0012183448998257518,0.00013774452963843942,0.0001318565773544833,0.005418399930931628,0.0,1.0,0.0001633220526855439,0.2026034517648912
85,1.7284498611085214e-06,-0.8143636810358684,1.5966872590345513e-05,-2.307665693271656e-06,6.092640402661582e-06,2.9432818848817988e-08,-17.341156005859375,0.00017416838090866804,-8.655488014221191,3.8092050544946687e-06,1.3809457414026838e-05,0.00022525046369992197,8.784897363511845e-05,0.002735299989581108,0.0,1.0,0.0001633220526855439,0.2026034517648912
86,8.679988037416415e-07,-1.8835218664591573,2.7319354949979108e-05,-2.069223971623352e-06,-1.7080916201175626e-05,3.6603186259753784e-08,-17.123130798339844,0.00019658850214909762,-8.534398078918457,-6.473082976299338e-06,2.517856592021417e-05,0.0002583347086329013,7.153899787226692e-05,0.002691800007596612,0.0,1.0,0.0001633220526855439,0.2026034517648912
87,-1.9798231361899842e-05,-1.7866929792282755,0.0003300118246402386,9.878073684288681e-05,0.00031736140284786086,1.585794393577089e-07,-15.657010078430176,0.0006284614792093635,-7.3722357749938965,0.00014401270891539752,0.00032027732231654227,0.00025533040752634406,7.301243022084236e-05,0.0021675999742001295,0.0,1.0,0.0001633220526855439,0.2026034517648912
88,-1.2897595105379179e-05,-16.198988897873885,3.452931338651768e-05,1.792880001180068e-05,-1.2504739498745504e-05,2.68775607992211e-07,-15.129388809204102,0.00046714895870536566,-7.668862342834473,-2.3883596895757364e-06,3.608260885812342e-05,0.0007179928943514824,0.00013936313916929066,0.002144400030374527,0.0,1.0,0.0001633220526855439,0.2026034517648912
89,-0.0003133121069949252,-0.06364469772290858,0.00024284358499808198,-2.0846854188076497e-06,-0.00022179391443346295,9.026703651215939e-08,-16.22049331665039,0.00048438820522278547,-7.632623672485352,-9.884161408990622e-05,0.00023480248637497425,0.00020213839889038354,9.93498251773417e-05,0.002177600050345063,0.0,1.0,0.0001633220526855439,0.2026034517648912
90,-0.0007683404288577595,-26.471828785097976,9.653240894004932e-05,-7.109683029247218e-06,-5.254881555827557e-05,6.194297839101637e-07,-14.294466018676758,0.0007924067904241383,-7.140435695648193,-1.886890095192939e-05,9.914868860505521e-05,0.0010673808865249157,0.00028139754431322217,0.0021523000905290246,0.0,1.0,0.0001633220526855439,0.2026034517648912
91,-8.719948394817249e-05,-15.752173769884385,6.808399466473706e-05,-0.0005511053255236324,6.180570559849079e-05,2.6176911660513724e-07,-15.155802726745605,0.0005177752464078367,-7.565969467163086,3.0986160709289834e-05,6.86807616148144e-05,0.0007032001740299165,0.00013301651051733643,0.002105899970047176,0.0,1.0,0.0001633220526855439,0.2026034517648912
92,-3.948984811146136e-05,6.781692240533926,-0.0004935081813856708,4.378200358858815e-06,-0.00035919403401670375,2.827452760811866e-07,-15.078719139099121,0.0007532616727985442,-7.191097736358643,-0.0001615842484170571,-0.0004851083504036069,6.825710443081334e-06,0.00020631251391023397,0.0021557000000029802,0.0,1.0,0.0001633220526855439,0.2026034517648912
93,1.3677086759247455e-06,-6.995339615882987,0.0015061822147553782,0.0007750235945454589,-0.0014966848655804475,2.695311195566319e-06,-12.823996543884277,0.002353161573410034,-6.051995277404785,-0.0006715873605571687,0.0014685115311294794,0.00041887754923664033,7.247547273436794e-06,0.002146199927665293,0.0,1.0,0.0001633220526855439,0.2026034517648912
94,1.6715281298266043e-06,0.6216696321085119,-0.00044267730814448306,-1.9379946654163365e-06,0.00046270079570582054,2.5431342010051594e-07,-15.184698104858398,0.0007883565267547965,-7.145560264587402,0.00020908820442855358,-0.0004337745485827327,0.0001810852118069306,0.0001099023938877508,0.0019538000924512744,0.0,1.0,0.0001633220526855439,0.2026034517648912
95,-0.0009912410379610407,-23.92279778347,0.0008058551411569341,0.0003606783555905573,0.00097114089012846,1.3289668459037784e-06,-13.531108856201172,0.0018445231253281236,-6.295534610748291,0.0004414028371684253,0.0007901093340478837,0.0009791738120839,0.0002468480379320681,0.0021630999399349093,0.0,1.0,0.0001633220526855439,0.2026034517648912
96,-1.1304010780474661e-05,-5.8414586836658,0.00041365717354013913,-5.594881007482562e-05,-0.00038724449953244467,2.652895432220248e-07,-15.142443656921387,0.0007728802738711238,-7.165386199951172,-0.00017250035307370126,0.00040295609505847096,0.00038231132202781737,1.2536403119156603e-05,0.0024864000733941793,0.0,1.0,0.0001633220526855439,0.2026034517648912
97,2.4541626954139416e-06,1.0461949550928396,-0.0021755629743557344,-1.4986009685273019e-05,0.0025950191379793815,5.895547474210616e-06,-12.041313171386719,0.003434303216636181,-5.673941135406494,0.0011685742065310478,-0.0021234580781310797,0.00016808904183562845,0.00011645299673546106,0.0026032000314444304,0.0,1.0,0.0001633220526855439,0.2026034517648912
98,1.0646730920437056e-06,-9.013691420365248,1.988554335760991e-05,-2.4765491696171786e-06,-0.0002156070428542377,1.2685336514550727e-07,-15.880233764648438,0.0003742625704035163,-7.890552997589111,-9.4818118668627e-05,1.9894618162652478e-05,0.00048338231863453984,3.571733759599738e-05,0.0026020000223070383,0.0,1.0,0.0001633220526855439,0.2026034517648912
99,-0.0006279503188334464,7.753374123213363,0.0005803784972377965,0.0026128288298371124,0.0005725085721748955,4.0700089698475495e-07,-14.71445083618164,0.0009472181554883718,-6.961981296539307,0.00025755478418432176,0.0005616808775812387,3.4165936085628346e-05,0.00022179896768648177,0.002660700003616512,0.0,1.0,0.0001633220526855439,0.2026034517648912
100,-8.954202500413528e-06,-2.0319126971241883,2.1246651786872077e-05,-9.915001018093776e-05,-0.003059968601933133,1.9300357507745503e-06,-13.15797233581543,0.001561163691803813,-6.4623236656188965,-0.0013757521519437432,1.9299226551083848e-05,0.00026294260169379413,6.928210495971143e-05,0.002052400028333068,0.0,1.0,0.0001633220526855439,0.2026034517648912
0,10.0,-10.0,0.0,10.0,0.0,2.8923974326744428e-08,-17.35859489440918,0.00017351825954392552,-8.65922737121582,-5.606640343103209e-07,-3.382152272024541e-06,0.00015706980775576085,0.0001820810721255839,0.0027481999713927507,0.0,2.0,0.00017351825954392552,0.79778195106605
1,0.013830418582461493,-13.864048197311346,0.00024269506713208824,0.04479749380600435,-0.0004224549852125647,3.012531237800431e-07,-15.015315055847168,0.0007979357615113258,-7.133482456207275,-0.00018721756350714713,0.00023867646814323962,0.0006381642888300121,0.0001059191781678237,0.002049200003966689,0.0,2.0,0.00017351825954392552,0.79778195106605
2,1.3279599995704598e-06,-6.3344179925700965,-0.0028287890450271287,-3.2682837746865807e-06,0.0001318333401608661,7.6911073847441e-06,-11.775445938110352,0.0030215654987841845,-5.801980018615723,6.115344149293378e-05,-0.0027582927141338587,0.0003979156899731606,6.322924946289277e-06,0.0026759000029414892,0.0,2.0,0.00017351825954392552,0.79778195106605
3,1.1739766379565922e-06,-5.772075191172941,2.1864423407807685e-05,-2.1538149858641e-06,-0.00017268788943798673,7.854340822177619e-08,-16.359615325927734,0.0002937097451649606,-8.132918357849121,-7.595954957650974e-05,2.093962575600017e-05,0.0003801154962275177,1.3505654351320118e-05,0.002580900094471872,0.0,2.0,0.00017351825954392552,0.79778195106605
4,0.00018783538088066532,-0.59650789840257,-0.000785399256398505,-0.000303591892287244,0.0007851612691678686,7.427823902617092e-07,-14.112862586975098,0.0012767950538545847,-6.663402080535889,0.00035436043981462717,-0.0007675784872844815,0.0002185263583669439,9.118582238443196e-05,0.0020571999484673142,0.0,2.0,0.00017351825954392552,0.79778195106605
5,5.228398809964737e-07,-5.867304993824398,-0.0005594369454792533,-3.968411662646383e-06,0.002561556997038709,1.704154783510603e-06,-13.282441139221191,0.0018979194574058056,-6.26699686050415,0.0011544638546183705,-0.0005458029336296022,0.0003831265785265714,1.2178911674709525e-05,0.0023777999449521303,0.0,2.0,0.00017351825954392552,0.79778195106605
6,2.008635622399414e-07,-11.852589177275389,-6.8551351344849175e-06,-4.142390327818001e-06,-3.8019126759085206e-05,1.6859561924320587e-07,-15.595763206481934,0.00034600007347762585,-7.969071388244629,-1.4499290045932867e-05,-5.414581210061442e-06,0.0005751320859417319,7.704034214839339e-05,0.00257939996663481,0.0,2.0,0.00017351825954392552,0.79778195106605
7,-1.4428930437344616e-05,-12.17216058252507,-0.0008315797564376308,-2.511473465199549e-05,-0.002124871233655588,1.7391806750310934e-06,-13.262096405029297,0.002096574753522873,-6.167450428009033,-0.0009535367717035115,-0.0008094353834167123,0.0005855390918441117,8.166594489011914e-05,0.0025488000828772783,0.0,2.0,0.00017351825954392552,0.79778195106605
8,-1.3604566799564684e-06,-10.837518646066364,9.390790307831015e-05,1.5322155596091502e-05,0.003999356449715635,3.40532346854161e-06,-12.590170860290527,0.002196978311985731,-6.120672225952148,0.0018021746072918177,9.255784971173853e-05,0.0005421845708042383,6.230704457266256e-05,0.0020590999629348516,0.0,2.0,0.00017351825954392552,0.79778195106605
9,2.5621706386959708e-06,4.2491822748532995,0.00010584222478995337,-1.2182283270519113e-06,-0.00014693608448161654,3.066860898570667e-08,-17.300025939941406,0.00028436430147849023,-8.165254592895508,-6.573413702426478e-05,9.9993783805985e-05,7.094692409737036e-05,0.00016632584447506815,0.0027357999933883548,0.0,2.0,0.00017351825954392552,0.79778195106605
10,8.022583342910859e-06,-9.48218003678353,-9.077109225039119e-05,-2.8977415239258927e-06,-0.00013505287785512578,1.3626923589526996e-07,-15.808632850646973,0.0004168678424321115,-7.782741546630859,-5.850240995641798e-05,-8.786894613876939e-05,0.0004984381375834346,4.25547877966892e-05,0.002608500071801245,0.0,2.0,0.00017351825954392552,0.79778195106605
11,1.7647383345701162e-06,-5.005826291209104,-4.334837911241009e-05,-1.3485437671061596e-06,-4.673985564787628e-05,6.58609238257668e-08,-16.535720825195312,0.000252513971645385,-8.28404426574707,-1.938947752933018e-05,-4.285397881176323e-05,0.00035593778011389077,2.4603208657936193e-05,0.002022600034251809,0.0,2.0,0.00017351825954392552,0.79778195106605
12,1.1595865975988036e-05,-2.7416334830863405,6.793360562727e-06,3.415672726423659e-05,3.242838476811399e-06,4.2365183361425807e-08,-16.976938247680664,0.00017996244423557073,-8.622762680053711,2.790172857203288e-06,5.405729552876437e-06,0.00028501154156401753,5.852154208696447e-05,0.002039400045759976,0.0,2.0,0.00017351825954392552,0.79778195106605
13,-0.00010889789186636503,-0.5827437886600023,-6.927315123479792e-05,-2.319761057310776e-06,6.93545378431001e-05,3.381382995826243e-08,-17.202396392822266,0.0002563622547313571,-8.268918991088867,3.224558895453811e-05,-6.936481076991186e-05,0.0002181114541599527,9.139224130194634e-05,0.0025517999893054366,0.0,2.0,0.00017351825954392552,0.79778195106605
14,-4.382392373399845e-05,9.608586677391983,-0.0014675029486894181,-5.706510207716441e-05,0.001491572777605687,2.546555833760067e-06,-12.880768775939941,0.0022765561006963253,-6.085091590881348,0.0006708927685394883,-0.0014355828752741218,8.863613766152412e-05,0.00025152493617497385,0.0024720000801607966,0.0,2.0,0.00017351825954392552,0.79778195106605
15,2.7047254033849266e-06,6.88177373343433,-6.27034078494852e-05,-1.216629663267971e-05,6.010015436904858e-05,2.6626672422480624e-08,-17.44135284423828,0.00020075739303138107,-8.513413429260254,2.708500142034609e-05,-6.510294770123437e-05,9.234877325070556e-06,0.00020790401322301477,0.005330099957063794,0.0,2.0,0.00017351825954392552,0.79778195106605
16,3.2945209806584534e-07,-5.907157443763012,-0.0016673341698292383,-2.5911663338315916e-06,-0.0016640787460707488,3.275902145105647e-06,-12.628917694091797,0.0025710673071444035,-5.963434219360352,-0.0007470666314475238,-0.0016259917756542563,0.0003843870072159916,1.163071283372119e-05,0.0027341999812051654,0.0,2.0,0.00017351825954392552,0.79778195106605
17,1.9553243391067008e-06,-0.3102601224808778,7.675941255342215e-06,-2.131807886293254e-06,-6.596719393248901e-06,2.6591431279143762e-08,-17.442676544189453,0.00016019459872040898,-8.739121437072754,-1.9694962247740477e-06,5.583601705438923e-06,0.00020971117191947997,9.557181329000741e-05,0.00201489997562021,0.0,2.0,0.00016019459872040898,0.79778195106605
18,-1.3562006512930654e-05,-6.761195139613322,-8.012750038881227e-06,8.766565392004174e-06,1.0068791678919064e-05,8.476549595570759e-08,-16.283376693725586,0.0002226150973001495,-8.410066604614258,6.4190653574769385e-06,-7.919260497146752e-06,0.0004114573821425438,5.096174390928354e-06,0.0022667000303044915,0.0,2.0,0.00016019459872040898,0.79778195106605
19,-1.337817367289719e-05,-3.4610193560530558,-0.00012644581107448743,-2.527764881904964e-05,3.640251046423683e-05,6.417143083581323e-08,-16.561708450317383,0.0003196769976057112,-8.048199653625488,1.7810974895837717e-05,-0.00012430195056367666,0.0003074648848269135,4.7663295845268294e-05,0.005417300038971007,0.0,2.0,0.00016019459872040898,0.79778195106605
20,4.32762874222825e-07,-9.495062683946431,3.4745375913609025e-05,-4.014352815353462e-06,2.304706067649268e-06,1.265428437591254e-07,-15.882684707641602,0.0003086214419454336,-8.083395004272461,3.3103306122939102e-06,3.4513075661379844e-05,0.0004988532164134085,4.27429040428251e-05,0.0020299000898376107,0.0,2.0,0.00016019459872040898,0.79778195106605
21,7.696160564626617e-07,0.38442020306527463,-0.0016414648812900715,1.453114011082992e-06,-0.0016154522960339836,3.1186182241071947e-06,-12.678120613098145,0.0024758779909461737,-6.001160144805908,-0.0007260486599989235,-0.001602525357156992,0.00018836029630620033,0.00010624762217048556,0.002292199991643429,0.0,2.0,0.00016019459872040898,0.79778195106605
22,0.00023800135332454004,-2.5307276746200387,0.003911874609693286,-0.00010266007903680452,2.0754876663143058e-05,1.4578160516975913e-05,-11.135986328125,0.003993509337306023,-5.523085117340088,1.0641608241712674e-05,0.003812791546806693,0.00027843459974974394,6.171841232571751e-05,0.0026552999624982476,0.0,2.0,0.00016019459872040898,0.79778195106605
23,6.409460490941313e-07,-8.594671394160963,0.0001544380464253665,-7.29232384406135e-07,0.00015272049524128937,1.3867642678633274e-07,-15.791122436523438,0.0004716156981885433,-7.659346103668213,7.08700463292189e-05,0.00015096979041118175,0.000469944003270939,2.9607690521515906e-05,0.003275000024586916,0.0,2.0,0.00016019459872040898,0.79778195106605
24,-6.44913586313151e-06,-6.518713230047306,0.0001573634353072448,-4.915616788116057e-05,-4.313670268439608e-06,1.0501102565285692e-07,-16.06920051574707,0.0003576733579393476,-7.935890197753906,-8.695474207343068e-08,0.00015325593994930387,0.0004037613980472088,4.89955345983617e-06,0.002641199971549213,0.0,2.0,0.00016019459872040898,0.79778195106605
25,-2.5676987624293866e-05,-12.296874792682933,8.557866407864437e-05,-6.361481007259565e-05,8.25584589122341e-05,1.8608284335641656e-07,-15.497074127197266,0.000461188901681453,-7.681702613830566,3.98243973904755e-05,8.482667908538133e-05,0.0005896061775274575,8.346945833181962e-05,0.0021046000765636563,0.0,2.0,0.00016019459872040898,0.79778195106605
26,1.823654538049485e-06,-2.5730527361296924,5.469553368979057e-05,-2.9648623813216273e-06,-5.306325765220294e-05,4.421865185122442e-08,-16.934118270874023,0.0002450520114507526,-8.314040184020996,-2.257069900224451e-05,5.2063274779357016e-05,0.0002797630149871111,6.107308581704274e-05,0.002555200015194714,0.0,2.0,0.00016019459872040898,0.79778195106605
27,0.0004680497709775194,-27.963620057757854,0.001046050426235123,0.005765705245170418,-0.0006045272471108335,1.7943691545951879e-06,-13.230856895446777,0.0020027076825499535,-6.213255405426025,-0.00026703166076913476,0.0010254352819174528,0.001119024120271206,0.00030145765049383044,0.0026567999739199877,0.0,2.0,0.00016019459872040898,0.79778195106605
28,-6.597268414065679e-06,-18.93989038767668,1.785429597569518e-06,-3.383385349625053e-06,-1.0903364912816788e-06,3.4358367884124164e-07,-14.883834838867188,0.0005018042866140604,-7.5973005294799805,3.1516460694547277e-06,4.8680217332730535e-06,0.0008095801458694041,0.00017798907356336713,0.002057399949990213,0.0,2.0,0.00016019459872040898,0.79778195106605
29,-6.963476497712722e-07,-10.490060533413457,9.114874164685797e-06,-1.3236527911543672e-06,6.137972919407632e-06,1.4271189741066337e-07,-15.76243782043457,0.0003090650716330856,-8.081958770751953,5.176699232833926e-06,9.791337106435094e-06,0.0005309433327056468,5.725072696805e-05,0.002133999951183796,0.0,2.0,0.00016019459872040898,0.79778195106605
30,-0.00012686214159779387,-2.608131630500193,-9.085664336883676e-05,-0.0007319621881027575,-9.784839753004064e-05,5.117404100474232e-08,-16.78803253173828,0.0003032632521353662,-8.100909233093262,-4.27191007474903e-05,-8.983863517642021e-05,0.00028087705140933394,6.053397009964101e-05,0.0020673000253736973,0.0,2.0,0.00016019459872040898,0.79778195106605
31,2.395721751301973e-06,-7.594866987443679,-0.00019790718389354234,-3.1365590362845423e-06,0.00033315570404779393,1.5629977667686035e-07,-15.671489715576172,0.0005713517894037068,-7.46750545501709,0.00015192507999017835,-0.000192838633665815,0.00043798735714517534,1.5188809811661486e-05,0.00266700005158782,0.0,2.0,0.00016019459872040898,0.79778195106605
32,9.59612148923661e-07,-7.3264305988932845,0.00012960256970747527,-3.4582468716625907e-06,-7.850234715691713e-06,1.0825412743997731e-07,-16.03878402709961,0.0003484241897240281,-7.962090015411377,-1.5652854017389473e-06,0.00012641014473047107,0.0004294331884011626,1.1464285307738464e-05,0.0021109000081196427,0.0,2.0,0.00016019459872040898,0.79778195106605
33,-0.000341382645934762,3.0192117092455137,-0.0001316830521941855,1.9336790077828528e-05,0.00022481100982599654,4.42239844744563e-08,-16.933998107910156,0.00036052375799044967,-7.927952766418457,0.00010171585017815232,-0.00013123921235091984,0.00010806568752741441,0.00014707172522321343,0.0020679000299423933,0.0,2.0,0.00016019459872040898,0.79778195106605
34,2.7273134058687135e-06,-4.090437595060949,-0.00019281431001098696,-1.9788345625791632e-05,-0.0024011423892393094,1.2541452178993495e-06,-13.589056015014648,0.0014505268773064017,-6.535828590393066,-0.0010789973894134164,-0.00018883642042055726,0.00032717082649469376,3.82150974473916e-05,0.0020698000444099307,0.0,2.0,0.00016019459872040898,0.79778195106605
35,1.944186278664403e-06,-0.5199397564852092,1.0337564314538342e-05,-2.306681138198014e-06,8.631297904072735e-06,2.7721632989141654e-08,-17.401052474975586,0.00016741295985411853,-8.695047378540039,4.911578798783012e-06,8.23787286208244e-06,0.00021617001038976014,9.235703328158706e-05,0.0021474999375641346,0.0,2.0,0.00016019459872040898,0.79778195106605
36,0.0001482905667332352,-9.631354200957674,-4.230089360407373e-05,-4.205399741630049e-05,-1.539275797091251e-05,1.2928805404044397e-07,-15.861223220825195,0.00031918464810587466,-8.0497407913208,-4.6342397581611294e-06,-4.057023033965379e-05,0.0005032300250604749,4.47303282271605e-05,0.0037867999635636806,0.0,2.0,0.00016019459872040898,0.79778195106605
37,0.00032298875953495334,-16.125667489280804,-8.764561570872618e-06,0.00018291951255984393,3.143660666824706e-05,2.6589148660605133e-07,-15.140177726745605,0.0004504439712036401,-7.705276966094971,1.7374362869304605e-05,-6.148133252281696e-06,0.0007155213388614357,0.00013832161494065076,0.0022031000116840005,0.0,2.0,0.00016019459872040898,0.79778195106605
38,-1.2392786961434602e-06,4.288495705994586,-0.0007614839738180855,9.553887162992715e-06,0.0037913071978775436,3.484418357402319e-06,-12.567209243774414,0.0025704847648739815,-5.963660717010498,0.0017064700368791819,-0.0007456606836058199,6.97655268595554e-05,0.00016694287478458136,0.0026322000194340944,0.0,2.0,0.00016019459872040898,0.79778195106605
39,1.7047915758424926e-06,-7.015155945872749,6.0759635023371085e-05,-3.584048379618589e-06,-6.0922309424386894e-05,9.218447161174481e-08,-16.199474334716797,0.0002981976722367108,-8.117753982543945,-2.5491368432994932e-05,5.920327384956181e-05,0.00041952752508223057,7.478528914361959e-06,0.002085799933411181,0.0,2.0,0.00016019459872040898,0.79778195106605
40,-4.1000334154082856e-05,0.5685094385189337,-6.340066968028274e-05,-8.116732867175534e-05,1.1739790325009378e-05,2.6771742156483924e-08,-17.4359188079834,0.0002160272269975394,-8.440106391906738,6.162952104205033e-06,-6.396465323632583e-05,0.0001827179075917229,0.00010908130934694782,0.0026497000362724066,0.0,2.0,0.00016019459872040898,0.79778195106605
41,-3.054941463223873e-06,-7.836542315995205,3.439190145366875e-06,-9.715365047286163e-06,3.9352660371286575e-07,9.951458679324787e-08,-16.122961044311523,0.00023791968123987317,-8.34357738494873,2.216080019934452e-06,3.539899807947222e-06,0.00044569862075150013,1.8628767065820284e-05,0.0021344999549910426,0.0,2.0,0.00016019459872040898,0.79778195106605
42,-8.128814864496729e-05,-2.2157955096225126,-7.215261014883475e-05,9.610446915480122e-05,7.322716887209145e-05,4.4611201843736126e-08,-16.925281524658203,0.0002734964364208281,-8.204221725463867,3.421102883294225e-05,-7.171367906266823e-05,0.0002686542284209281,6.64892140775919e-05,0.0021935999393463135,0.0,2.0,0.00016019459872040898,0.79778195106605
43,7.846596353458562e-05,-5.0746613618767755,0.0002116942573201549,-3.167565403733203e-05,-0.000128705871376443,1.099290898309846e-07,-16.02342987060547,0.0004529424477368593,-7.6997456550598145,-5.626464553643018e-05,0.00020583141304086894,0.0003581020573619753,2.3590691853314638e-05,0.0025450000539422035,0.0,2.0,0.00016019459872040898,0.79778195106605
44,1.002905026223529e-06,-9.415477970178339,9.837027807853105e-05,-1.6770286955098342e-06,-9.438873996832845e-05,1.3495217388026504e-07,-15.818345069885254,0.00040567602263763547,-7.809955596923828,-4.0213002648670226e-05,9.65258659562096e-05,0.0004962929524481297,4.158132287557237e-05,0.002759200055152178,0.0,2.0,0.00016019459872040898,0.79778195106605
45,1.2448437616292376e-05,9.001853134395176,-0.0005457592076067434,7.157666570592088e-05,0.000189507770404138,3.2702217822588864e-07,-14.93323802947998,0.0007780570304021239,-7.158710956573486,8.504208381054923e-05,-0.0005367060657590628,7.08444495103322e-05,0.00024177330487873405,0.0027148000663146377,0.0,2.0,0.00016019459872040898,0.79778195106605
46,0.00020430902542751072,-23.31907307989873,-1.973306000092103e-05,4.642953936114636e-05,0.00010069575445510581,4.90328034175036e-07,-14.528191566467285,0.0006630633724853396,-7.318639755249023,4.961064405506477e-05,-1.4997390280768741e-05,0.0009583068313077092,0.00023860381043050438,0.0026833999436348677,0.0,2.0,0.00016019459872040898,0.79778195106605
47,-5.7046072645837814e-05,-6.302981616060148,-6.147740058584036e-05,2.2373204514956383e-06,1.7388597516260303e-05,8.250994909531073e-08,-16.310346603393555,0.000271607656031847,-8.211152076721191,9.648931154515594e-06,-6.0172827943461016e-05,0.0003969231038354337,6.6486745708971284e-06,0.002081599901430309,0.0,2.0,0.00016019459872040898,0.79778195106605
48,3.1924123529132515e-06,-1.7665191124677828,1.0137065867871827e-05,-8.576705794822922e-05,-9.230455623005988e-06,3.520488434105573e-08,-17.162080764770508,0.0001753622927935794,-8.648656845092773,-2.9563623229478253e-06,8.393025382247288e-06,0.00025470726541243494,7.331854430958629e-05,0.002613699994981289,0.0,2.0,0.00016019459872040898,0.79778195106605
49,5.960550588069044e-06,2.29109157928622,0.00018699139115856676,1.147510400508097e-05,0.0003257731772154616,7.16461698857529e-08,-16.451526641845703,0.0004598632804118097,-7.684581279754639,0.0001472461735829711,0.00017967690655495971,0.00013013674470130354,0.00013574361219070852,0.0020653000101447105,0.0,2.0,0.00016019459872040898,0.79778195106605
50,-0.0004106143810437206,13.456799900374094,0.004165248547777318,1.635892458485652e-07,-0.004117127910473984,1.9949538909713738e-05,-10.822304725646973,0.00616591889411211,-5.088717937469482,-0.0018535152776166797,0.004055198282003403,0.0002003704139497131,0.00031404037144966424,0.005385000025853515,0.0,2.0,0.00016019459872040898,0.79778195106605
51,-0.0003080232373233998,2.9242198524331635,3.200611759291943e-06,-0.0010600947085151837,0.0001582889662170232,2.190680170599535e-08,-17.6364688873291,0.00020036144996993244,-8.515387535095215,7.17936854925938e-05,2.9978514248796273e-07,0.00011095587979070842,0.00014558005204889923,0.002458099974319339,0.0,2.0,0.00016019459872040898,0.79778195106605
52,-2.7734946291523482e-05,-10.983804567421897,-1.0494266101980592e-05,3.8815801902946003e-05,1.4947240901728022e-05,1.5180846446583018e-07,-15.70064640045166,0.00032408570405095816,-8.034502983093262,9.211285942001268e-06,-9.195087841362692e-06,0.0005469244788400829,6.443419988499954e-05,0.005352000007405877,0.0,2.0,0.00016019459872040898,0.79778195106605
53,5.6078881730076384e-05,-4.921542124340303,-0.00017722600421693778,0.0003603359757224918,-0.00017909244159084633,9.904017872486293e-08,-16.12774085998535,0.00044193031499162316,-7.724358558654785,-7.895989256212488e-05,-0.0001734094403218478,0.0003532720438670367,2.5849960366031155e-05,0.002267999923788011,0.0,2.0,0.00016019459872040898,0.79778195106605
54,1.9782398607805e-06,-2.4206821497560043,3.317027224592395e-05,-2.537796122012046e-06,-0.004360254783427486,3.885635578626534e-06,-12.458224296569824,0.002161063253879547,-6.137155055999756,-0.001960827736184001,3.1033567211125046e-05,0.00027502168086357415,6.338205275824293e-05,0.002056000055745244,0.0,2.0,0.00016019459872040898,0.79778195106605
55,1.2950289323948713e-07,-2.13674389324881,-0.00039397726765543297,-8.5629683976094e-05,-0.0003968886662851421,2.1779614201022923e-07,-15.339706420898438,0.0007298093987628818,-7.222727298736572,-0.00017735191795509309,-0.0003855139366351068,0.00026619728305377066,6.768984894733876e-05,0.0031023999908939004,0.0,2.0,0.00016019459872040898,0.79778195106605
56,2.8019828993057365e-06,2.6231151840898,0.0003978443435952147,-3.2729895644416604e-06,-0.0003969204747002572,1.9717288068932248e-07,-15.43918514251709,0.0006936559802852571,-7.273534297943115,-0.00017801042122300714,0.00038516343920491636,0.00012005581083940342,0.0001409084361512214,0.0020852000452578068,0.0,2.0,0.00016019459872040898,0.79778195106605
57,7.180460210700909e-06,-6.231834739598684,-3.4488556049551746e-05,0.00010872739598652295,-3.492723069279746e-05,7.924773370859839e-08,-16.35068702697754,0.0002488349564373493,-8.298720359802246,-1.3903153558203485e-05,-3.38783320330549e-05,0.0003946618235204369,7.445112714776769e-06,0.002006000024266541,0.0,2.0,0.00016019459872040898,0.79778195106605
58,0.001466670926899365,-18.534303573286433,-0.0019233278097884156,-6.030018543507231e-05,0.0019111807841071184,4.582532255881233e-06,-12.293258666992188,0.0032198894768953323,-5.738408088684082,0.0008636129787191749,-0.001872219261713326,0.0007958081550896168,0.00017230644880328327,0.0024988000513985753,0.0,2.0,0.00016019459872040898,0.79778195106605
59,-0.00045183369598549705,-9.887736946481372,-9.878954406092136e-05,0.00010508627145599943,8.181334791192933e-05,1.426742528565228e-07,-15.762701988220215,0.0004147266154177487,-7.787890911102295,3.9145073969848454e-05,-9.557769953971729e-05,0.000511530670337379,4.8477006203029305e-05,0.005345199955627322,0.0,2.0,0.00016019459872040898,0.79778195106605
60,-0.00012645684682277274,5.370201560763905,-4.4250907458981756e-05,-6.90377670262596e-05,4.37284001749772e-05,2.019581302192819e-08,-17.717790603637695,0.00017727720842231065,-8.637795448303223,1.991652425203938e-05,-4.6671342715853825e-05,3.741723412531428e-05,0.000183961441507563,0.0021515999687835574,0.0,2.0,0.00016019459872040898,0.79778195106605
61,-1.2950426135182659e-05,-3.8849274059740395,0.004405011697165991,3.515485646567042e-05,5.959012504909653e-06,1.849065847636666e-05,-10.898244857788086,0.004479172173887491,-5.4083170890808105,4.169856765656732e-06,0.004293990321457386,0.0003207294794265181,4.129412991460413e-05,0.002049500006251037,0.0,2.0,0.00016019459872040898,0.79778195106605
62,-2.3860341466800736e-05,-8.179894952348457,-0.0037580330706631863,6.988441073016633e-05,0.0020558883559660445,1.4387806913873646e-05,-11.149129867553711,0.00483116926625371,-5.332666873931885,0.0009272370371036232,-0.003663807874545455,0.0004566680872812867,2.3580247216159478e-05,0.005344900069758296,0.0,2.0,0.00016019459872040898,0.79778195106605
63,1.7235553256176523e-06,1.3675789192967884,-0.004182378922880354,-1.9002578000176275e-06,-0.002360655417910489,1.7794722225517035e-05,-10.93660831451416,0.0052815633825957775,-5.243533134460449,-0.0010615226346999407,-0.0040801954455673695,0.00015826830349396914,0.00012142161722294986,0.0022701999405398965,0.0,2.0,0.00016019459872040898,0.79778195106605
64,9.315100590904423e-06,8.615852580337945,-0.0006647667343352527,-3.2948154761117384e-05,-0.0006672417102043468,5.457036991174391e-07,-14.421189308166504,0.0011006107088178396,-6.811890125274658,-0.0003004450409207493,-0.0006526232464239001,5.950485137873329e-05,0.0002355799515498802,0.0025325000751763582,0.0,2.0,0.00016019459872040898,0.79778195106605
65,0.00036760246678520394,-27.59728508665785,0.000526479713409287,0.002805701308900344,0.0005300699357966726,9.842812005445012e-07,-13.831354141235352,0.001463592518121004,-6.526861190795898,0.00024348129227291793,0.0005186595371924341,0.0011063662823289633,0.0002965371822938323,0.005379799986258149,0.0,2.0,0.00016019459872040898,0.79778195106605
66,7.276760332034979e-06,-9.846160817201904,0.00019798023013565516,-0.0003019594391820249,0.00018553230255445282,1.7618808101360628e-07,-15.551713943481445,0.0005585902836173773,-7.490094184875488,8.581260044593364e-05,0.0001937604247359559,0.0005101677379570901,4.786671343026683e-05,0.002117799944244325,0.0,2.0,0.00016019459872040898,0.79778195106605
67,0.008536513530570168,-29.999994658637107,0.0005968705721683961,-7.888318649753505e-06,0.0005956393008313222,1.1822247643067385e-06,-13.648112297058105,0.0016204580897465348,-6.425046443939209,0.0002733558358158916,0.0005878464435227215,0.0011899163946509361,0.00032859534258022904,0.0026998999528586864,0.0,2.0,0.00016019459872040898,0.79778195106605
68,-0.0018436150848206469,-15.39346229074944,-0.0004497852327732657,0.00029050943438651894,0.0004589783336959182,4.815851184503117e-07,-14.546182632446289,0.0010556862689554691,-6.853564262390137,0.000209662044653669,-0.0004363376647233963,0.0006914547411724925,0.00012791839253623039,0.005417300038971007,0.0,2.0,0.00016019459872040898,0.79778195106605
69,-9.735141238803496e-05,-2.3724083560968356,-0.0026556821842569794,0.0006106554424582964,-0.0026261844863256258,8.14450322650373e-06,-11.718167304992676,0.003939965274184942,-5.536583423614502,-0.0011805027024820447,-0.0025906478986144066,0.0002735133748501539,6.41164297121577e-05,0.002132600056938827,0.0,2.0,0.00016019459872040898,0.79778195106605
70,-4.0839290956593894e-05,8.668195032375161,-8.235875497606822e-06,-3.630748018207952e-05,-1.306944446346386e-05,3.0003242557086196e-08,-17.32196044921875,0.00016732525546103716,-8.695570945739746,-6.074350494600367e-06,-1.2521517419372685e-05,6.104174099164084e-05,0.00023641703592147678,0.0026959999231621623,0.0,2.0,0.00016019459872040898,0.79778195106605
71,5.881796083510611e-06,-2.4174311524525205,0.0001091752924155348,-2.5393082006301244e-06,-0.00010301169095029552,5.2887450863181584e-08,-16.75510025024414,0.0003193822340108454,-8.049121856689453,-4.5068838517181575e-05,0.00010513755114516243,0.00027492025401443243,6.343144195852801e-05,0.003611900028772652,0.0,2.0,0.00016019459872040898,0.79778195106605
72,1.2621806542705083e-05,-12.49732678326821,1.4186872647736591e-05,-8.040697261393405e-07,1.0589542979914914e-05,1.8170966598063387e-07,-15.520855903625488,0.00036399278906174004,-7.918376445770264,7.4671734182629734e-06,1.5273149983840995e-05,0.000596139463596046,8.636542042950168e-05,0.005438999971374869,0.0,2.0,0.00016019459872040898,0.79778195106605
73,3.246340505499955e-06,-1.1590298637793874,-7.73408843419902e-05,-2.701139326710808e-06,8.275402241543905e-05,3.864404973796809e-08,-17.068872451782227,0.00027466114261187613,-8.199972152709961,3.835374809568748e-05,-7.706857286393642e-05,0.00023589699412696064,8.258065645350143e-05,0.0021409000037238,0.0,2.0,0.00016019459872040898,0.79778195106605
74,1.9321548111139344e-06,-1.7908659803024884,-2.780678089026402e-05,-2.3450905926044215e-06,3.168233366092112e-05,3.634747614000844e-08,-17.13014030456543,0.00020825777028221637,-8.476734161376953,1.5457713743671775e-05,-2.859538835764397e-05,0.00025546070537529886,7.294864190043882e-05,0.0037090000696480274,0.0,2.0,0.00016019459872040898,0.79778195106605
75,-2.9809193208403363e-05,8.87705779578062,-0.0005195505225840996,-1.4105115939096266e-05,-0.0005238509216859292,3.4791284519997134e-07,-14.87131404876709,0.0009005407337099314,-7.012515068054199,-0.00023595312086399645,-0.0005111147766001523,6.7178210883867e-05,0.00023976746888365597,0.005407599965110421,0.0,2.0,0.00016019459872040898,0.79778195106605
76,3.925108378692116e-06,-0.5046555076866293,2.749451996194032e-07,7.58970385365847e-07,4.817053294680728e-06,2.7562258253510663e-08,-17.406818389892578,0.0001589156745467335,-8.747137069702148,3.193092197761871e-06,-1.5774946859892225e-06,0.00021569884847849607,9.259131911676377e-05,0.0053724999306723475,0.0,2.0,0.0001589156745467335,0.79778195106605
77,-0.0003905274669063007,-15.88518058078713,-0.00036822570897977806,-0.00069247511928578,0.00038227523003458297,4.1740020151337376e-07,-14.689220428466797,0.000953171867877245,-6.955715179443359,0.00017521700647193938,-0.0003566797240637243,0.0007076420588418841,0.00013490825949702412,0.0054388000862672925,0.0,2.0,0.0001589156745467335,0.79778195106605
78,-5.464168617598847e-07,1.3645862069988437,-0.0007275436552612637,-4.654160989958702e-06,-0.006,7.812292096787132e-06,-11.759812355041504,0.0035508249420672655,-5.640575408935547,-0.0026992270722985268,-0.0007117303903214633,0.00015835982048884034,0.00012137522571720183,0.002102399943396449,0.0,2.0,0.0001589156745467335,0.79778195106605
79,0.0005757464227360541,-23.80773265949147,0.00012224893430871016,0.0001942109932437484,0.00012332618441743875,5.242864631327393e-07,-14.461227416992188,0.0007935906760394573,-7.138942718505859,5.9868070820812136e-05,0.0001235585514223203,0.0009750412427820265,0.00024528687936253846,0.0054935000371187925,0.0,2.0,0.0001589156745467335,0.79778195106605
80,-3.7346218254019835e-05,3.0420188573355778,5.953102207303979e-05,-4.854630584525302e-06,5.6470872496105325e-05,2.035172386172235e-08,-17.710100173950195,0.00020854719332419336,-8.475345611572266,2.5959698177757673e-05,5.5187865655170754e-05,0.00010736336844274774,0.00014743588690180331,0.002091500093229115,0.0,2.0,0.0001589156745467335,0.79778195106605
81,6.554739603671854e-05,-12.354157732689696,-0.00010003733861667195,6.822066510425907e-05,0.00011107941712077635,1.9048231081342237e-07,-15.473706245422363,0.00048668013187125325,-7.627903461456299,5.266700827633031e-05,-9.613371366867796e-05,0.000591462361626327,8.429644367424771e-05,0.002670300076715648,0.0,2.0,0.0001589156745467335,0.79778195106605
82,4.431817635675473e-06,-4.729125381463722,2.26809694770218e-05,-5.864319779304685e-06,2.139506320364427e-05,6.128178853259669e-08,-16.6077823638916,0.00022064305085223168,-8.418964385986328,1.1232856195420027e-05,2.1448200641316362e-05,0.0003472286625765264,2.869532363547478e-05,0.005558299948461354,0.0,2.0,0.0001589156745467335,0.79778195106605
83,0.00026679443930649254,3.920251439550702,0.0008129728070289484,-1.3785673506339819e-06,0.0008130305548553592,7.738022418379842e-07,-14.07194995880127,0.0012768399901688099,-6.663366794586182,0.00036629452370107174,0.0007895408198237419,8.083345892373472e-05,0.00016117574705276638,0.0021152999252080917,0.0,2.0,0.0001589156745467335,0.79778195106605
84,7.2774729115416715e-06,2.453860364949185,-0.0008103214404414846,-1.3319337687416277e-05,0.0004538600538533631,6.878171916469e-07,-14.189743041992188,0.0011293464340269566,-6.786116123199463,0.00020486344874370843,-0.000792749400716275,0.00012519271695055068,0.0001382743939757347,0.005390299949795008,0.0,2.0,0.0001589156745467335,0.79778195106605
85,0.0009596189626418414,-19.56512560369565,0.0034831559951959373,-0.0034771843153449293,0.00021962326733331044,1.192676973005291e-05,-11.336725234985352,0.004010353237390518,-5.518876075744629,0.00010256574751110747,0.0033990887459367514,0.0008306779782287776,0.0001867195824161172,0.0038151999469846487,0.0,2.0,0.0001589156745467335,0.79778195106605
86,0.00012470985557998387,-17.696866394105605,-2.2254899942973357e-05,-0.0005874256685585312,-2.0926176667586565e-05,3.081216561895417e-07,-14.99277114868164,0.0004890737473033369,-7.622997283935547,-5.958068868494593e-06,-1.889210398076102e-05,0.000767910445574671,0.00016053665603976697,0.0037873999681323767,0.0,2.0,0.0001589156745467335,0.79778195106605
87,0.0007846752353838312,-29.999999118794218,0.002987380706848168,0.0007941745295711909,-0.002981461532227307,1.1067388186347671e-05,-11.411507606506348,0.005014690104871988,-5.295383453369141,-0.001336335320957005,0.0029186459723860025,0.0011909212917089462,0.0003284959529992193,0.002125700004398823,0.0,2.0,0.0001589156745467335,0.79778195106605
88,5.7144293589711767e-05,-9.439657989253933,0.0009978611789389566,2.4647358356755853e-05,0.0009727442153336731,1.265790047000337e-06,-13.579813957214355,0.0016830363310873508,-6.387156009674072,0.0004400002071633935,0.0009735365747474134,0.0004970657755620778,4.1933530155802146e-05,0.0029334999853745103,0.0,2.0,0.0001589156745467335,0.79778195106605
89,-1.798765478650816e-05,-7.713449263108973,0.0009643674062621077,7.431279217335509e-05,0.0009369200476198548,1.161566160590155e-06,-13.665740966796875,0.0015933681279420853,-6.4419050216674805,0.0004236356762703508,0.0009404130396433175,0.0004417689924594015,1.686985524429474e-05,0.0023680999875068665,0.0,2.0,0.0001589156745467335,0.79778195106605
90,7.83481949458749e-06,-1.4942922405723127,-7.183951005012932e-05,-1.3094253599460169e-06,-3.8010558915231625e-05,3.870721698717716e-08,-17.06723976135254,0.0002494229411240667,-8.296360969543457,-1.5944593542371877e-05,-7.161052053561434e-05,0.0002462700067553669,7.746564369881526e-05,0.002163900062441826,0.0,2.0,0.0001589156745467335,0.79778195106605
91,4.478742148441897e-07,-2.0906687676316045,0.0007331871396307118,1.0196100046172385e-05,0.0007334097125000061,6.561546115335659e-07,-14.236869812011719,0.001211311318911612,-6.7160515785217285,0.0003312760090921074,0.0007134578772820532,0.0002647643559612334,6.839041452622041e-05,0.0026531999465078115,0.0,2.0,0.0001589156745467335,0.79778195106605
92,-2.6635251969932425e-05,-7.05179373496094,4.257409837057547e-05,-1.2506509384402987e-05,4.173884095739565e-05,9.067315431821044e-08,-16.216005325317383,0.0002764973323792219,-8.193309783935547,2.0711291654151864e-05,4.1482380765955895e-05,0.0004206949088256806,7.912413821031805e-06,0.002611100091598928,0.0,2.0,0.0001589156745467335,0.79778195106605
93,7.119164607214783e-06,-11.593634765686026,6.12131437398422e-05,-5.308990186868655e-06,4.3546930911720794e-06,1.6699365801287058e-07,-15.605310440063477,0.0003854140522889793,-7.861192226409912,4.531825652520638e-06,6.0882826801389456e-05,0.0005667113582603633,7.328747597057372e-05,0.002815400017425418,0.0,2.0,0.0001589156745467335,0.79778195106605
94,-0.00010904068208843116,-22.911283922439672,-0.0020721984210180376,-0.00023289776744237343,0.0022225293357701517,5.54707503397367e-06,-12.102239608764648,0.0036093126982450485,-5.624238014221191,0.0010043743532150984,-0.002016242826357484,0.0009443770977668464,0.00023301377950701863,0.0021558000007644296,0.0,2.0,0.0001589156745467335,0.79778195106605
95,-8.429981299386035e-06,-29.99999999242289,0.001652647501167808,-0.00038818494443222884,-0.0016384341057565303,3.91445837522042e-06,-12.450833320617676,0.0031089691910892725,-5.773464202880859,-0.0007319722208194435,0.001617212314158678,0.0011910928878933191,0.00032847622060216963,0.002078799996525049,0.0,2.0,0.0001589156745467335,0.79778195106605
96,-4.0500041233321724e-06,-4.450552783878523,-3.374000983692221e-05,-7.020969994562101e-05,3.761583848583084e-05,5.9295189203112386e-08,-16.640737533569336,0.0002377883211011067,-8.34412956237793,1.8493625248083845e-05,-3.363924042787403e-05,0.00033847440499812365,3.283650221419521e-05,0.00213489995803684,0.0,2.0,0.0001589156745467335,0.79778195106605
97,8.668325427512549e-05,-4.8277723654231455,0.001596357388258915,-0.00018654891119442084,-0.0016089514279755063,3.0041355785215273e-06,-12.715520858764648,0.0024669950362294912,-6.004754543304443,-0.0007224094006232917,0.0015558031154796481,0.0003503312764223665,2.7233953005634248e-05,0.002299899933859706,0.0,2.0,0.0001589156745467335,0.79778195106605
98,1.6588625223486452e-05,5.8645086562765485,-0.00018416284208941488,-1.445461835898753e-05,0.00032757082745216257,7.40020098533023e-08,-16.419174194335938,0.00043810289935208857,-7.733056545257568,0.00014758041652385145,-0.0001832292036851868,2.2811078451923095e-05,0.00019177547073923051,0.0021605000365525484,0.0,2.0,0.0001589156745467335,0.79778195106605
99,6.441401357806314e-06,-6.241629913809307,-0.0002164841647812941,-2.8907916486679855e-05,0.00018229692526967883,1.2971705132258649e-07,-15.85791015625,0.0004963235696777701,-7.608282566070557,8.384909597225487e-05,-0.00021132112306077033,0.00039497565012425184,7.331025699386373e-06,0.002680799923837185,0.0,2.0,0.0001589156745467335,0.79778195106605
100,-5.2615496655765346e-05,1.6333310915591877,1.3765117665363584e-06,-2.1714259889359215e-05,2.815980923244107e-07,1.9155802277737166e-08,-17.770660400390625,0.00013982149539515376,-8.875144004821777,8.632508752270951e-07,-1.1098126151409815e-06,0.0001501623773947358,0.00012553449778351933,0.002722199889831245,0.0,2.0,0.00013982149539515376,0.79778195106605
0,10.0,-10.0,0.0,10.0,0.0,2.8923974326744428e-08,-17.35859489440918,0.00017351825954392552,-8.65922737121582,-5.606640343103209e-07,-3.382152272024541e-06,0.00015706980775576085,0.0001820810721255839,0.004976600059308112,0.0,3.0,0.00017351825954392552,0.21733126980748624
1,1.2853491842961362,-27.902099405394214,-0.00018871707114411423,-5.439641229678564e-06,0.00018276273150473084,5.422570552582329e-07,-14.427525520324707,0.0008985021850094199,-7.014781475067139,8.654920384287834e-05,-0.00017836407641880214,0.0009522073087282479,0.0003149704425595701,0.00313359999563545,0.0,3.0,0.00017351825954392552,0.21733126980748624
2,4.90994427041194e-07,-9.639599172203528,-6.561928185705179e-05,-3.4531145017230286e-06,-0.00012470670248679178,1.3466903681091935e-07,-15.820446014404297,0.0003913064720109105,-7.846019268035889,-5.382430026656948e-05,-6.330343603622168e-05,0.0005035052890889347,4.4852207793155685e-05,0.0024525000480934978,0.0,3.0,0.00017351825954392552,0.21733126980748624
3,1.6180341301617796e-06,-1.3907394254588354,0.0031953404119498467,-2.217456015265358e-06,0.00025371479662127973,9.742089787323494e-06,-11.539054870605469,0.0033902327995747328,-5.686856746673584,0.00011531768541317433,0.003113860497251153,0.0002430645254207775,7.904441736172885e-05,0.0024698000634089112,0.0,3.0,0.00017351825954392552,0.21733126980748624
4,0.01416251989095939,-29.999886908012392,0.003410503709177078,-7.637876359676677e-06,0.0034375515890073143,1.4266909602156375e-05,-11.157567977905273,0.005642264150083065,-5.177469730377197,0.001552213099785149,0.003331139450892806,0.0011891518952324986,0.00032867060508579016,0.002593599958345294,0.0,3.0,0.00017351825954392552,0.21733126980748624
5,2.2136988384273733e-06,-8.338921319025502,-2.4484542500460917e-05,-5.409489551111828e-07,2.3153089568638202e-05,1.0765543834168056e-07,-16.044330596923828,0.00027989892987534404,-8.181081771850586,1.2528634215414058e-05,-2.3549149773316458e-05,0.00046175497118383646,2.588729876151774e-05,0.0021044000750407577,0.0,3.0,0.00017351825954392552,0.21733126980748624
6,0.0006790989274081673,-2.8814689995227516,-0.00034413492680450663,-2.6615915361673816e-06,0.0003419622881120158,1.809195993018875e-07,-15.525213241577148,0.0006648199050687253,-7.3159942626953125,0.00015523297770414501,-0.0003367105673532933,0.00028933267458342016,5.642000542138703e-05,0.005353999906219542,0.0,3.0,0.00017351825954392552,0.21733126980748624
7,5.655497391383161e-07,-7.960977181509886,-0.00029583540202492424,-3.0730615030887814e-06,0.0018547257127958243,8.844194212542789e-07,-13.938334465026855,0.0013599463272839785,-6.6003098487854,0.0008366830297745764,-0.00028821895830333233,0.00044967173016630113,2.0416948245838284e-05,0.00534399994648993,0.0,3.0,0.00017351825954392552,0.21733126980748624
8,2.4113956854810625e-07,-11.305640966033158,-3.965647696419614e-06,-4.2175719728247895e-06,-0.0001847028086858858,1.642144979996374e-07,-15.622092247009277,0.00039656320586800575,-7.832674980163574,-8.058525418164209e-05,-2.743488721534959e-06,0.0005573597736656666,6.910916999913752e-05,0.0029115000506863,0.0,3.0,0.00017351825954392552,0.21733126980748624
9,-6.341820737995532e-06,-18.37447749887498,-0.0001307597405526554,8.349886376678869e-05,-4.152139269227999e-06,3.424813996844023e-07,-14.887048721313477,0.0006065261550247669,-7.40776252746582,1.6901593653528835e-06,-0.000124509577290155,0.0007905883248895407,0.00017006455163937062,0.002496900036931038,0.0,3.0,0.00017351825954392552,0.21733126980748624
10,-9.569731191711123e-05,-10.843915774795652,0.00010442034471362586,-0.00013999349285617497,0.00012000371117010104,1.6280611703223258e-07,-15.630705833435059,0.00046167828259058297,-7.680642127990723,5.6466775276931e-05,0.00010280885180691257,0.0005424038972705603,6.240142829483375e-05,0.0020583999576047063,0.0,3.0,0.00017351825954392552,0.21733126980748624
11,1.7323183414592518e-06,-2.253897294072183,0.0003545842948629654,-3.207670058339552e-06,0.0005150493049106943,2.11471430588972e-07,-15.369175910949707,0.0007452757563441992,-7.201756477355957,0.00023303620400838554,0.0003443656023591757,0.0002698358439374715,6.591192504856735e-05,0.0020622999873012304,0.0,3.0,0.00017351825954392552,0.21733126980748624
12,-2.0347948599124536e-06,-9.38686665982564,-3.8971788517669416e-05,-6.896516291337118e-05,-1.3924656060650582e-05,1.2495945611590287e-07,-15.895276069641113,0.0003096679283771664,-8.080010414123535,-4.008209089079173e-06,-3.7390309444162995e-05,0.0004953748430125415,4.116398122278042e-05,0.001992299919947982,0.0,3.0,0.00017351825954392552,0.21733126980748624
13,1.5748360669752967e-05,-3.2970594819349297,-0.00044723361126944127,1.4004420987415682e-06,0.0004457622309231945,2.788353867799742e-07,-15.092644691467285,0.0008153523085638881,-7.1118903160095215,0.00020200025755912066,-0.00043711578473448753,0.0003023388853762299,5.013362897443585e-05,0.002628000103868544,0.0,3.0,0.00017351825954392552,0.21733126980748624
14,8.825035298660236e-06,-16.631320702259234,0.0014917328967248497,-5.237222309879927e-06,-0.0014885310688180283,2.845788685590378e-06,-12.769670486450195,0.002562431152909994,-5.966798782348633,-0.0006665369146503508,0.0014569684863090515,0.0007323608151637018,0.0001454908197047189,0.002270399942062795,0.0,3.0,0.00017351825954392552,0.21733126980748624
15,1.9970354324563774e-06,0.026271239500597548,-8.444848841466313e-05,-2.049912140789729e-06,-4.508272619849091e-05,3.243195578761515e-08,-17.244121551513672,0.0002537154941819608,-8.279296875,-1.9333827367518097e-05,-8.433283073827624e-05,0.0001993588375626132,0.000100738849141635,0.002525900024920702,0.0,3.0,0.00017351825954392552,0.21733126980748624
16,1.1202674922556464e-05,-4.718088562738544,2.498792883873119e-05,-1.0746225957276483e-05,4.251397524902936e-05,6.157110732374349e-08,-16.603073120117188,0.000232299484196119,-8.367483139038086,2.073483483400196e-05,2.3694430637988262e-05,0.0003468813083600253,2.88591327262111e-05,0.0036303000524640083,0.0,3.0,0.00017351825954392552,0.21733126980748624
17,0.0006039732880324363,11.745791353807787,0.00021468603098723696,-0.0006207276119473014,-0.00022472928288747225,1.0425476659747801e-07,-16.076427459716797,0.0005241705803200603,-7.5536932945251465,-0.00010171798203373328,0.0002039100945694372,0.00015095503476914018,0.00028612997266463935,0.0021283000241965055,0.0,3.0,0.00017351825954392552,0.21733126980748624
18,4.371077098861788e-06,-10.643244777718229,0.0007807653066462312,-6.788909194044438e-06,0.0007930444935890132,8.553987527193385e-07,-13.971697807312012,0.0014191868249326944,-6.557671070098877,0.0003593064611777663,0.0007621914846822619,0.0005358970374800265,5.9480655181687325e-05,0.0027005000738427043,0.0,3.0,0.00017351825954392552,0.21733126980748624
19,1.6816813781742806e-06,-8.086708908497998,0.0005600586028697645,-5.83518787731673e-06,-0.0005851807107557893,4.698759710208833e-07,-14.570796966552734,0.0010455293813720345,-6.863232135772705,-0.0002612571115605533,0.0005463118432089686,0.00045368922292254865,2.223154115199577e-05,0.005464299931190908,0.0,3.0,0.00017351825954392552,0.21733126980748624
20,0.0007262164010156996,-16.689026760660884,0.0007919253920955317,-0.00011438360147644831,0.005851668175985275,7.831806215108372e-06,-11.757317543029785,0.0038514917250722647,-5.559294700622559,0.0026365609373897314,0.000774669460952282,0.0007342165918089449,0.00014630588702857494,0.0027759999502450228,0.0,3.0,0.00017351825954392552,0.21733126980748624
21,9.162074804759654e-06,14.110228845253209,7.112814071748192e-05,-0.0004722132578379833,-8.467580414426668e-05,8.227193148968581e-08,-16.313236236572266,0.00037418882129713893,-7.890749931335449,-3.8994527130853385e-05,6.323267007246614e-05,0.00021914232638664544,0.0003247808781452477,0.005453299963846803,0.0,3.0,0.00017351825954392552,0.21733126980748624
22,8.58540351739493e-05,-1.2732577304009727,-0.0008888664478302641,0.0004166866675257216,0.0008853185737625771,9.454611245018896e-07,-13.871593475341797,0.0014279353199526668,-6.551525592803955,0.0003995232982560992,-0.0008682823390699923,0.00023941718973219395,8.084198634605855e-05,0.002804799936711788,0.0,3.0,0.00017351825954392552,0.21733126980748624
23,3.1267489116449863e-07,-10.922944670791647,0.00023715842286500756,-4.006320952490395e-06,-4.823241267541455e-05,2.0481523677062796e-07,-15.40115737915039,0.0005557286785915494,-7.495230197906494,-1.922824958455749e-05,0.00023224994947668165,0.0005449517630040646,6.354929064400494e-05,0.0025907999370247126,0.0,3.0,0.00017351825954392552,0.21733126980748624
24,-7.730660801440126e-06,-29.999999998173546,0.0006208949459440431,0.0027562182676158357,0.00045137423081554625,1.1802475228250842e-06,-13.649785995483398,0.0015794590581208467,-6.4506731033325195,0.00020844073151238263,0.0006113076815381646,0.0011909212917089462,0.0003284999111201614,0.003973399987444282,0.0,3.0,0.00017351825954392552,0.21733126980748624
25,4.2047781554135954e-07,-5.762787278739014,0.0009455730750821111,-3.6794674630254846e-06,-0.0009462304465936913,1.1013078164978651e-06,-13.719012260437012,0.0015423368895426393,-6.474456787109375,-0.000424054975155741,0.0009215529426001012,0.00037982192588970065,1.3636102266900707e-05,0.002674999996088445,0.0,3.0,0.00017351825954392552,0.21733126980748624
26,-1.147247633089644e-05,5.401669735292292,-8.967278828446768e-07,-0.00010396869246304572,1.333962893782957e-06,1.7698466692195325e-08,-17.849788665771484,0.0001157150836661458,-9.064379692077637,8.34858610687661e-07,-4.410275323607493e-06,3.647866105893627e-05,0.00018446122703608125,0.002105099963955581,0.0,3.0,0.0001157150836661458,0.21733126980748624
27,2.090284920335082e-06,-6.64372281594188,0.00010475498663254001,-3.5653904002065868e-06,-6.0554453202418935e-05,9.417885138418569e-08,-16.178070068359375,0.00033357084612362087,-8.005655288696289,-2.5377834390383214e-05,0.00010199712414760143,0.0004077266785316169,4.665101187129039e-06,0.004120599944144487,0.0,3.0,0.0001157150836661458,0.21733126980748624
28,-3.2977217208563e-05,-13.489048398074452,-2.898181038937934e-05,3.181504685601538e-05,-1.361450116959226e-05,2.033389421285392e-07,-15.408391952514648,0.00039445373113267124,-7.838008880615234,-3.28170312968723e-06,-2.6553187126410194e-05,0.0006285813287831843,0.00010065635433420539,0.0021206000819802284,0.0,3.0,0.0001157150836661458,0.21733126980748624
29,1.3009972344572778e-06,-3.166358853399777,4.551792484739776e-05,-1.7853120545033122e-06,-4.9507443123337535e-05,4.81459885293134e-08,-16.849027633666992,0.0002393508912064135,-8.337579727172852,-2.0889074221486226e-05,4.3280600948492065e-05,0.00029825829551555216,5.210413655731827e-05,0.005442399997264147,0.0,3.0,0.0001157150836661458,0.21733126980748624
30,0.0006013369261272469,1.477795601351832,0.0024746357305112693,-0.0009975463287867688,0.002484742730853294,7.08106972524547e-06,-11.858085632324219,0.0036682109348475933,-5.608051300048828,0.0011188916396349669,0.0024103058967739344,0.00015489303041249514,0.00012313354818616062,0.0036702000070363283,0.0,3.0,0.0001157150836661458,0.21733126980748624
31,1.491780804093964e-06,5.839618580446756,-4.252953140843248e-06,-1.405777023731012e-05,-3.266835392105957e-06,1.8653148359248917e-08,-17.797250747680664,0.00011656394053716213,-9.0570707321167,-1.2932457593706204e-06,-7.809881026332732e-06,2.3540282199974172e-05,0.00019138134666718543,0.0020484999986365438,0.0,3.0,0.0001157150836661458,0.21733126980748624
32,3.320288559951035e-06,-8.66675456194524,-0.001490944090530201,2.9496152327541304e-05,-0.0014358645416989977,2.638657633724506e-06,-12.845240592956543,0.002348697278648615,-6.053894519805908,-0.0006439830176532269,-0.0014532591449096799,0.00047225289745256305,3.0657683964818716e-05,0.00539170007687062,0.0,3.0,0.0001157150836661458,0.21733126980748624
33,3.06610031732762e-07,-10.60855186481778,0.0005516270284327082,-3.107854884200288e-06,0.0005668103687728447,5.013113195673213e-07,-14.506038665771484,0.0010931440629065037,-6.818697452545166,0.0002574961690697819,0.0005387724959291518,0.0005347750266082585,5.897573646507226e-05,0.005416500032879412,0.0,3.0,0.0001157150836661458,0.21733126980748624
34,1.4315781379536023e-05,-12.12873035213689,-0.000672098646616476,-2.4379855563138637e-05,-0.0006517608030063007,6.860107077955035e-07,-14.19237232208252,0.0012771759647876024,-6.663104057312012,-0.0002906434237957001,-0.0006539530004374683,0.0005841216770932078,8.103750587906688e-05,0.002643599989823997,0.0,3.0,0.0001157150836661458,0.21733126980748624
35,3.238983329384213e-07,-0.7812527625972017,0.001935342727958443,-7.599457635257638e-07,0.00197834344725969,4.377436653157929e-06,-12.3390474319458,0.002932801377028227,-5.831797122955322,0.0008913174970075488,0.0018851915374398232,0.00022422868642024696,8.835556945996359e-05,0.001921399962157011,0.0,3.0,0.0001157150836661458,0.21733126980748624
36,1.6672943641328643e-06,-2.7110360535407687,0.000812669162317168,0.0017615171831277736,-0.0008195053003871032,8.030268645597971e-07,-14.03487777709961,0.0013301194412633777,-6.622486591339111,-0.0003674508479889482,0.000791158527135849,0.00028402343741618097,5.899658935959451e-05,0.0019456999143585563,0.0,3.0,0.0001157150836661458,0.21733126980748624
37,1.8746205145106233e-06,-2.52126870321714,-1.3506710492036414e-05,-3.7011766170701653e-06,2.1917158446694898e-06,4.081121574017743e-08,-17.01430892944336,0.00018673970771487802,-8.585794448852539,2.2869344320497476e-06,-1.4448374713538215e-05,0.0002781512157525867,6.185756501508877e-05,0.0025112000294029713,0.0,3.0,0.0001157150836661458,0.21733126980748624
38,-0.00011647809699088554,-10.165711269667058,-2.5827704915646198e-05,-5.758550610261242e-05,8.9057243939771e-06,1.374618108229697e-07,-15.799920082092285,0.0003172426368109882,-8.055843353271484,6.376066721713869e-06,-2.4364833734580316e-05,0.0005204766639508307,5.252680784906261e-05,0.002125800005160272,0.0,3.0,0.0001157150836661458,0.21733126980748624
39,6.963753307146543e-05,5.233162222980706,0.0007264617515677656,-6.88152972646801e-06,0.0002333424060940374,5.252285859569383e-07,-14.459432601928711,0.0009217209881171584,-6.989267826080322,0.00010526088590268046,0.000704812933690846,4.148760490352288e-05,0.0001818067248677835,0.0026075999485328794,0.0,3.0,0.0001157150836661458,0.21733126980748624
40,-0.00014248039541229606,-15.387370666541136,-0.0009469620133086484,-0.00012397912072045585,-0.0007676197687839418,1.2125531156925717e-06,-13.622782707214355,0.001672858139500022,-6.393221855163574,-0.00034230854362249374,-0.0009210810530930758,0.0006911124219186604,0.0001278246199944988,0.002120699966326356,0.0,3.0,0.0001157150836661458,0.21733126980748624
41,-1.383299199198527e-05,-0.9383876913902637,-0.0003192716708496007,-7.51340137963949e-07,-0.0003041104329842211,1.4634218814535416e-07,-15.73731803894043,0.0006062944303266704,-7.408144950866699,-0.00013576529454439878,-0.0003130131808575243,0.00022908019309397787,8.59517531353049e-05,0.0027940000873059034,0.0,3.0,0.0001157150836661458,0.21733126980748624
42,1.9050385898070484e-06,-0.22895266087799798,-2.315590125418096e-06,-1.9525745051058837e-06,-2.365316403464367e-06,2.617215777434012e-08,-17.45857048034668,0.0001562714169267565,-8.763916015625,-7.639619070687331e-08,-4.181109034107067e-06,0.0002072084607789293,9.681936353445053e-05,0.0053146000718697906,0.0,3.0,0.0001157150836661458,0.21733126980748624
43,-1.0917974797325381e-05,-3.3594229206535844,-4.7701168836641495e-05,-0.0001695971145525582,-2.4525461731278015e-05,4.9860812367796825e-08,-16.814029693603516,0.00023391697322949767,-8.360544204711914,-9.62059129960835e-06,-4.755405097967014e-05,0.00030429239268414676,4.919226194033399e-05,0.0027587999356910586,0.0,3.0,0.0001157150836661458,0.21733126980748624
44,7.384726612019141e-05,-6.377020642396385,-1.9506557976113267e-05,-1.2551185832576446e-05,1.604566542582638e-05,8.017423169803806e-08,-16.33906364440918,0.00023087271256372333,-8.37364387512207,9.054919246409554e-06,-1.9230978068662807e-05,0.0003992616548202932,5.911991593166022e-06,0.002601300016976893,0.0,3.0,0.0001157150836661458,0.21733126980748624
45,9.082885702748863e-07,-7.849971340784832,-1.6714440866629512e-05,-3.437499891537886e-06,6.06178097828854e-06,9.997386740678849e-08,-16.118356704711914,0.0002533489896450192,-8.280742645263672,4.7686817197245546e-06,-1.610623257874977e-05,0.00044612688361667097,1.882123433460947e-05,0.0021093999966979027,0.0,3.0,0.0001157150836661458,0.21733126980748624
46,-0.0007240991434803094,-6.490425102307433,-0.00017449197997568947,0.002090471241865591,-0.0001532469726509897,1.1467250260466244e-07,-15.981185913085938,0.000441382871940732,-7.725597858428955,-6.711093737976626e-05,-0.00017031897732522339,0.00040285810246132314,5.047778358857613e-06,0.004328200011514127,0.0,3.0,0.0001157150836661458,0.21733126980748624
47,6.439382213646718e-06,-5.468958375372085,-1.6782021195902644e-05,-3.6913837811291406e-06,1.3609483741740427e-05,6.915341543844988e-08,-16.4869384765625,0.0002188427170040086,-8.427157402038574,7.83207178756129e-06,-1.682408037595451e-05,0.00037054019048810005,1.7832926459959708e-05,0.005402200040407479,0.0,3.0,0.0001157150836661458,0.21733126980748624
48,1.8714950127445817e-05,-10.562754161205868,0.0007530416941787257,-1.603654656240639e-05,-0.0003239088707565869,7.048749353089079e-07,-14.165245056152344,0.0011742741335183382,-6.747105121612549,-0.00014333402214106172,0.0007351392414420843,0.000533292826730758,5.830894588143565e-05,0.0026395999593660235,0.0,3.0,0.0001157150836661458,0.21733126980748624
49,-5.678811542366512e-05,-8.783389345973337,-7.63445675271607e-06,7.861318587912427e-05,7.040732001091062e-06,1.138867204986127e-07,-15.988061904907227,0.0002665173087734729,-8.230071067810059,5.340820280252956e-06,-6.9997563514334615e-06,0.0004759950970765203,3.2358373573515564e-05,0.0054926000302657485,0.0,3.0,0.0001157150836661458,0.21733126980748624
50,-0.0007238846939004202,-10.981126786679853,-0.0022151718780597305,-0.0003560614755152025,-0.0021737362421382573,5.763760782429017e-06,-12.063920021057129,0.0034400885924696922,-5.672257900238037,-0.0009756963117979467,-0.0021587384399026632,0.0005469043971970677,6.44029860268347e-05,0.0019586000125855207,0.0,3.0,0.0001157150836661458,0.21733126980748624
51,-0.0013079191371423592,-5.126833360824564,0.00598655297107453,-0.005067437384904237,-0.005987610924829267,4.1370738472323865e-05,-10.092936515808105,0.00871976651251316,-4.742162704467773,-0.0026927636936306953,0.005835642572492361,0.0003599500050768256,2.2771957446821034e-05,0.0025719000259414315,0.0,3.0,0.0001157150836661458,0.21733126980748624
52,-1.5580628422584548e-06,-3.0745318428498996,-0.002302256656479491,-3.1796671270226676e-06,-0.002265460704701541,6.125278559920844e-06,-12.00308609008789,0.003438347252085805,-5.672764301300049,-0.0010180807439610362,-0.0022458252497017384,0.00029539247043430805,5.348984632291831e-05,0.00200159999076277,0.0,3.0,0.0001157150836661458,0.21733126980748624
53,5.954734667558647e-06,-11.728089551181588,-0.00031750809524671366,1.1621346634957425e-06,-0.00013423837660918355,2.6431038691043796e-07,-15.14614200592041,0.0006893095560371876,-7.279819965362549,-5.781579602626152e-05,-0.00030833444907329977,0.0005710819968953729,7.523654494434595e-05,0.0020710000535473228,0.0,3.0,0.0001157150836661458,0.21733126980748624
54,6.408662686256368e-05,-10.356230843658453,-0.00040813353182752975,-5.556490047836429e-05,0.0004109139200968278,3.3293230217168457e-07,-14.915327072143555,0.0008753261063247919,-7.040914058685303,0.00018730679585132748,-0.00039706125971861184,0.0005266150692477822,5.5301068641711026e-05,0.00544640002772212,0.0,3.0,0.0001157150836661458,0.21733126980748624
55,6.158533641947469e-06,-3.370784289128116,0.0048880455861911405,1.9283099833821326e-05,2.7623951681539018e-05,2.2751146389055066e-05,-10.690895080566406,0.004955484066158533,-5.307260513305664,1.3848186426912434e-05,0.004764803219586611,0.00030464245355688035,4.902271757600829e-05,0.005363000091165304,0.0,3.0,0.0001157150836661458,0.21733126980748624
56,-9.690096144402904e-05,-15.048582589075034,-5.8787963320462866e-05,4.852263339770879e-05,5.067338190693162e-05,2.4241566620730737e-07,-15.232611656188965,0.0004825263749808073,-7.636475086212158,2.5873972845147364e-05,-5.520305421669036e-05,0.0006799044786021113,0.00012299418449401855,0.0020185000030323863,0.0,3.0,0.0001157150836661458,0.21733126980748624
57,0.0011948251340979225,-29.999999910553438,-2.119285745934598e-05,-0.001460423783679931,2.1282738267494495e-05,7.636184591319761e-07,-14.085197448730469,0.0007894031587056816,-7.144233226776123,1.4899907910148613e-05,-1.4766521417186595e-05,0.0011909889290109277,0.00032848454429768026,0.002167099970392883,0.0,3.0,0.0001157150836661458,0.21733126980748624
58,-0.0016664301388399942,-6.703128612896382,0.0017080975379198727,-0.0009330822639057557,0.001728600546995765,3.4649817735044053e-06,-12.572803497314453,0.0026522695552557707,-5.932339668273926,0.0007797508151270449,0.0016652364283800125,0.0004097474738955498,4.81714687339263e-06,0.0047833999851718545,0.0,3.0,0.0001157150836661458,0.21733126980748624
59,0.0002854548041624747,0.6744447116162062,0.0003232521242751561,4.3409191014575506e-05,0.00034053280985154596,1.439440922013091e-07,-15.753840446472168,0.0006121860351413488,-7.398474216461182,0.000154105422552675,0.0003129917895421386,0.00017945414583664387,0.0001107234857045114,0.002756900037638843,0.0,3.0,0.0001157150836661458,0.21733126980748624
60,-3.4497011608389954e-05,-10.645584551078851,-0.0002611681035606049,-1.1031640451252802e-06,-0.00022076981434265288,2.1915744241596258e-07,-15.333475112915039,0.0006483477773144841,-7.341083526611328,-9.690962906461209e-05,-0.00025369279319420457,0.0005359755596145988,5.9515055909287184e-05,0.002057099947705865,0.0,3.0,0.0001157150836661458,0.21733126980748624
61,-4.387929757470853e-05,-8.846856292700707,-1.8946502983666644e-05,1.096065749909191e-05,1.5543851256150666e-05,1.1521962051119772e-07,-15.976426124572754,0.00028284575091674924,-8.170608520507812,9.176197636406869e-06,-1.8011794963967986e-05,0.0004780315503012389,3.328397360746749e-05,0.0024570999667048454,0.0,3.0,0.0001157150836661458,0.21733126980748624
62,-3.505796688815496e-05,-4.891022027652972,0.002051008862586879,9.050866576389338e-06,-0.004529814248832981,8.207373866753187e-06,-11.710477828979492,0.004225213546305895,-5.4666852951049805,-0.0020367889665067196,0.0019991130102425814,0.00035232497612014413,2.629733171488624e-05,0.002715999959036708,0.0,3.0,0.0001157150836661458,0.21733126980748624
63,1.6231809729729662e-07,-11.158449026927169,-2.943698883779853e-05,-4.3267098849991155e-06,2.6787375858084605e-05,1.5589236568303022e-07,-15.674099922180176,0.0003519599267747253,-7.951992988586426,1.456428799428977e-05,-2.7617443265626207e-05,0.0005525847082026303,6.697171920677647e-05,0.002164200064726174,0.0,3.0,0.0001157150836661458,0.21733126980748624
64,2.59326725619303e-05,-11.395932649208715,-0.0009708461897898402,-3.4089321534044044e-05,-0.0009492673885866855,1.2335815426922636e-06,-13.605588912963867,0.0016854079440236092,-6.38574743270874,-0.00042462642886675894,-0.0009454271057620645,0.0005602893070317805,7.04195408616215e-05,0.005371499923057854,0.0,3.0,0.0001157150836661458,0.21733126980748624
65,-4.376178692753021e-05,-11.678394408668492,1.3043377406949912e-05,3.0256209717756876e-05,-1.4429093744344254e-05,1.6513364187176194e-07,-15.616510391235352,0.00033984173205681145,-7.987030506134033,-3.908726739609847e-06,1.3939977179688867e-05,0.0005694693536497653,7.451668352587149e-05,0.002506699995137751,0.0,3.0,0.0001157150836661458,0.21733126980748624
66,-2.8559549235269212e-05,-6.632502310988087,-0.0005970762486268673,3.3805265354715105e-06,0.0005886011513341617,4.932007868774235e-07,-14.52234935760498,0.0010550464503467083,-6.854170322418213,0.0002667406224645674,-0.0005822913954034448,0.0004073723976034671,4.656345481635071e-06,0.0021064000902697444,0.0,3.0,0.0001157150836661458,0.21733126980748624
67,3.0800737746021548e-06,-8.373433725561885,-4.738216415677228e-05,-2.0651106150110364e-06,-2.6439942408752126e-05,1.0966691377234383e-07,-16.02581787109375,0.00030027239699847996,-8.110820770263672,-9.783361747395247e-06,-4.586495560943149e-05,0.00046285943244583905,2.6388712285552174e-05,0.0053304999601095915,0.0,3.0,0.0001157150836661458,0.21733126980748624
68,0.0003268238598028435,-6.841428084865339,-0.005750497946391297,0.00024365836622453367,-0.005695212090744379,3.808093970292248e-05,-10.175796508789062,0.008377628400921822,-4.782190322875977,-0.0025609461590647697,-0.005606852006167173,0.0004139773081988096,5.6845824474294204e-06,0.0026352000422775745,0.0,3.0,0.0001157150836661458,0.21733126980748624
69,1.4535039759072022e-05,-7.544041020944208,-0.0013809593088601414,-2.1725290534059724e-05,-0.0013563868852028685,2.2780325252824696e-06,-12.99219799041748,0.002180123934522271,-6.128373622894287,-0.0006083762273192406,-0.0013463277136906981,0.00043636641930788755,1.4473420378635637e-05,0.002495700027793646,0.0,3.0,0.0001157150836661458,0.21733126980748624
70,-8.134985444026856e-05,-15.235229673054079,-0.001534122163984206,0.00015716771051439452,0.00015867471340340838,2.479660452081589e-06,-12.907388687133789,0.0019739733543246984,-6.2277069091796875,7.450171688105911e-05,-0.001493610441684723,0.0006860660505481064,0.0001256562100024894,0.005383900017477572,0.0,3.0,0.0001157150836661458,0.21733126980748624
71,-1.5569492068024415e-05,-12.372222355845446,-6.4720446945335255e-06,-4.56067012407003e-06,1.53054816997739e-05,1.789584871403349e-07,-15.536111831665039,0.00035278330324217677,-7.9496564865112305,9.571373084327206e-06,-4.902576620224863e-06,0.0005920604453422129,8.455829083686695e-05,0.0026591999921947718,0.0,3.0,0.0001157150836661458,0.21733126980748624
72,-0.0005499589943234751,-15.158875816155948,0.00017913311858002505,-4.952425862679271e-06,-0.00017202847019480322,2.7818930448120227e-07,-15.094964027404785,0.0006552048726007342,-7.330562591552734,-7.432561687892303e-05,0.00017679903248790652,0.000683590944390744,0.00012456957483664155,0.0021935999393463135,0.0,3.0,0.0001157150836661458,0.21733126980748624
73,4.257777231574523e-05,-1.7923894025796807,-1.4596355474425068e-05,-2.547799448372553e-05,1.5240524015783754e-05,3.561272876595467e-08,-17.150562286376953,0.00018799008103087544,-8.579121589660645,8.059098945523147e-06,-1.5714802430011332e-05,0.0002555062237661332,7.292615191545337e-05,0.0025161000667139888,0.0,3.0,0.0001157150836661458,0.21733126980748624
74,-7.428456355672553e-05,-20.59763924589213,-0.0010755887443685448,0.001205142811883338,0.0010705508500603574,1.722997467368259e-06,-13.271445274353027,0.0020641088485717773,-6.183056831359863,0.0004856365267187357,-0.0010451762937009335,0.0008654955890960991,0.0002010966418311,0.0019732998916879296,0.0,3.0,0.0001157150836661458,0.21733126980748624
75,1.4552405368957318e-06,-9.652565619732904,0.00011756890349044851,-1.4778199814811636e-06,0.00013482445108425108,1.452443143534765e-07,-15.744848251342773,0.0004527572018560022,-7.700154781341553,6.296655192272738e-05,0.00011530852498253807,0.000503922812640667,4.5041408156976104e-05,0.0029896999476477504,0.0,3.0,0.0001157150836661458,0.21733126980748624
76,-9.100936264356358e-06,-11.66241135760384,-0.0004059991930357354,3.7464133193132575e-05,0.0004542985094452466,3.6319880791779724e-07,-14.828315734863281,0.0009232632583007216,-6.987596035003662,0.00020701639004983008,-0.00039463111897930503,0.0005689467652700841,7.428469689330086e-05,0.002731500077061355,0.0,3.0,0.0001157150836661458,0.21733126980748624
77,7.037389081248093e-08,-9.113237865697188,-8.243328039400641e-05,-3.3669586739219814e-06,-6.394940044216366e-05,1.261499562588142e-07,-15.885794639587402,0.0003682718670461327,-7.906689167022705,-2.6558103854767978e-05,-7.983930117916316e-05,0.0004865788796450943,3.717002255143598e-05,0.002654000069014728,0.0,3.0,0.0001157150836661458,0.21733126980748624
78,0.00027101277175194273,1.1730843371854813,-9.671385350670682e-06,9.673993362323711e-05,9.451369139903596e-06,2.0655582133599637e-08,-17.695280075073242,0.00015811090997885913,-8.752213478088379,5.0515172915766016e-06,-1.1750636986107565e-05,0.00016419586609117687,0.0001184216671390459,0.002533899969421327,0.0,3.0,0.0001157150836661458,0.21733126980748624
79,-5.8971265762159995e-05,-13.955717675439415,-9.658662091230797e-05,4.553266775983591e-05,-7.607475724194549e-05,2.2257520981838752e-07,-15.318000793457031,0.0004992951289750636,-7.602313041687012,-3.132132042082958e-05,-9.234456956619397e-05,0.0006439002463594079,0.00010735823161667213,0.002092100097797811,0.0,3.0,0.0001157150836661458,0.21733126980748624
80,1.8362212868705906e-05,-9.14817659883434,-0.0006517272505204029,-1.1338760275925558e-05,-0.0006047526136790613,5.955763526799274e-07,-14.333736419677734,0.001167495734989643,-6.752894401550293,-0.0002699146280065179,-0.0006348912138491869,0.0004877000756096095,3.767972157220356e-05,0.0021519999718293548,0.0,3.0,0.0001157150836661458,0.21733126980748624
81,1.023651289074986e-06,-7.202273066044818,-1.5306846736107125e-05,-5.418333013601566e-06,3.981538774960331e-06,9.080124385718591e-08,-16.21459197998047,0.00023629647330380976,-8.350422859191895,3.7415948099805973e-06,-1.4910421668901108e-05,0.0004254804807715118,9.808420145418495e-06,0.002626999979838729,0.0,3.0,0.0001157150836661458,0.21733126980748624
82,1.027084011054863e-06,-8.872919945670281,-9.43064003027141e-05,-3.537202636890549e-06,-7.844646994534575e-05,1.2468771615203877e-07,-15.897453308105469,0.00038086058339104056,-7.873077392578125,-3.311577529530041e-05,-9.148063691100106e-05,0.0004788647638633847,3.3663611247902736e-05,0.005387899931520224,0.0,3.0,0.0001157150836661458,0.21733126980748624
83,-5.017625646409631e-05,-11.556042997776713,-0.0006822776546366029,-0.00012240444126194883,0.00047828803286667195,6.509094419016037e-07,-14.244894981384277,0.0012009460479021072,-6.724645614624023,0.0002177964779548347,-0.0006640288047492504,0.0005654982523992658,7.274313975358382e-05,0.0020433999598026276,0.0,3.0,0.0001157150836661458,0.21733126980748624
84,-0.0001621040961313526,-30.0,0.005999857476117028,0.0048953491261385105,0.005999894727889483,4.23792444053106e-05,-10.068851470947266,0.009321371093392372,-4.675445556640625,0.0027052743826061487,0.005856427364051342,0.0011908255983144045,0.00032851388095878065,0.005706100026145577,0.0,3.0,0.0001157150836661458,0.21733126980748624
85,5.164301268927017e-05,-9.439140465784593,-0.0004549837311487155,-8.811895080174982e-05,-0.0004240690415279312,3.562041399618465e-07,-14.847762107849121,0.0009010423673316836,-7.011958122253418,-0.0001885657839011401,-0.0004429869877640158,0.0004970527370460331,4.192640335531905e-05,0.00259300007019192,0.0,3.0,0.0001157150836661458,0.21733126980748624
86,9.884103162043926e-06,-1.7162489526916227,0.001398727247639292,-0.00015107510221978786,-0.0013960627612841037,2.283686853843392e-06,-12.98971939086914,0.002152903936803341,-6.140937805175781,-0.000627037778031081,0.0013622496044263244,0.00025314962840639055,7.408336387015879e-05,0.002139699994586408,0.0,3.0,0.0001157150836661458,0.21733126980748624
87,4.360762761368641e-06,-9.297981074284229,-0.0005113597753272792,-2.7880009000518796e-06,0.0005112418371746286,4.2404181499478e-07,-14.673433303833008,0.0009964872151613235,-6.911274433135986,0.00023230411170516163,-0.0004979926161468029,0.0004925145767629147,3.986634692410007e-05,0.0021775999339297414,0.0,3.0,0.0001157150836661458,0.21733126980748624
88,-3.086404160971582e-05,-7.344615993326401,-9.630936913950176e-05,-4.468966222056145e-05,9.537191952847991e-05,1.0334782274412646e-07,-16.08516502380371,0.00035960000241175294,-7.93051815032959,4.488724880502559e-05,-9.384891018271446e-05,0.00043001570156775415,1.1712022569554392e-05,0.0026202999288216233,0.0,3.0,0.0001157150836661458,0.21733126980748624
89,1.1935306700559562e-05,-12.077606927182789,-0.0011374710484252147,-1.9238563986823803e-05,1.9869925476067617e-05,1.399995198880788e-06,-13.479042053222656,0.0014506648294627666,-6.535733222961426,1.1583056220842991e-05,-0.0011077045928686857,0.0005824564141221344,8.029783930396661e-05,0.002133099944330752,0.0,3.0,0.0001157150836661458,0.21733126980748624
90,-0.0005881956054449057,-14.503980638087414,-0.005839188732454298,-0.0007324735512886985,-0.005817006503753365,3.9451282646041363e-05,-10.140443801879883,0.008694414049386978,-4.74507474899292,-0.0026146606542170048,-0.005691139493137598,0.0006620122003369033,0.00011521582928253338,0.0038056999910622835,0.0,3.0,0.0001157150836661458,0.21733126980748624
91,-4.34167239145494e-07,-10.705069022980112,0.0021425457272409862,-3.191800123833658e-06,0.0003987087346686336,4.547429853118956e-06,-12.300948143005371,0.002570947166532278,-5.9634809494018555,0.0001818641903810203,0.0020899439696222544,0.0005378974601626396,6.038033825461753e-05,0.0027626000810414553,0.0,3.0,0.0001157150836661458,0.21733126980748624
92,-2.7810575223093163e-06,-8.607156341770308,5.3872733013828945e-05,-7.670882127932864e-07,-3.523741461266691e-05,1.1404425492855808e-07,-15.986679077148438,0.0003166981623508036,-8.057561874389648,-1.3709244740311988e-05,5.292198693496175e-05,0.00047034426825121045,2.97895930998493e-05,0.0026727000949904323,0.0,3.0,0.0001157150836661458,0.21733126980748624
93,2.9921426927411216e-07,-9.974995343988908,0.00015522591561300004,-6.131878475515985e-06,-0.00021922858400126886,1.6590993823228928e-07,-15.611821174621582,0.0005304515361785889,-7.541781902313232,-9.631153079681098e-05,0.0001521110098110512,0.0005143131129443645,4.974492549081333e-05,0.002121700090356171,0.0,3.0,0.0001157150836661458,0.21733126980748624
94,3.4595026084053784e-05,-5.099306800846311,2.0768499639075537e-05,-5.126302954417425e-05,-1.7422187146183326e-05,6.509357319828268e-08,-16.547439575195312,0.0002169238869100809,-8.43596363067627,-6.183554432936944e-06,1.9685747247422114e-05,0.0003588817489799112,2.3227425117511302e-05,0.0027238999027758837,0.0,3.0,0.0001157150836661458,0.21733126980748624
95,1.0373282215180394e-05,1.067073925319228,1.8233953518417784e-05,-2.3216713489749012e-05,-1.8224599117829177e-05,2.1132528615908086e-08,-17.672452926635742,0.00016498868353664875,-8.709633827209473,-7.388323410850717e-06,1.5487365089938976e-05,0.00016745031462050974,0.00011677567817969248,0.0025488000828772783,0.0,3.0,0.0001157150836661458,0.21733126980748624
96,2.469851448320238e-06,1.945620231393317,0.00024078275224642928,-4.965822816558905e-06,-0.00024118303510609152,8.394583517201681e-08,-16.293094635009766,0.0004755714617203921,-7.650993347167969,-0.00010783778998302296,0.00023222209711093456,0.00014064506103750318,0.000130378088215366,0.002494000014849007,0.0,3.0,0.0001157150836661458,0.21733126980748624
97,-2.3577218652771258e-08,-11.89588108797107,-0.00011934603900772848,-7.30291366108235e-06,-9.849082779939788e-05,1.8419885350340337e-07,-15.50724983215332,0.0004838910244870931,-7.633650779724121,-4.170534521108493e-05,-0.0001150816460722126,0.0005765407695434988,7.766731869196519e-05,0.005511000053957105,0.0,3.0,0.0001157150836661458,0.21733126980748624
98,6.245610420613319e-06,-6.0398196337061565,2.133442428513811e-05,-1.8569188459265135e-06,3.853862718576084e-05,7.633337162360476e-08,-16.388154983520508,0.00023884147231001407,-8.339710235595703,1.9129698557662778e-05,2.0496458091656677e-05,0.00038858421612530947,9.846397915680427e-06,0.005605399957858026,0.0,3.0,0.0001157150836661458,0.21733126980748624
99,-9.540289956941872e-05,-15.573484701298181,-0.0012726570110708864,4.5372653223971407e-05,-0.0012776595687711305,2.11265501093294e-06,-13.067564964294434,0.002224255818873644,-6.108333110809326,-0.0005717994063161314,-0.0012385888257995248,0.0006972610135562718,0.0001304745237575844,0.0025309999473392963,0.0,3.0,0.0001157150836661458,0.21733126980748624
100,1.2000314495972906e-05,-8.672478423006131,-0.0001190357892863343,-9.314424528509607e-06,-9.936795230001281e-05,1.2725602971386252e-07,-15.87706470489502,0.0004097938071936369,-7.799856662750244,-4.255876410752535e-05,-0.0001156460857600905,0.0004724367754533887,3.07411391986534e-05,0.002682900056242943,0.0,3.0,0.0001157150836661458,0.21733126980748624
0,10.0,-10.0,0.0,10.0,0.0,2.8923974326744428e-08,-17.35859489440918,0.00017351825954392552,-8.65922737121582,-5.606640343103209e-07,-3.382152272024541e-06,0.00015706980775576085,0.0001820810721255839,0.0023207999765872955,0.0,4.0,0.00017351825954392552,0.19999742357054087
1,-0.7638950909697431,12.264550121937187,0.00010578390915362073,-1.1317985492861096,-0.00017465571478880433,5.689206972192551e-08,-16.682109832763672,0.0003724730631802231,-7.895345687866211,-7.917317270766944e-05,9.571490954840556e-05,0.00014836595801170915,0.00024680400383658707,0.0025745000457391143,0.0,4.0,0.00017351825954392552,0.19999742357054087
2,7.120511420536802e-05,-9.51408916608243,2.1880473835269765e-05,-3.700347196592465e-05,-0.004891958344217224,4.962204002367798e-06,-12.21366024017334,0.0024923209566622972,-5.994540691375732,-0.002199105452746153,2.1974909031996503e-05,0.0004994612536393106,4.30198670073878e-05,0.0026154000079259276,0.0,4.0,0.00017351825954392552,0.19999742357054087
3,5.893320885480884e-09,-6.898124428976074,3.2066287833284674e-05,-3.963287386635767e-06,-0.002598974586191147,1.4508033245874685e-06,-13.443392753601074,0.0014098359970375896,-6.564281940460205,-0.0011676313588395715,3.1195260817185044e-05,0.00041580721153877676,6.211537311173743e-06,0.0025596999330446124,0.0,4.0,0.00017351825954392552,0.19999742357054087
4,-2.6558344989299527e-05,-2.117347192033673,-5.8746968269899145e-05,2.317700181598057e-06,-0.0059329509780671336,7.162355359469075e-06,-11.846672058105469,0.0028940425254404545,-5.8451008796691895,-0.0026685823686420918,-5.867059007869102e-05,0.0002655946009326726,6.79845325066708e-05,0.0025514999870210886,0.0,4.0,0.00017351825954392552,0.19999742357054087
5,9.611048268047e-07,-12.188050057936808,2.229555013433223e-05,-9.122670189329649e-05,-0.0007800226692785826,2.969683805531531e-07,-15.029640197753906,0.0007054262096062303,-7.256708145141602,-0.00034835271071642637,2.3096738004824147e-05,0.0005860577221028507,8.18957487354055e-05,0.0024435999803245068,0.0,4.0,0.00017351825954392552,0.19999742357054087
6,-1.7110443538996335e-06,-5.911288997161607,-8.359535727452548e-05,-2.307963956277008e-06,-0.00017067451805884856,8.632275694253622e-08,-16.265172958374023,0.00035492549068294466,-7.943602561950684,-7.503413507947698e-05,-8.184537728084251e-05,0.0003845178580377251,1.1574106792977545e-05,0.002471399959176779,0.0,4.0,0.00017351825954392552,0.19999742357054087
7,4.785044517468117e-05,-8.01915241717185,-3.495141659868464e-05,-1.7018792821259898e-05,0.0035977081137307486,2.7310586574458284e-06,-12.810821533203125,0.001891265856102109,-6.270508766174316,0.0016210332978516817,-3.384125011507422e-05,0.00045152739039622247,2.1255149476928636e-05,0.0025849000085145235,0.0,4.0,0.00017351825954392552,0.19999742357054087
8,0.0008284695964772556,20.17683527279687,-0.00029039790579786967,0.004899593659476719,-0.006,7.550675491074799e-06,-11.79387378692627,0.003401086898520589,-5.68366003036499,-0.002701645251363516,-0.00029115055804140866,0.0003904472105205059,0.000426135171437636,0.002146500046364963,0.0,4.0,0.00017351825954392552,0.19999742357054087
9,1.5124276406433347e-06,-5.540905151013705,0.00029650376234882116,-3.171648494997101e-06,-0.003724239431313902,2.9558657388406573e-06,-12.731719017028809,0.002157642738893628,-6.138739109039307,-0.001674189930781722,0.0002886493457481265,0.00037281200638972223,1.679517845332157e-05,0.00537209992762655,0.0,4.0,0.00017351825954392552,0.19999742357054087
10,2.3859724825925445e-06,-5.049456245963099,0.001237323547217934,0.0002861120456881771,0.0020451058552972312,2.3681120637775166e-06,-12.953417778015137,0.0023184020537883043,-6.0668768882751465,0.0009219471248798072,0.0012058211723342538,0.0003573053691070527,2.3962145860423334e-05,0.002130200038664043,0.0,4.0,0.00017351825954392552,0.19999742357054087
11,1.1703220125434628e-06,-6.319427945203547,7.24530936021184e-05,-3.2960796979104524e-06,-7.485321190688941e-05,8.497350734160136e-08,-16.280925750732422,0.00030422996496781707,-8.097726821899414,-3.1857598514761776e-05,7.041389471851289e-05,0.0003974405990447849,6.476347152784001e-06,0.0020877999486401677,0.0,4.0,0.00017351825954392552,0.19999742357054087
12,-6.55182069826201e-05,-12.573878275688413,-1.361285680092566e-05,-1.7128107536145166e-05,0.006,7.48780939829885e-06,-11.802234649658203,0.003057582303881645,-5.790130615234375,0.002702712779864669,-1.1811209333245642e-05,0.0005986451869830489,8.747152605792508e-05,0.0025727000320330262,0.0,4.0,0.00017351825954392552,0.19999742357054087
13,1.12020349628818e-05,-5.228122131131138,-0.0013566837093365995,-1.2782746060582174e-05,-0.0012979109377151473,2.1563716927630594e-06,-13.047083854675293,0.002097819931805134,-6.16685676574707,-0.0005823855753988028,-0.0013232941273599863,0.00036294254823587835,2.1337787984521128e-05,0.0029166999738663435,0.0,4.0,0.00017351825954392552,0.19999742357054087
14,1.3610164882722248e-06,-4.245214272833582,0.00023910480084678778,-2.1805746403036e-05,0.0005178145474338321,1.647569831675355e-07,-15.618794441223145,0.0006508454098366201,-7.337238311767578,0.00023455460905097425,0.00023232739476952702,0.00033202613121829927,3.5900637158192694e-05,0.002572900033555925,0.0,4.0,0.00017351825954392552,0.19999742357054087
15,-1.0206669519403141e-05,-10.657790040312332,0.00015296152537893655,7.103509728446522e-06,0.0023609720460043464,1.3021140148339327e-06,-13.551521301269531,0.001512993359938264,-6.4936652183532715,0.0010648759780451655,0.00015008689661044627,0.0005363683449104428,5.969243647996336e-05,0.002618699916638434,0.0,4.0,0.00017351825954392552,0.19999742357054087
16,1.269245534101567e-06,-2.4250273546832317,0.0005504054642094628,-2.6479696590250023e-06,0.0010110799370448484,5.346335001377156e-07,-14.44168472290039,0.0011608488857746124,-6.758603572845459,0.0004562734393402934,0.00053533905884251,0.0002751568390522152,6.331616168608889e-05,0.0025314000668004155,0.0,4.0,0.00017351825954392552,0.19999742357054087
17,-3.072295621931002e-06,-3.4245511629164955,7.345385844937398e-05,2.0507409945776553e-06,0.000646188296936469,1.3844869783952163e-07,-15.792765617370605,0.0005400677327997983,-7.523816108703613,0.00029220953001640737,7.059001654852182e-05,0.0003063236945308745,4.8212688852800056e-05,0.002034100005403161,0.0,4.0,0.00017351825954392552,0.19999742357054087
18,0.00035355872547384134,1.781753886662541,0.0013927146561417527,0.0005497576239743257,0.002333327374476647,2.9599364097521175e-06,-12.730342864990234,0.0025428649969398975,-5.974463939666748,0.0010507137048989534,0.0013554197503253818,0.00014561202260665596,0.00012785116268787533,0.0025840000016614795,0.0,4.0,0.00017351825954392552,0.19999742357054087
19,5.03179879487006e-06,-15.624777749000575,4.3746605221562236e-05,-5.1060069530219394e-05,-4.109301852887347e-05,2.5512829893159505e-07,-15.181499481201172,0.00047533505130559206,-7.651490688323975,-1.5336971046053804e-05,4.4919263018528e-05,0.0006989536341279745,0.0001312040549237281,0.0025698000099509954,0.0,4.0,0.00017351825954392552,0.19999742357054087
20,-1.5887985743779307e-07,-6.515690923092032,-5.64382274990707e-06,-2.6195565027914424e-06,-0.003115924365835899,2.0423904061317444e-06,-13.10138988494873,0.001610277802683413,-6.43134880065918,-0.001400312059558928,-5.676785349351121e-06,0.00040366395842283964,4.913946213491727e-06,0.002181399962864816,0.0,4.0,0.00017351825954392552,0.19999742357054087
21,1.2170713363901016e-06,-8.467489218676977,0.00035918126217845,-8.245042332052255e-06,-0.0012879055297133246,5.652200343320146e-07,-14.386051177978516,0.0011748028919100761,-6.746654987335205,-0.0005774295423179865,0.00035055982880294323,0.00046587068936787546,2.7756390409194864e-05,0.0024759999942034483,0.0,4.0,0.00017351825954392552,0.19999742357054087
22,1.4946747097729198e-06,-6.3691898889122935,-1.4166220849507374e-05,2.3434127757024857e-07,-7.2639804372761695e-06,7.9824324927813e-08,-16.34343719482422,0.0002179627335863188,-8.43118667602539,-1.4354968698171433e-06,-1.4026280950929504e-05,0.00039901785203255713,5.984077233733842e-06,0.002865399932488799,0.0,4.0,0.00017351825954392552,0.19999742357054087
23,-1.096017551551823e-06,-10.111792472059202,2.7076314654055445e-05,-3.76519352732429e-06,0.001389289011075685,5.304243586579105e-07,-14.449588775634766,0.0009399756090715528,-6.969656467437744,0.0006275408668443561,2.7202011551707983e-05,0.0005187260685488582,5.173947283765301e-05,0.002061899984255433,0.0,4.0,0.00017351825954392552,0.19999742357054087
24,3.3554483419833106e-05,-4.588850320222331,-0.0006318598768384831,1.365521395351333e-05,-0.00015581201084364065,4.44334290250481e-07,-14.626688957214355,0.0008720953483134508,-7.044611930847168,-6.852977094240487e-05,-0.000616768142208457,0.0003428158233873546,3.0779174267081544e-05,0.0048195000272244215,0.0,4.0,0.00017351825954392552,0.19999742357054087
25,1.2239084070206286e-06,-8.456915164989447,-1.490117805671258e-05,-4.521379861778034e-06,-5.876591009278733e-05,1.0953323936746528e-07,-16.02703857421875,0.0002850588643923402,-8.16281509399414,-2.431827124382835e-05,-1.417333260178566e-05,0.00046553200809285045,2.760255847533699e-05,0.0025603000540286303,0.0,4.0,0.00017351825954392552,0.19999742357054087
26,-0.0001635569840277648,-7.012847882945537,-0.0030469280192151273,-8.649895784337143e-05,-0.0024305813821497058,1.0105688488692977e-05,-11.502411842346191,0.004276085179299116,-5.45471715927124,-0.001091838232241571,-0.0029707865323871374,0.0004194674838799983,7.453937996615423e-06,0.0026356999296694994,0.0,4.0,0.00017351825954392552,0.19999742357054087
27,1.0578547733119335e-06,-6.960568614753614,2.0551220493198888e-05,-3.4139556339575955e-06,-5.474686279530697e-06,8.769831794097627e-08,-16.24936294555664,0.000232859660172835,-8.365074157714844,-5.475858415593393e-07,1.9985145627288148e-05,0.00041779197636060417,6.861908332211897e-06,0.0026048000436276197,0.0,4.0,0.00017351825954392552,0.19999742357054087
28,8.457478511226347e-06,-6.540110784167992,7.73840133747916e-07,-7.268383792149134e-05,-3.128272271545071e-06,8.179791421980553e-08,-16.319013595581055,0.00020566119928844273,-8.489280700683594,4.494643235375406e-07,5.871297048543056e-07,0.00040443986654281616,4.809360689250752e-06,0.005343900062143803,0.0,4.0,0.00017351825954392552,0.19999742357054087
29,-2.955070941604766e-06,-9.141212379627376,0.0001330629729615862,-2.7767512567224078e-05,0.00011151592369598726,1.392420472257072e-07,-15.787052154541016,0.00044521066593006253,-7.716962814331055,5.240525570116006e-05,0.00013027703971602023,0.00048747833352535963,3.757841113838367e-05,0.00209199998062104,0.0,4.0,0.00017351825954392552,0.19999742357054087
30,-1.0332376537466881e-05,-3.3684351944227204,7.927131468390642e-05,-7.235008862112506e-05,-7.957449621505702e-05,5.458159790805439e-08,-16.723569869995117,0.00028745224699378014,-8.154454231262207,-3.43914216500707e-05,7.624629506608471e-05,0.0003045719349756837,4.905715832137503e-05,0.005548999994061887,0.0,4.0,0.00017351825954392552,0.19999742357054087
31,1.3942318360226962e-06,-4.577700240458073,-0.0004207053247057316,-2.887666792156009e-06,0.00041462698264201964,2.6336229552725854e-07,-15.149735450744629,0.0007857675082050264,-7.1488494873046875,0.00018816623196471483,-0.00041089527076110244,0.00034246768336743116,3.094432395300828e-05,0.002611899981275201,0.0,4.0,0.00017351825954392552,0.19999742357054087
32,-3.0408071033746875e-05,-0.7232869304412025,-0.00014180528283386218,-9.995868713097792e-05,-0.00016636276565759755,5.378243628229029e-08,-16.738319396972656,0.00036969417124055326,-7.902834415435791,-7.3808099841699e-05,-0.00014004370314069092,0.0002224435593234375,8.924118446884677e-05,0.0028102999785915017,0.0,4.0,0.00017351825954392552,0.19999742357054087
33,-0.00019303983110947713,-1.9002092039614267,0.0002496152804204354,0.00037270943434505584,-0.00025719830674527294,1.0768661695692572e-07,-16.04404067993164,0.0005215171840973198,-7.558768272399902,-0.00011452361650299281,0.00024192393175326288,0.00025885546347126365,7.128387369448319e-05,0.005356300040148199,0.0,4.0,0.00017351825954392552,0.19999742357054087
34,-3.7214364703130495e-05,11.750275955796049,0.0011755298466541567,0.0005901060033758739,-0.0012501134250212976,1.6708060002201819e-06,-13.302204132080078,0.0019225290743634105,-6.254113674163818,-0.0005631413660012186,0.0011407503625378013,0.0001510788279119879,0.00028619595104828477,0.002621700055897236,0.0,4.0,0.00017351825954392552,0.19999742357054087
35,4.802017581976808e-06,-3.6844320914537074,0.0006107852075172819,-4.808942489987774e-06,0.0005785242547951647,4.724606128547748e-07,-14.565311431884766,0.0010357345454394817,-6.872644424438477,0.00026179655105806887,0.0005945602315478027,0.0003144515212625265,4.430389526532963e-05,0.0027580000460147858,0.0,4.0,0.00017351825954392552,0.19999742357054087
36,0.001716329162739967,-16.226307001743955,-0.004554259077202886,-0.0005177314211940446,-0.0009028142031752724,2.012567529163789e-05,-10.81351375579834,0.005270200315862894,-5.245687007904053,-0.0004030242271255702,-0.004437924828380346,0.000718757335562259,0.00013974521425552666,0.005042699980549514,0.0,4.0,0.00017351825954392552,0.19999742357054087
37,9.880191169467355e-07,-7.3538732568335385,-0.0004954253396087131,-3.493102661430019e-06,-0.0005205136990421107,3.7987098266967223e-07,-14.78343391418457,0.0009363169665448368,-6.9735565185546875,-0.000232259975746274,-0.0004829845856875181,0.00043030717642977834,1.183759650302818e-05,0.0051367999985814095,0.0,4.0,0.00017351825954392552,0.19999742357054087
38,2.3836579201855726e-06,-8.314295619117837,-0.004043773857329765,-1.657836691299918e-05,-0.004677486873382637,2.0070394384674728e-05,-10.816265106201172,0.006288372445851564,-5.0690531730651855,-0.0021027629263699055,-0.0039423611015081406,0.0004609673924278468,2.5529705453664064e-05,0.00259869999717921,0.0,4.0,0.00017351825954392552,0.19999742357054087
39,-2.1054795083985826e-06,-7.149777628804728,0.001404568781541444,-4.515552055407057e-06,-0.0008658094804514864,2.1155424292373937e-06,-13.06619930267334,0.0019735954701900482,-6.227898120880127,-0.0003876717237289995,0.0013694538502022624,0.0004238100373186171,9.129653335548937e-06,0.002113000024110079,0.0,4.0,0.00017351825954392552,0.19999742357054087
40,4.640746069206459e-06,-6.214415554660631,-0.004124284233880045,-2.669110536051613e-06,-6.687727529353076e-05,1.6250416592811234e-05,-11.027392387390137,0.004250597208738327,-5.460695743560791,-2.8283093342906795e-05,-0.0040214331820607185,0.0003941129252780229,7.649225153727457e-06,0.002116799936629832,0.0,4.0,0.00017351825954392552,0.19999742357054087
41,1.3346672590854369e-06,-6.273745460592935,0.0018177237402139687,3.7371135669319777e-06,-0.00022935220544263192,3.2288360216625733e-06,-12.643388748168945,0.0020749091636389494,-6.17783784866333,-0.00010138852667296305,0.0017720403848215938,0.0003959927416872233,6.967512490518857e-06,0.0024741999804973602,0.0,4.0,0.00017351825954392552,0.19999742357054087
42,-8.738849870577393e-06,-5.745512618385102,0.0002672305253829468,-9.66943293568306e-06,-0.00027567775785970744,1.546665373552969e-07,-15.681994438171387,0.0005790507420897484,-7.454120635986328,-0.00012230868742335588,0.0002601642336230725,0.00037927660741843283,1.3879070138500538e-05,0.0024823000421747565,0.0,4.0,0.00017351825954392552,0.19999742357054087
43,1.3453695455173777e-05,11.843573350734493,-0.0009076949072222655,0.00012744598454895642,-0.00031014577938434705,8.657432886138849e-07,-13.959677696228027,0.0012513539986684918,-6.683528900146484,-0.0001401678891852498,-0.0008904400165192783,0.00015378363605123013,0.00028770865174010396,0.00257939996663481,0.0,4.0,0.00017351825954392552,0.19999742357054087
44,-1.0101703723140501e-05,3.3681238661643538,2.387665460442215e-05,2.147365500596814e-06,-2.5245218355950315e-05,1.69167968522288e-08,-17.89495849609375,0.0001562014513183385,-8.764364242553711,-1.0856050721486099e-05,2.0331177438492887e-05,9.750004392117262e-05,0.00015252840239554644,0.002758700051344931,0.0,4.0,0.0001562014513183385,0.19999742357054087
45,-0.00018994918392106782,-17.84762030610716,0.005905071809231079,-5.264277471742885e-06,0.0007979500891356254,3.362433926668018e-05,-10.300260543823242,0.006590657401829958,-5.022102355957031,0.0003625584940891713,0.005760288797318935,0.0007729609496891499,0.00016265999875031412,0.0024805000284686685,0.0,4.0,0.0001562014513183385,0.19999742357054087
46,3.309638597666155e-05,-5.497424522250976,-2.4476079623277204e-06,9.09477331456734e-07,-2.6628200569372274e-05,6.924805262542577e-08,-16.485570907592773,0.00020754073921125382,-8.480182647705078,-1.0270933671563398e-05,-2.840195975295501e-06,0.0003714370250236243,1.7422184100723825e-05,0.0037616000045090914,0.0,4.0,0.0001562014513183385,0.19999742357054087
47,8.849865590107184e-06,-6.280800025948384,4.399923379138776e-06,1.4317984470157306e-05,-2.135468319921044e-05,7.85941836056736e-08,-16.35896873474121,0.0002133927191607654,-8.452376365661621,-7.788661605445668e-06,4.051465111842845e-06,0.0003962155315093696,6.88967293172027e-06,0.0053882000502198935,0.0,4.0,0.0001562014513183385,0.19999742357054087
48,7.083126346021095e-06,-6.466735686151593,-7.306420539293721e-05,-3.136081832444679e-05,6.238317704043354e-06,8.59834514699287e-08,-16.26911163330078,0.0002797320485115051,-8.181678771972656,4.654169060813729e-06,-7.142501999624074e-05,0.0004021113272756338,5.194416644371813e-06,0.0026144000003114343,0.0,4.0,0.0001562014513183385,0.19999742357054087
49,1.998006361789335e-06,-3.982547339194386,0.0001459481498492302,-1.9946043713335656e-06,0.00012195168901125243,7.639293642114353e-08,-16.387374877929688,0.000379616511054337,-7.876348972320557,5.638003858621232e-05,0.00014142694999463856,0.0003237882046960294,3.9830803871154785e-05,0.005387899931520224,0.0,4.0,0.0001562014513183385,0.19999742357054087
50,-7.698089336528814e-05,-3.485712907106726,0.0013490437860332269,-0.00011118648231340097,-4.405273540213854e-06,1.7760195305527304e-06,-13.241135597229004,0.0014926190488040447,-6.507223129272461,-5.491007186719798e-07,0.0013143037213012576,0.00030824245186522603,4.728981002699584e-05,0.002076699980534613,0.0,4.0,0.0001562014513183385,0.19999742357054087
51,8.674300513244943e-07,-8.019618838092073,-0.00012279270572343348,-3.389560029748762e-06,-0.00014170347071605635,1.2025667217585578e-07,-15.933637619018555,0.0004175919748377055,-7.781005859375,-6.170180131448433e-05,-0.00011948636529268697,0.00045154517283663154,2.126245090039447e-05,0.002130800043232739,0.0,4.0,0.0001562014513183385,0.19999742357054087
52,1.651465633464209e-06,-9.417093578234509,0.0006342069661021652,-6.466317031965405e-07,-0.00010866840429791317,5.093401114208973e-07,-14.49014949798584,0.000934580632019788,-6.975412845611572,-4.6638619096484035e-05,0.0006189671694301069,0.0004963448736816645,4.1604882426327094e-05,0.0026787000242620707,0.0,4.0,0.0001562014513183385,0.19999742357054087
53,0.00017482874125402585,-10.41314955796728,-0.00020354744022400853,-0.00094018275774494,-0.00022643005745904638,1.9014905205949617e-07,-15.475457191467285,0.0005893621710129082,-7.436469554901123,-9.948979277396575e-05,-0.0001975707127712667,0.0005284718936309218,5.613143730442971e-05,0.005536099895834923,0.0,4.0,0.0001562014513183385,0.19999742357054087
54,8.115120613947855e-06,-2.7434944323631556,-3.962631582726908e-05,1.2844502270928947e-05,-3.338245006479299e-05,4.411891296740578e-08,-16.936376571655273,0.0002253255370305851,-8.397964477539062,-1.3690948435396422e-05,-3.9852944610174745e-05,0.00028507012757472694,5.8493158576311544e-05,0.005796500016003847,0.0,4.0,0.0001562014513183385,0.19999742357054087
55,2.6045119864162564e-06,-4.42982338556816,7.2407050829988e-05,-2.9513750971624037e-06,-7.249218928073054e-05,6.345435110688413e-08,-16.57294464111328,0.000286389869870618,-8.158156394958496,-3.105786527157761e-05,6.984833453316242e-05,0.00033782137325033545,3.3145963243441656e-05,0.0021685000974684954,0.0,4.0,0.0001562014513183385,0.19999742357054087
56,9.54451846587713e-07,-6.861549081699323,-0.003607113319359919,-3.3272509964892894e-06,0.0003099395909196096,1.2475362382247113e-05,-11.291754722595215,0.0038686448242515326,-5.554851055145264,0.0001413749560015276,-0.0035170146729797125,0.00041464477544650435,5.865381353942212e-06,0.0020126999588683248,0.0,4.0,0.0001562014513183385,0.19999742357054087
57,0.00380208079861384,-23.401678934853134,0.002437422854661188,-6.523549322509154e-06,-0.00021468976719644911,6.166733328427654e-06,-11.996341705322266,0.0030732944142073393,-5.78500509262085,-9.230207069776952e-05,0.0023807501420378685,0.0009607298416085541,0.00023975477961357683,0.0021852999925613403,0.0,4.0,0.0001562014513183385,0.19999742357054087
58,6.34998599200503e-05,-7.236951046724881,-0.001968443630286216,5.474333655283424e-06,-0.0016508595210490713,4.32338356404216e-06,-12.351471900939941,0.0028785632457584143,-5.8504638671875,-0.0007409320096485317,-0.0019192096078768373,0.0004265797324478626,1.0263735020998865e-05,0.0025752000510692596,0.0,4.0,0.0001562014513183385,0.19999742357054087
59,-0.0001621192647265822,-10.97413022128582,0.0005858231420101931,-6.633699325559448e-05,0.0005853153569401995,5.49581329778448e-07,-14.414109230041504,0.0011435464257374406,-6.773621082305908,0.0002658755984157324,0.0005722109344787896,0.0005466246511787176,6.429511995520443e-05,0.002570000011473894,0.0,4.0,0.0001562014513183385,0.19999742357054087
60,1.568150090144913e-05,-7.303785568751844,-0.0017173145898143043,-3.979724129617023e-06,0.0003254650025599692,2.9174034352763556e-06,-12.744816780090332,0.002042697975412011,-6.193483829498291,0.00014842339442111552,-0.0016743402229622006,0.0004287111514713615,1.1157784683746286e-05,0.002086800057440996,0.0,4.0,0.0001562014513183385,0.19999742357054087
61,3.978044508440964e-05,-10.767722858733393,0.0005823501707745408,0.0018035391563593387,0.00020181903716719323,4.798332611244405e-07,-14.549827575683594,0.0009626440005376935,-6.945827007293701,9.327250154456124e-05,0.000568794144783169,0.0005398679058998823,6.128684617578983e-05,0.0053388000233098865,0.0,4.0,0.0001562014513183385,0.19999742357054087
62,-4.6344872463979126e-07,-3.40328332480391,0.005164444989816444,-3.895068060804858e-06,0.005267125056284459,3.101668698946014e-05,-10.380985260009766,0.007583024445921183,-4.881843090057373,0.0023716280702501535,0.005034300033003092,0.00030565899214707315,4.8532958317082375e-05,0.0020800000056624413,0.0,4.0,0.0001562014513183385,0.19999742357054087
63,5.305947826333992e-06,2.689235045536391,2.2823453148115387e-05,6.42438706236642e-05,-8.86805621053561e-06,1.74328658175682e-08,-17.86490821838379,0.00015288885333575308,-8.785799026489258,-3.3956898732867558e-06,1.949916077137459e-05,0.00011804927635239437,0.000141938726301305,0.002101799938827753,0.0,4.0,0.00015288885333575308,0.19999742357054087
64,-8.051506449423077e-05,-0.7091976258158522,-0.00018456085982554248,-0.00012689097290167415,-0.00021985112686179661,7.125352396997187e-08,-16.457021713256836,0.0004353475815150887,-7.739365577697754,-9.787975432118401e-05,-0.0001817341399146244,0.00022201189131010324,8.945548324845731e-05,0.005273499991744757,0.0,4.0,0.00015288885333575308,0.19999742357054087
65,-0.00013557347034184945,-3.289999425678192,5.432967601124901e-06,-1.0315837287472139e-05,-2.1359867172718968e-05,4.6987565838207956e-08,-16.873382568359375,0.000188620004337281,-8.575776100158691,-8.205617632484064e-06,4.232247647451004e-06,0.00030212727142497897,5.023698031436652e-05,0.002592500066384673,0.0,4.0,0.00015288885333575308,0.19999742357054087
66,5.254316778755549e-07,-1.038792875753166,0.002239008275174975,2.5812046057793673e-05,-3.336768141925464e-05,4.788952082890319e-06,-12.249198913574219,0.00235355575568974,-6.051827907562256,-1.3917395335738547e-05,0.0021813393104821444,0.0002321804640814662,8.441758109256625e-05,0.002078799996525049,0.0,4.0,0.00015288885333575308,0.19999742357054087
67,0.0002287927811129883,17.957487794343184,3.350431912251381e-05,-0.0008757946962201875,-0.0001790506169510281,1.3680133292837127e-07,-15.804736137390137,0.00046583919902332127,-7.671669960021973,-8.194482506951317e-05,2.537549880798906e-05,0.00032840765197761357,0.00038863011286593974,0.002676400006748736,0.0,4.0,0.00015288885333575308,0.19999742357054087
68,6.410185864462025e-05,-26.712552903695162,-7.2281540361244175e-06,0.00038715692344079154,-2.1452718699182114e-05,6.190406907080614e-07,-14.29509449005127,0.0006869413191452622,-7.283261775970459,-4.8392475946457125e-06,-1.9581298147386406e-06,0.0010756406700238585,0.0002846472489181906,0.0026376000605523586,0.0,4.0,0.00015288885333575308,0.19999742357054087
69,1.911975253419419e-06,-0.2384556334100175,0.0006595555481837515,-3.7564625162725844e-06,0.0006598731457993594,5.26032806646981e-07,-14.457901954650879,0.0010911652352660894,-6.82050895690918,0.00029793218709528446,0.0006411458598449826,0.00020750099793076515,9.667349513620138e-05,0.0021095999982208014,0.0,4.0,0.00015288885333575308,0.19999742357054087
70,1.2227394509370729e-06,-8.089395862073653,0.00013907981598697817,-2.989372228825943e-06,-0.0001346173238836511,1.2508395741406275e-07,-15.894280433654785,0.0004323842003941536,-7.7461957931518555,-5.850321031175554e-05,0.00013585828128270805,0.00045377499191090465,2.2270385670708492e-05,0.002671999973244965,0.0,4.0,0.00015288885333575308,0.19999742357054087
71,-7.035927236930802e-06,-4.973926899969074,1.8430221443513132e-05,-3.2168248283644843e-06,-2.1817567124709775e-05,6.367196192513802e-08,-16.569520950317383,0.00021555379498749971,-8.442299842834473,-8.178873031283729e-06,1.737135426083114e-05,0.00035493369796313345,2.5073448341572657e-05,0.002625899971462786,0.0,4.0,0.00015288885333575308,0.19999742357054087
72,6.950280029461785e-07,-9.071470312515922,-0.0002953439929948582,-3.888161012962547e-06,-0.00014886642250564445,2.0521295596154232e-07,-15.39921760559082,0.000613114214502275,-7.39695930480957,-6.477667193394154e-05,-0.00028743850998580456,0.0004852374840993434,3.6560475564328954e-05,0.0025921999476850033,0.0,4.0,0.00015288885333575308,0.19999742357054087
73,0.0003186590198509504,8.322186551221522,-0.0035039168974060867,-6.759672588850037e-07,-0.0001748505264203246,1.1735411135305185e-05,-11.352899551391602,0.0036404242273420095,-5.615654945373535,-7.883090438554063e-05,-0.0034207087010145187,5.088091711513698e-05,0.00023088837042450905,0.002187300007790327,0.0,4.0,0.00015288885333575308,0.19999742357054087
74,2.2747302765780763e-05,-1.6445080337360347,-6.582982912230506e-05,0.00010644174792421863,-9.606706640895661e-05,4.039224776875017e-08,-17.024627685546875,0.00027080788277089596,-8.21410083770752,-4.2049527110066265e-05,-6.570910773007199e-05,0.00025092042051255703,7.517805352108553e-05,0.005004400038160384,0.0,4.0,0.00015288885333575308,0.19999742357054087
75,-0.00011949306461702095,-0.7439893394858764,-7.702162757222061e-05,0.0004278104284436555,3.6721246857347467e-05,3.5054565472592e-08,-17.16636085510254,0.0002504592703189701,-8.292214393615723,1.758249527483713e-05,-7.687493780395016e-05,0.0002230770915048197,8.892660116543993e-05,0.0025336999678984284,0.0,4.0,0.00015288885333575308,0.19999742357054087
76,-1.4249725742549914e-05,-6.763066698192879,-0.00014590936507426826,-5.998201799626307e-06,0.0001461077303155077,1.0952964402122234e-07,-16.027070999145508,0.00041831721318885684,-7.779270648956299,6.763685087207705e-05,-0.00014236790593713522,0.00041151727782562375,5.107627657707781e-06,0.0026760000037029386,0.0,4.0,0.00015288885333575308,0.19999742357054087
77,0.00042121003119320176,6.712882012987274,-0.003361964078468588,0.0001386873107155331,-0.003437217302157172,1.3183812370698433e-05,-11.236520767211914,0.004933902993798256,-5.311625003814697,-0.0015466857003048062,-0.003281843848526478,5.510552455234574e-06,0.0002052366326097399,0.0021291000302881002,0.0,4.0,0.00015288885333575308,0.19999742357054087
78,8.298895730517446e-05,-6.4573219818268806,-5.634379663791779e-05,0.00010574471940846548,5.9467144445122304e-05,8.45942906835262e-08,-16.285398483276367,0.00028726295568048954,-8.155112266540527,2.860578752006404e-05,-5.512542338692583e-05,0.0004018043400719762,5.25911354998243e-06,0.005764700006693602,0.0,4.0,0.00015288885333575308,0.19999742357054087
79,-3.450048983636364e-05,-11.802829915552907,-0.00182522021795739,5.955955495601916e-05,-0.0022502361731738065,4.349959453975316e-06,-12.345343589782715,0.003113257233053446,-5.772085666656494,-0.0010100040817633271,-0.0017783362418413162,0.0005735140875913203,7.631972403032705e-05,0.0021567000076174736,0.0,4.0,0.00015288885333575308,0.19999742357054087
80,-7.685091721320355e-05,11.490190870729359,-0.0005275243339576954,-4.2542007363752884e-05,0.0005237017430065748,3.753771693482122e-07,-14.795334815979004,0.0009675148176029325,-6.940779685974121,0.00023510870232712477,-0.0005196647252887487,0.00014352610742207617,0.0002819565706886351,0.002617600024677813,0.0,4.0,0.00015288885333575308,0.19999742357054087
81,7.181428286129473e-06,-0.3722913396909893,2.7896845692804948e-05,-2.896446705149018e-06,-2.704531206109643e-05,2.7633786814362793e-08,-17.404226303100586,0.00018960020679514855,-8.570592880249023,-1.1162945156684145e-05,2.531649442971684e-05,0.00021162102348171175,9.4620518211741e-05,0.0026019999058917165,0.0,4.0,0.00015288885333575308,0.19999742357054087
82,-8.875824214146677e-05,11.279588185425121,0.0003859762024734473,0.00010195002356786414,0.0003066290313389004,2.0481212459344533e-07,-15.401172637939453,0.000716487062163651,-7.241150379180908,0.0001374529820168391,0.00037106149829924107,0.00013740653230343014,0.0002785386168397963,0.0025193000910803676,0.0,4.0,0.00015288885333575308,0.19999742357054087
83,3.2191873258599435e-06,-5.761101440985837,0.0012451631718572425,-3.2767068997599216e-06,-0.0012782335532371594,1.8740106497716624e-06,-13.187429428100586,0.001983823487535119,-6.222729206085205,-0.0005734566366299987,0.0012136526638641953,0.0003797684912569821,1.3659860996995121e-05,0.005420300061814487,0.0,4.0,0.00015288885333575308,0.19999742357054087
84,-0.00012993514657459106,-5.66032809849488,-0.0009419355534356701,-8.193956854469132e-05,0.0009438911518075166,1.0970982202707091e-06,-13.7228422164917,0.0015411187196150422,-6.475246906280518,0.0004264854942448437,-0.0009187943069264293,0.00037659425288438797,1.508340301370481e-05,0.0022467999951913953,0.0,4.0,0.00015288885333575308,0.19999742357054087
85,1.3537384485351937e-05,-9.139958483396416,0.0006483401273144544,-3.646374122973776e-06,-0.0006349625567618835,6.001542942613014e-07,-14.326079368591309,0.001178680220618844,-6.7433600425720215,-0.0002835102495737374,0.0006326719885692,0.0004874361620750278,3.7559831980615854e-05,0.0026015000184997916,0.0,4.0,0.00015288885333575308,0.19999742357054087
86,5.91285229525047e-05,-9.528369884432744,-2.8690701080873932e-06,-1.3967164601576723e-06,-2.800049519088636e-05,1.2600582977029262e-07,-15.886938095092773,0.0002840487868525088,-8.166364669799805,-1.032230557029834e-05,-2.1520215796044795e-06,0.0004999205702915788,4.3228312279097736e-05,0.0020172999938949943,0.0,4.0,0.00015288885333575308,0.19999742357054087
87,5.5625345564464424e-05,9.372628517060255,-6.0890079069215735e-05,-5.995679245768369e-05,-8.976762152224161e-05,3.978423634976025e-08,-17.039794921875,0.00026947451988235116,-8.219037055969238,-4.067986810696311e-05,-6.406736792996526e-05,8.172322122845799e-05,0.00024773136829026043,0.002612499985843897,0.0,4.0,0.00015288885333575308,0.19999742357054087
88,1.3235709793461512e-06,-7.295754856725173,-8.95798510867524e-05,-2.9087629721960233e-06,9.285920217498315e-05,1.0138398209846855e-07,-16.104351043701172,0.00035080377710983157,-7.9552836418151855,4.374965647002682e-05,-8.73010721988976e-05,0.0004284563474357128,1.1049743079638574e-05,0.0025704000145196915,0.0,4.0,0.00015288885333575308,0.19999742357054087
89,4.178903258021099e-05,4.51844899241695,1.4303016681378343e-05,0.00012056770320543683,7.265765908256257e-06,1.664730220340971e-08,-17.91101837158203,0.00013099411444272846,-8.94035816192627,3.6209698919265065e-06,1.0665272384358104e-05,6.285886047407985e-05,0.00017055687203537673,0.002115400042384863,0.0,4.0,0.00013099411444272846,0.19999742357054087
90,6.777661532780796e-05,7.773116538721881,-0.0023234366750099125,-2.2863353444861223e-05,5.285760211354205e-05,5.176813374418998e-06,-12.171320915222168,0.0024217097088694572,-6.023281574249268,2.3709313609288074e-05,-0.0022695777006447315,3.474207915132865e-05,0.00022210340830497444,0.002597799990326166,0.0,4.0,0.00013099411444272846,0.19999742357054087
91,0.00031403779649478633,-23.19555069836494,-0.002477829460289084,-9.591463125858599e-05,-0.0024852698798396096,7.5405223469715565e-06,-11.795219421386719,0.0041212476789951324,-5.4915995597839355,-0.0011140925344079733,-0.002411667024716735,0.0009540639002807438,0.00023691268870607018,0.002700399956665933,0.0,4.0,0.00013099411444272846,0.19999742357054087
92,-2.2396781081861103e-05,-6.386324866473107,-0.0029001238767690225,0.00014358728385372712,-1.5123229304395896e-05,8.076543963397853e-06,-11.726546287536621,0.003035502741113305,-5.797378063201904,-4.969774181518005e-06,-0.0028278399258852005,0.00039955912507139146,5.82707025387208e-06,0.002237600041553378,0.0,4.0,0.00013099411444272846,0.19999742357054087
93,0.0001230725598712444,-14.336220595986392,-0.0006514791650060839,0.0014467343235946002,-0.0006704403829816191,7.120514169400849e-07,-14.155116081237793,0.0013165964046493173,-6.632705211639404,-0.00029873099992983043,-0.0006332858465611935,0.0006563494098372757,0.0001128096628235653,0.002623499953188002,0.0,4.0,0.00013099411444272846,0.19999742357054087
94,-3.714178674453471e-06,2.400016728017401,8.264139617617739e-06,7.906470405174986e-06,-4.645088247609732e-06,1.7518246409053972e-08,-17.860023498535156,0.00013897567987442017,-8.881211280822754,-1.4566414847649867e-06,5.386625616665697e-06,0.00012682797387242317,0.0001374368293909356,0.0053678000112995505,0.0,4.0,0.00013099411444272846,0.19999742357054087
95,0.00016685989693847883,2.5088341446746765,-0.0005000621904185185,-0.00012408461895273618,0.0005043771002708761,3.09460205016876e-07,-14.988436698913574,0.0008491759072057903,-7.071244239807129,0.00022758875275030732,-0.0004902613000012934,0.00012351872283034027,0.00013913297152612358,0.002590100048109889,0.0,4.0,0.00013099411444272846,0.19999742357054087
96,2.0009062937220304e-06,-0.34182028099115735,0.0029525662944913616,-2.2684146735937154e-06,0.002442406684650136,9.513230907032266e-06,-11.562827110290527,0.004129832144826651,-5.489518642425537,0.0011000862577930093,0.0028768605552613735,0.00021068291971459985,9.508771472610533e-05,0.0026694999542087317,0.0,4.0,0.00013099411444272846,0.19999742357054087
97,1.6146536156629006e-06,-3.7564927252005504,0.00011994646558604358,-2.762977608062468e-06,8.995011427605596e-05,6.630436644172732e-08,-16.529010772705078,0.00033792509930208325,-7.9926862716674805,4.1948129364755005e-05,0.00011601256119320169,0.00031670730095356703,4.322150198277086e-05,0.002069600042887032,0.0,4.0,0.00013099411444272846,0.19999742357054087
98,3.019904520981923e-06,-2.436260182777911,0.000420380053565274,-2.415984012006188e-05,-0.0001765561083290766,2.129819733909244e-07,-15.362058639526367,0.0006560546462424099,-7.329266548156738,-7.81612325226888e-05,0.0004085671971552074,0.00027550660888664424,6.314575875876471e-05,0.005374199943616986,0.0,4.0,0.00013099411444272846,0.19999742357054087
99,4.12831162229232e-06,-5.228016038424434,6.99256802211142e-05,1.4120403002041491e-05,-6.584349093478531e-05,7.144797109503997e-08,-16.454296112060547,0.000287743954686448,-8.15343952178955,-2.7955260520684533e-05,6.76495474181138e-05,0.00036293891025707126,2.1339375962270424e-05,0.002647800021804869,0.0,4.0,0.00013099411444272846,0.19999742357054087
100,1.7970331270250942e-05,-10.284324596264343,0.00016009676504299443,-6.552425419384698e-06,6.353706069427107e-05,1.6450491102659726e-07,-15.620325088500977,0.0004771944950334728,-7.647586345672607,3.0976989364717156e-05,0.0001569433370605111,0.0005242945626378059,5.425379640655592e-05,0.0020746999653056264,0.0,4.0,0.00013099411444272846,0.19999742357054087
