step,q1,q2,cv,q3,ch,mse,log_mse,mae,log_mae,mu_x,mu_y,sigma_x,sigma_y,xopt_runtime,xopt_error,run,best_mae,learned_d1,learned_d2,learned_d3,learned_d4,learned_d5,learned_d6,error_d1,error_d2,error_d3,error_d4,error_d5,error_d6
0,10.0,-10.0,0.0,10.0,0.0,2.664279996622554e-08,-17.440746307373047,0.00016519649943802506,-8.708374977111816,-4.810091240869951e-07,-3.472792968750582e-06,0.00013611702888738364,0.00018636837194208056,0.4432537000393495,0.0,0.0,0.00016519649943802506,0.20000001278810098,0.49999999887916996,0.17999999072245446,0.23999999271271383,0.15999998144028887,0.5199999575873553,1.278810096705385e-08,1.120830039891274e-09,9.27754553736726e-09,7.287286163393247e-09,1.855971112907362e-08,4.241264472959472e-08
1,-0.05157685925185632,-10.883198391755833,7.267527963964712e-05,1.2866858162254846,0.00011766824980692762,1.4939139703074034e-07,-15.716695785522461,0.00043986717355437577,-7.729037761688232,6.355206278385594e-05,8.08758704806678e-05,0.0005224354681558907,6.844299787189811e-05,0.0022847000509500504,0.0,0.0,0.00016519649943802506,0.20000001278810098,0.49999999887916996,0.17999999072245446,0.23999999271271383,0.15999998144028887,0.5199999575873553,1.278810096705385e-08,1.120830039891274e-09,9.27754553736726e-09,7.287286163393247e-09,1.855971112907362e-08,4.241264472959472e-08
2,-6.096916676480228e-05,10.113538913534358,1.4463410654818461e-05,2.6589759420364358e-05,-0.004655772295738657,5.906324986426625e-06,-12.0394868850708,0.0026248442009091377,-5.9427337646484375,-0.0024214419536292553,1.031055762723554e-05,0.00011857000936288387,0.0002676132717169821,0.0024826000444591045,0.0,0.0,0.00016519649943802506,0.20000001278810098,0.49999999887916996,0.17999999072245446,0.23999999271271383,0.15999998144028887,0.5199999575873553,1.278810096705385e-08,1.120830039891274e-09,9.27754553736726e-09,7.287286163393247e-09,1.855971112907362e-08,4.241264472959472e-08
3,-0.0001772354940672684,-25.77405832952704,-0.002704016074130966,-4.1660372931118716e-05,-0.00130634263507419,9.302784746978432e-06,-11.585196495056152,0.004228853154927492,-5.465824604034424,-0.0006744618294760585,-0.0028664967976510525,0.0010852403938770294,0.00029054880724288523,0.0020167999900877476,0.0,0.0,0.00016519649943802506,0.20000001278810098,0.49999999887916996,0.17999999072245446,0.23999999271271383,0.15999998144028887,0.5199999575873553,1.278810096705385e-08,1.120830039891274e-09,9.27754553736726e-09,7.287286163393247e-09,1.855971112907362e-08,4.241264472959472e-08
4,1.8274185366826763e-06,-5.9615914074180445,3.639065602421561e-05,-1.7542680196256354e-05,3.976594457447401e-05,8.017739361321219e-08,-16.33902359008789,0.00026220091967843473,-8.246399879455566,2.249058525194414e-05,3.83969018002972e-05,0.0003954014100600034,7.225422905321466e-06,0.004073400050401688,0.0,0.0,0.00016519649943802506,0.20000001278810098,0.49999999887916996,0.17999999072245446,0.23999999271271383,0.15999998144028887,0.5199999575873553,1.278810096705385e-08,1.120830039891274e-09,9.27754553736726e-09,7.287286163393247e-09,1.855971112907362e-08,4.241264472959472e-08
5,1.570341383258931e-06,-1.920870311364125,0.0001921831128596339,-2.316251113790708e-06,0.00019482274582277175,8.844897081417002e-08,-16.240840911865234,0.0004711960209533572,-7.660236358642578,0.00010253721120534465,0.00020267683430574834,0.00026245572371408343,6.950819079065695e-05,0.0020606000907719135,0.0,0.0,0.00016519649943802506,0.20000001278810098,0.49999999887916996,0.17999999072245446,0.23999999271271383,0.15999998144028887,0.5199999575873553,1.278810096705385e-08,1.120830039891274e-09,9.27754553736726e-09,7.287286163393247e-09,1.855971112907362e-08,4.241264472959472e-08
6,-0.01000514914178077,8.7615906882306,0.0014041709088576447,0.001465070656804932,0.0014272271162531942,2.793397470668424e-06,-12.788251876831055,0.0023891383316367865,-6.036822319030762,0.0007419013418257236,0.0014866606798022985,7.669988553971052e-05,0.0002444526762701571,0.0053186999866738915,0.0,0.0,0.00016519649943802506,0.20000001278810098,0.49999999887916996,0.17999999072245446,0.23999999271271383,0.15999998144028887,0.5199999575873553,1.278810096705385e-08,1.120830039891274e-09,9.27754553736726e-09,7.287286163393247e-09,1.855971112907362e-08,4.241264472959472e-08
7,4.833941551600271e-06,-1.4225484842034084,-0.0001322698164562492,-2.099244768214275e-06,-0.0001285973823452657,5.781093648238311e-08,-16.666088104248047,0.0003696067724376917,-7.90307092666626,-6.571235280716792e-05,-0.0001420382468495518,0.00024623944773338735,7.747291965642944e-05,0.0020664000185206532,0.0,0.0,0.00016519649943802506,0.20000001278810098,0.49999999887916996,0.17999999072245446,0.23999999271271383,0.15999998144028887,0.5199999575873553,1.278810096705385e-08,1.120830039891274e-09,9.27754553736726e-09,7.287286163393247e-09,1.855971112907362e-08,4.241264472959472e-08
8,-3.8490949268148596e-05,-8.525080404346019,-0.00022376049592785993,-4.559884138735504e-05,8.299204453175553e-05,1.7463376877913106e-07,-15.560574531555176,0.0005405307747423649,-7.522958755493164,4.5343836973188445e-05,-0.000237151951296255,0.0004810923710465431,3.4977696486748755e-05,0.002611299976706505,0.0,0.0,0.00016519649943802506,0.20000001278810098,0.49999999887916996,0.17999999072245446,0.23999999271271383,0.15999998144028887,0.5199999575873553,1.278810096705385e-08,1.120830039891274e-09,9.27754553736726e-09,7.287286163393247e-09,1.855971112907362e-08,4.241264472959472e-08
9,-0.00022419391684358995,-12.124990944396252,-4.55850616708324e-05,0.00014641902737306303,-4.166387459318945e-05,1.8854044014915416e-07,-15.483953475952148,0.00041247677290812135,-7.793330669403076,-1.8941911548608914e-05,-4.6918619773350656e-05,0.0006032043602317572,9.002815932035446e-05,0.005706599913537502,0.0,0.0,0.00016519649943802506,0.20000001278810098,0.49999999887916996,0.17999999072245446,0.23999999271271383,0.15999998144028887,0.5199999575873553,1.278810096705385e-08,1.120830039891274e-09,9.27754553736726e-09,7.287286163393247e-09,1.855971112907362e-08,4.241264472959472e-08
10,3.4349009271362194e-05,3.944225927583996,-7.870964848421256e-05,0.00018538679204971385,-7.618692825475729e-05,2.535759691113526e-08,-17.49018669128418,0.0002453321940265596,-8.312897682189941,-3.921396273653954e-05,-8.675377466715872e-05,7.413423736579716e-05,0.0001645946758799255,0.0025777999544516206,0.0,0.0,0.00016519649943802506,0.20000001278810098,0.49999999887916996,0.17999999072245446,0.23999999271271383,0.15999998144028887,0.5199999575873553,1.278810096705385e-08,1.120830039891274e-09,9.27754553736726e-09,7.287286163393247e-09,1.855971112907362e-08,4.241264472959472e-08
11,1.0188807240301969e-05,2.3424115872528937,9.898378919612146e-07,1.0306058990592775e-06,4.399704988498383e-06,1.7393245954622216e-08,-17.867183685302734,0.00013621851394418627,-8.901249885559082,2.9143986921553733e-06,-1.631784698474803e-06,0.0001250025670742616,0.00013834208948537707,0.002124299993738532,0.0,0.0,0.00013621851394418627,0.20000001278810098,0.49999999887916996,0.17999999072245446,0.23999999271271383,0.15999998144028887,0.5199999575873553,1.278810096705385e-08,1.120830039891274e-09,9.27754553736726e-09,7.287286163393247e-09,1.855971112907362e-08,4.241264472959472e-08
12,-0.011562966637240423,-18.76132168789721,0.0036644971402591694,-0.011768685443029185,-0.0004265286153584695,1.5576117220916785e-05,-11.069771766662598,0.004624169319868088,-5.376458644866943,-0.00021805397409480065,0.003893807530403137,0.00083537632599473,0.00018923991592600942,0.0025670999893918633,0.0,0.0,0.00013621851394418627,0.20000001278810098,0.49999999887916996,0.17999999072245446,0.23999999271271383,0.15999998144028887,0.5199999575873553,1.278810096705385e-08,1.120830039891274e-09,9.27754553736726e-09,7.287286163393247e-09,1.855971112907362e-08,4.241264472959472e-08
13,1.3011344539131528e-06,2.8816414558405152,-0.0003045974305190756,-6.326320121194476e-07,0.00019447676257204675,1.3346868854569038e-07,-15.829399108886719,0.0005554978852160275,-7.495645523071289,0.00010167909931624308,-0.0003263268154114485,0.00010782860772451386,0.00014715535508003086,0.002070699934847653,0.0,0.0,0.00013621851394418627,0.20000001278810098,0.49999999887916996,0.17999999072245446,0.23999999271271383,0.15999998144028887,0.5199999575873553,1.278810096705385e-08,1.120830039891274e-09,9.27754553736726e-09,7.287286163393247e-09,1.855971112907362e-08,4.241264472959472e-08
14,2.240687484415646e-06,2.7170995289828266,0.0012449081645960413,-1.4130658031401473e-06,-0.0012305974521750868,2.1661232949554687e-06,-13.042571067810059,0.002087397500872612,-6.171837329864502,-0.0006393365329131484,0.001319297356531024,0.00011306393571430817,0.00014446349814534187,0.002015999983996153,0.0,0.0,0.00013621851394418627,0.20000001278810098,0.49999999887916996,0.17999999072245446,0.23999999271271383,0.15999998144028887,0.5199999575873553,1.278810096705385e-08,1.120830039891274e-09,9.27754553736726e-09,7.287286163393247e-09,1.855971112907362e-08,4.241264472959472e-08
15,2.2581712649090474e-06,10.820496538846747,-7.715752638271344e-05,-3.9661580180606644e-07,-7.333197602531468e-05,5.802648317398962e-08,-16.66236686706543,0.00033580465242266655,-7.99898099899292,-3.8668214983772486e-05,-8.721058111405e-05,0.0001402357593178749,0.00027961592422798276,0.005280200042761862,0.0,0.0,0.00013621851394418627,0.20000001278810098,0.49999999887916996,0.17999999072245446,0.23999999271271383,0.15999998144028887,0.5199999575873553,1.278810096705385e-08,1.120830039891274e-09,9.27754553736726e-09,7.287286163393247e-09,1.855971112907362e-08,4.241264472959472e-08
16,-2.3729760220437985e-05,-5.582262647218634,-0.00020109224429998372,-5.132421844351519e-05,-0.0001790510304964304,1.2745442745654145e-07,-15.875507354736328,0.0005028200102970004,-7.595278263092041,-9.134942229138687e-05,-0.00021391863992903382,0.0003828132466878742,1.2290568520256784e-05,0.002444499987177551,0.0,0.0,0.00013621851394418627,0.20000001278810098,0.49999999887916996,0.17999999072245446,0.23999999271271383,0.15999998144028887,0.5199999575873553,1.278810096705385e-08,1.120830039891274e-09,9.27754553736726e-09,7.287286163393247e-09,1.855971112907362e-08,4.241264472959472e-08
17,-2.787337309279657e-06,4.097493561016092,2.1703169799505072e-05,2.3533025193610995e-05,2.3428726031082385e-05,1.6916059664140448e-08,-17.895002365112305,0.0001506093394709751,-8.800821304321289,1.2564921235025395e-05,1.9838935259031132e-05,6.929675146238878e-05,0.00016711420903448015,0.002510499907657504,0.0,0.0,0.00013621851394418627,0.20000001278810098,0.49999999887916996,0.17999999072245446,0.23999999271271383,0.15999998144028887,0.5199999575873553,1.278810096705385e-08,1.120830039891274e-09,9.27754553736726e-09,7.287286163393247e-09,1.855971112907362e-08,4.241264472959472e-08
18,-1.0294431993291735e-06,1.3388189049759625,0.00040127789623272466,3.33328402007961e-06,-0.0005064839451616138,2.6832677235688607e-07,-15.131060600280762,0.000825926719699055,-7.099004745483398,-0.00026260429876856506,0.00042377342469990253,0.0001570966123836115,0.00012200133642181754,0.002182499971240759,0.0,0.0,0.00013621851394418627,0.20000001278810098,0.49999999887916996,0.17999999072245446,0.23999999271271383,0.15999998144028887,0.5199999575873553,1.278810096705385e-08,1.120830039891274e-09,9.27754553736726e-09,7.287286163393247e-09,1.855971112907362e-08,4.241264472959472e-08
19,2.908963677843149e-06,0.5764909415647389,-4.407145447047631e-05,-1.5405763782178749e-06,-4.012534493945433e-05,2.5294179195611832e-08,-17.492691040039062,0.00021456595277413726,-8.446893692016602,-1.9990427972516045e-05,-4.896122482023202e-05,0.0001815842988435179,0.00010964427201543003,0.0020047000143676996,0.0,0.0,0.00013621851394418627,0.20000001278810098,0.49999999887916996,0.17999999072245446,0.23999999271271383,0.15999998144028887,0.5199999575873553,1.278810096705385e-08,1.120830039891274e-09,9.27754553736726e-09,7.287286163393247e-09,1.855971112907362e-08,4.241264472959472e-08
20,-0.00118703907665991,-16.951358714565675,0.0002520250099646015,-4.707238848375015e-06,-0.0001332874913978669,3.873590799230442e-07,-14.763914108276367,0.0008027182193472981,-7.127506732940674,-6.585381925106049e-05,0.00027047120966017246,0.0007702765287831426,0.00016250992484856397,0.005347800091840327,0.0,0.0,0.00013621851394418627,0.20000001278810098,0.49999999887916996,0.17999999072245446,0.23999999271271383,0.15999998144028887,0.5199999575873553,1.278810096705385e-08,1.120830039891274e-09,9.27754553736726e-09,7.287286163393247e-09,1.855971112907362e-08,4.241264472959472e-08
21,4.849273844554405e-05,-4.812684378117695,0.00023003662355074847,-6.093776791351945e-05,0.00023096524479859084,1.383507139962603e-07,-15.793474197387695,0.0005560829886235297,-7.494593143463135,0.00012174732546554878,0.00024371773179154843,0.0003573355788830668,2.3900238375063054e-05,0.005341400043107569,0.0,0.0,0.00013621851394418627,0.20000001278810098,0.49999999887916996,0.17999999072245446,0.23999999271271383,0.15999998144028887,0.5199999575873553,1.278810096705385e-08,1.120830039891274e-09,9.27754553736726e-09,7.287286163393247e-09,1.855971112907362e-08,4.241264472959472e-08
22,-0.0001448379210556681,-23.277684962526628,1.7380111897084378e-05,-5.8362256026718e-06,2.0606741916716155e-05,5.280529080664564e-07,-14.454069137573242,0.0006629748386330903,-7.31877326965332,1.5155364053498488e-05,2.297029277542606e-05,0.000994793837890029,0.0002549045311752707,0.0021189000690355897,0.0,0.0,0.00013621851394418627,0.20000001278810098,0.49999999887916996,0.17999999072245446,0.23999999271271383,0.15999998144028887,0.5199999575873553,1.278810096705385e-08,1.120830039891274e-09,9.27754553736726e-09,7.287286163393247e-09,1.855971112907362e-08,4.241264472959472e-08
23,-0.004229240850201724,-29.99998804385354,-0.0050767292495240935,-0.0007104297148052401,0.0001155593379522339,2.9835518944310024e-05,-10.419811248779297,0.006246267817914486,-5.075771331787109,6.561086775036529e-05,-0.005385135766118765,0.0012412475189194083,0.00034979559131897986,0.005319799995049834,0.0,0.0,0.00013621851394418627,0.20000001278810098,0.49999999887916996,0.17999999072245446,0.23999999271271383,0.15999998144028887,0.5199999575873553,1.278810096705385e-08,1.120830039891274e-09,9.27754553736726e-09,7.287286163393247e-09,1.855971112907362e-08,4.241264472959472e-08
24,2.2820357177427536e-05,13.278664789995656,-4.6430853205887866e-05,2.0034597641748913e-05,5.9275927709259244e-05,7.880488084310855e-08,-16.356290817260742,0.0003536358126439154,-7.947242736816406,2.9959956009406596e-05,-5.534837691811845e-05,0.00021499638387467712,0.0003216585610061884,0.002101300051435828,0.0,0.0,0.00013621851394418627,0.20000001278810098,0.49999999887916996,0.17999999072245446,0.23999999271271383,0.15999998144028887,0.5199999575873553,1.278810096705385e-08,1.120830039891274e-09,9.27754553736726e-09,7.287286163393247e-09,1.855971112907362e-08,4.241264472959472e-08
25,3.5634480982733146e-05,-8.274805323769513,5.805471186820581e-05,7.63615631131207e-05,4.930702014164252e-05,1.1681852640776924e-07,-15.962644577026367,0.00034176133340224624,-7.981398105621338,2.7790709282271564e-05,6.206460966495797e-05,0.00047267181798815727,3.114023638772778e-05,0.0025523999938741326,0.0,0.0,0.00013621851394418627,0.20000001278810098,0.49999999887916996,0.17999999072245446,0.23999999271271383,0.15999998144028887,0.5199999575873553,1.278810096705385e-08,1.120830039891274e-09,9.27754553736726e-09,7.287286163393247e-09,1.855971112907362e-08,4.241264472959472e-08
26,-3.600126761695725e-05,-22.142662450761634,-0.0003079082883757723,-2.2945003710837103e-05,-0.0009773206070288344,8.416639047936769e-07,-13.987885475158691,0.0014230050146579742,-6.5549845695495605,-0.000503945630043745,-0.0003227852866984904,0.0009540024329908192,0.0002385457482887432,0.002100100042298436,0.0,0.0,0.00013621851394418627,0.20000001278810098,0.49999999887916996,0.17999999072245446,0.23999999271271383,0.15999998144028887,0.5199999575873553,1.278810096705385e-08,1.120830039891274e-09,9.27754553736726e-09,7.287286163393247e-09,1.855971112907362e-08,4.241264472959472e-08
27,8.107335886635061e-07,4.5065859547597205,-0.0005966928845287905,-1.6570140486969215e-06,0.0006089121614187208,5.229628641245654e-07,-14.46375560760498,0.001069110119715333,-6.840928554534912,0.00031695960205979645,-0.0006370210903696716,5.6402564950985834e-05,0.00017385611135978252,0.005574699956923723,0.0,0.0,0.00013621851394418627,0.20000001278810098,0.49999999887916996,0.17999999072245446,0.23999999271271383,0.15999998144028887,0.5199999575873553,1.278810096705385e-08,1.120830039891274e-09,9.27754553736726e-09,7.287286163393247e-09,1.855971112907362e-08,4.241264472959472e-08
28,0.0001144154281292465,1.148308207009099,3.349948976958025e-05,-1.6529034851704026e-06,-1.2683421895918272e-05,2.152667555321841e-08,-17.653972625732422,0.0001801075995899737,-8.621955871582031,-5.801250608783448e-06,3.324934368720278e-05,0.00016320243594236672,0.00011891159374499694,0.002078399993479252,0.0,0.0,0.00013621851394418627,0.20000001278810098,0.49999999887916996,0.17999999072245446,0.23999999271271383,0.15999998144028887,0.5199999575873553,1.278810096705385e-08,1.120830039891274e-09,9.27754553736726e-09,7.287286163393247e-09,1.855971112907362e-08,4.241264472959472e-08
29,1.5944902579955523e-05,1.4374320181934166,-4.694175729627129e-05,7.664374040736147e-06,5.8675383580119744e-05,2.3196063736463657e-08,-17.579282760620117,0.00022229926253203303,-8.41148567199707,3.126467709080316e-05,-5.226521898293868e-05,0.0001539349468657747,0.00012360377877485007,0.00255430000834167,0.0,0.0,0.00013621851394418627,0.20000001278810098,0.49999999887916996,0.17999999072245446,0.23999999271271383,0.15999998144028887,0.5199999575873553,1.278810096705385e-08,1.120830039891274e-09,9.27754553736726e-09,7.287286163393247e-09,1.855971112907362e-08,4.241264472959472e-08
30,-9.24074517241125e-07,9.527887234575859,-6.573565821545853e-05,1.2233321130445621e-06,2.601589950552596e-06,4.384096286003114e-08,-16.942697525024414,0.000254808459430933,-8.274998664855957,9.912946552503854e-07,-7.467948307748884e-05,0.00010057147301267833,0.0002577038831077516,0.0037731999764218926,0.0,0.0,0.00013621851394418627,0.20000001278810098,0.49999999887916996,0.17999999072245446,0.23999999271271383,0.15999998144028887,0.5199999575873553,1.278810096705385e-08,1.120830039891274e-09,9.27754553736726e-09,7.287286163393247e-09,1.855971112907362e-08,4.241264472959472e-08
31,-2.3639050818294147e-06,0.3068595336655842,1.4922252761209319e-05,-1.7890357998851432e-06,1.3645240083572052e-05,2.3897188228261257e-08,-17.54950523376465,0.00016955487080849707,-8.682333946228027,8.008359145605937e-06,1.3769951692665927e-05,0.0001902680960483849,0.0001052850202540867,0.0025475999573245645,0.0,0.0,0.00013621851394418627,0.20000001278810098,0.49999999887916996,0.17999999072245446,0.23999999271271383,0.15999998144028887,0.5199999575873553,1.278810096705385e-08,1.120830039891274e-09,9.27754553736726e-09,7.287286163393247e-09,1.855971112907362e-08,4.241264472959472e-08
32,1.6109574781512579e-06,-2.6100937002416553,-3.422960074690942e-05,-2.258538377312898e-06,-3.237287957000603e-05,4.3963066076457835e-08,-16.939916610717773,0.00022481840278487653,-8.40021800994873,-1.5505876945098862e-05,-3.7571953726001084e-05,0.0002849490556400269,5.853207767358981e-05,0.002632700023241341,0.0,0.0,0.00013621851394418627,0.20000001278810098,0.49999999887916996,0.17999999072245446,0.23999999271271383,0.15999998144028887,0.5199999575873553,1.278810096705385e-08,1.120830039891274e-09,9.27754553736726e-09,7.287286163393247e-09,1.855971112907362e-08,4.241264472959472e-08
33,-0.00027511435729751327,-0.6168071470836007,-1.7307227180777983e-05,6.819941870510458e-05,4.8874285515375184e-05,2.9418227853739154e-08,-17.341651916503906,0.00020189720089547336,-8.50775146484375,2.6458350475877523e-05,-2.0184890672680922e-05,0.00022011506371200085,9.03928666957654e-05,0.005663300049491227,0.0,0.0,0.00013621851394418627,0.20000001278810098,0.49999999887916996,0.17999999072245446,0.23999999271271383,0.15999998144028887,0.5199999575873553,1.278810096705385e-08,1.120830039891274e-09,9.27754553736726e-09,7.287286163393247e-09,1.855971112907362e-08,4.241264472959472e-08
34,5.952524321555523e-06,0.7895143233036834,0.00012149989672340667,-2.5214729814794847e-05,0.00012561838633456842,4.211996795788764e-08,-16.982744216918945,0.0003368908946868032,-7.99575138092041,6.616625614697114e-05,0.000126812286907807,0.00017473235493525863,0.00011309234832879156,0.002116799936629832,0.0,0.0,0.00013621851394418627,0.20000001278810098,0.49999999887916996,0.17999999072245446,0.23999999271271383,0.15999998144028887,0.5199999575873553,1.278810096705385e-08,1.120830039891274e-09,9.27754553736726e-09,7.287286163393247e-09,1.855971112907362e-08,4.241264472959472e-08
35,0.0005044882545918539,-12.316963985458752,-0.0002414753738390007,-0.005317479361181,8.410485833875533e-05,2.5742960474417487e-07,-15.17251968383789,0.00065277807880193,-7.334273338317871,4.648723916034214e-05,-0.00025486471713520586,0.0006099066813476384,9.294559276895598e-05,0.0025553000159561634,0.0,0.0,0.00013621851394418627,0.20000001278810098,0.49999999887916996,0.17999999072245446,0.23999999271271383,0.15999998144028887,0.5199999575873553,1.278810096705385e-08,1.120830039891274e-09,9.27754553736726e-09,7.287286163393247e-09,1.855971112907362e-08,4.241264472959472e-08
36,7.138036193056105e-05,-8.154141427244683,0.0006075924469861511,7.525747396029073e-05,-0.0005898793263017073,6.198654887157318e-07,-14.293763160705566,0.0011991995852440596,-6.726100921630859,-0.00030460397829301655,0.0006456405390053988,0.0004686174215748906,2.9292657927726395e-05,0.0020389000419527292,0.0,0.0,0.00013621851394418627,0.20000001278810098,0.49999999887916996,0.17999999072245446,0.23999999271271383,0.15999998144028887,0.5199999575873553,1.278810096705385e-08,1.120830039891274e-09,9.27754553736726e-09,7.287286163393247e-09,1.855971112907362e-08,4.241264472959472e-08
37,-6.783375837504072e-07,11.84573384190181,-0.0005791859330464839,5.6767839851492195e-06,-0.0006440345760862888,5.566992058447795e-07,-14.401240348815918,0.001190563547424972,-6.733328342437744,-0.00033557083224877715,-0.0006206847028806806,0.00017152499640360475,0.0002970909990835935,0.002106600091792643,0.0,0.0,0.00013621851394418627,0.20000001278810098,0.49999999887916996,0.17999999072245446,0.23999999271271383,0.15999998144028887,0.5199999575873553,1.278810096705385e-08,1.120830039891274e-09,9.27754553736726e-09,7.287286163393247e-09,1.855971112907362e-08,4.241264472959472e-08
38,3.5189687356080857e-06,1.7078756291688242,7.84172317546104e-06,-8.034854955726538e-07,1.0107055911777697e-05,1.881426214822568e-08,-17.788650512695312,0.00014844356337562203,-8.815305709838867,5.971160135231912e-06,5.834311195940245e-06,0.00014527530584018677,0.00012800085823982954,0.00542709999717772,0.0,0.0,0.00013621851394418627,0.20000001278810098,0.49999999887916996,0.17999999072245446,0.23999999271271383,0.15999998144028887,0.5199999575873553,1.278810096705385e-08,1.120830039891274e-09,9.27754553736726e-09,7.287286163393247e-09,1.855971112907362e-08,4.241264472959472e-08
39,-0.0006857584777278088,-10.864456060126697,0.00043815502574975316,-3.6505918582994843e-06,0.0004395167404637205,4.304355059048248e-07,-14.658468246459961,0.0010130873415619135,-6.8947529792785645,0.00023108370078261942,0.0004664614680223167,0.0005602514720521867,7.08329607732594e-05,0.002053300035186112,0.0,0.0,0.00013621851394418627,0.20000001278810098,0.49999999887916996,0.17999999072245446,0.23999999271271383,0.15999998144028887,0.5199999575873553,1.278810096705385e-08,1.120830039891274e-09,9.27754553736726e-09,7.287286163393247e-09,1.855971112907362e-08,4.241264472959472e-08
40,-5.085810398870625e-07,-0.07488563957456905,1.9574419617493987e-05,-2.5503364380258546e-06,-1.1251365845079084e-05,2.581070290830212e-08,-17.472476959228516,0.00017456029308959842,-8.653240203857422,-4.883871952188201e-06,1.8823446225724183e-05,0.0002025821595452726,9.912379027809948e-05,0.002599800005555153,0.0,0.0,0.00013621851394418627,0.20000001278810098,0.49999999887916996,0.17999999072245446,0.23999999271271383,0.15999998144028887,0.5199999575873553,1.278810096705385e-08,1.120830039891274e-09,9.27754553736726e-09,7.287286163393247e-09,1.855971112907362e-08,4.241264472959472e-08
41,0.0003304234843361435,-0.2807142441832117,-0.0023376739326349907,-4.683157027593455e-05,-0.0023037046385572663,7.631910193595104e-06,-11.783172607421875,0.0038339560851454735,-5.5638580322265625,-0.001196930417791009,-0.0024845104198902845,0.00020921617397107184,9.581418271409348e-05,0.0019305999157950282,0.0,0.0,0.00013621851394418627,0.20000001278810098,0.49999999887916996,0.17999999072245446,0.23999999271271383,0.15999998144028887,0.5199999575873553,1.278810096705385e-08,1.120830039891274e-09,9.27754553736726e-09,7.287286163393247e-09,1.855971112907362e-08,4.241264472959472e-08
42,0.00074229130720674,-10.938979186123458,-0.005998183881562264,-3.6706861171073007e-06,-0.005998183869982391,5.043653800385073e-05,-9.894794464111328,0.009802737273275852,-4.625093460083008,-0.0031165098771452904,-0.0063689099624753,0.0005626793135888875,7.195562648121268e-05,0.0019497000612318516,0.0,0.0,0.00013621851394418627,0.20000001278810098,0.49999999887916996,0.17999999072245446,0.23999999271271383,0.15999998144028887,0.5199999575873553,1.278810096705385e-08,1.120830039891274e-09,9.27754553736726e-09,7.287286163393247e-09,1.855971112907362e-08,4.241264472959472e-08
43,-0.0029965464532598508,13.252344887689963,0.001538843986460571,-0.00019235615477721906,0.0015318268178253409,3.358685944476747e-06,-12.603960990905762,0.002691521542146802,-5.917648792266846,0.0007956900517456234,0.001628215773962438,0.00021415181981865317,0.0003210799186490476,0.0020103000570088625,0.0,0.0,0.00013621851394418627,0.20000001278810098,0.49999999887916996,0.17999999072245446,0.23999999271271383,0.15999998144028887,0.5199999575873553,1.278810096705385e-08,1.120830039891274e-09,9.27754553736726e-09,7.287286163393247e-09,1.855971112907362e-08,4.241264472959472e-08
44,3.0149737581736504e-05,-4.865257468674948,0.00018496646822959301,-4.79578864928026e-05,-0.0001640405547330662,1.10094930505511e-07,-16.021923065185547,0.00047059784992597997,-7.661506652832031,-8.364806126337498e-05,0.0001958685606950894,0.0003590735141187906,2.308893272129353e-05,0.005524800042621791,0.0,0.0,0.00013621851394418627,0.20000001278810098,0.49999999887916996,0.17999999072245446,0.23999999271271383,0.15999998144028887,0.5199999575873553,1.278810096705385e-08,1.120830039891274e-09,9.27754553736726e-09,7.287286163393247e-09,1.855971112907362e-08,4.241264472959472e-08
45,2.6559183103701407e-06,-3.1325344315273953,2.4051208807169313e-05,-6.148377001117334e-06,2.1619376125733752e-07,4.7480565257274066e-08,-16.862945556640625,0.0002021376567427069,-8.506561279296875,1.5154197399169789e-06,2.4474540623486973e-05,0.00030204944778233767,5.0245966122020036e-05,0.002816300024278462,0.0,0.0,0.00013621851394418627,0.20000001278810098,0.49999999887916996,0.17999999072245446,0.23999999271271383,0.15999998144028887,0.5199999575873553,1.278810096705385e-08,1.120830039891274e-09,9.27754553736726e-09,7.287286163393247e-09,1.855971112907362e-08,4.241264472959472e-08
46,9.3643140576843e-06,-14.500984369857784,1.142562128232587e-05,1.8160658762538e-05,1.543991122995744e-05,2.428141954169405e-07,-15.230969429016113,0.00043081535841338336,-7.749831199645996,1.1110290870419703e-05,1.4284585631685331e-05,0.0006849217461422086,0.00012591920676641166,0.0024860999546945095,0.0,0.0,0.00013621851394418627,0.20000001278810098,0.49999999887916996,0.17999999072245446,0.23999999271271383,0.15999998144028887,0.5199999575873553,1.278810096705385e-08,1.120830039891274e-09,9.27754553736726e-09,7.287286163393247e-09,1.855971112907362e-08,4.241264472959472e-08
47,-0.000773569825925113,7.403148225335897,-0.0007094794198700176,-0.0017699788746634003,0.0007233556511976962,7.406933377751557e-07,-14.115678787231445,0.001262153615243733,-6.674935817718506,0.0003760721010621637,-0.000757645524572581,3.494506381684914e-05,0.00022192705364432186,0.0020019999938085675,0.0,0.0,0.00013621851394418627,0.20000001278810098,0.49999999887916996,0.17999999072245446,0.23999999271271383,0.15999998144028887,0.5199999575873553,1.278810096705385e-08,1.120830039891274e-09,9.27754553736726e-09,7.287286163393247e-09,1.855971112907362e-08,4.241264472959472e-08
48,-8.457488691792755e-05,-7.041878377635277,4.910739089495886e-05,3.563951211754168e-05,5.1278373209111936e-05,9.667261480217348e-08,-16.151935577392578,0.0003028237842954695,-8.102359771728516,2.863481677195523e-05,5.221147876000032e-05,0.0004313876561354846,1.2567346857395023e-05,0.005361399962566793,0.0,0.0,0.00013621851394418627,0.20000001278810098,0.49999999887916996,0.17999999072245446,0.23999999271271383,0.15999998144028887,0.5199999575873553,1.278810096705385e-08,1.120830039891274e-09,9.27754553736726e-09,7.287286163393247e-09,1.855971112907362e-08,4.241264472959472e-08
49,3.846257352406784e-05,1.8398487632555511,-0.000766627950665731,3.732428671249943e-06,0.0008047168777049005,8.610895179117506e-07,-13.965066909790039,0.001371442573145032,-6.591892242431641,0.00041914975736290216,-0.0008166918996721506,0.00014105190348345786,0.00013014987052883953,0.0023321000626310706,0.0,0.0,0.00013621851394418627,0.20000001278810098,0.49999999887916996,0.17999999072245446,0.23999999271271383,0.15999998144028887,0.5199999575873553,1.278810096705385e-08,1.120830039891274e-09,9.27754553736726e-09,7.287286163393247e-09,1.855971112907362e-08,4.241264472959472e-08
50,1.5036356910453009e-06,-3.8536643540147524,3.677251811586035e-06,-2.8301397407293457e-06,2.047403710024642e-05,5.396048052830338e-08,-16.735013961791992,0.0001974959159269929,-8.529792785644531,1.2153301213402301e-05,3.046956180696725e-06,0.00032572433701716363,3.886696504196152e-05,0.0020873999455943704,0.0,0.0,0.00013621851394418627,0.20000001278810098,0.49999999887916996,0.17999999072245446,0.23999999271271383,0.15999998144028887,0.5199999575873553,1.278810096705385e-08,1.120830039891274e-09,9.27754553736726e-09,7.287286163393247e-09,1.855971112907362e-08,4.241264472959472e-08
51,-6.6750291799832686e-06,-6.4776569825515224,-0.0013470993531281593,1.4290023930189683e-06,-0.001336442477514832,2.6124209853151115e-06,-12.855233192443848,0.0023328738752752542,-6.060654163360596,-0.0006930624949745834,-0.001430721371434629,0.0004125672858208418,5.613063876808155e-06,0.005355500034056604,0.0,0.0,0.00013621851394418627,0.20000001278810098,0.49999999887916996,0.17999999072245446,0.23999999271271383,0.15999998144028887,0.5199999575873553,1.278810096705385e-08,1.120830039891274e-09,9.27754553736726e-09,7.287286163393247e-09,1.855971112907362e-08,4.241264472959472e-08
52,2.0058402964028102e-05,6.696466732107096,-0.001894955351804628,8.535389799483609e-05,0.0018656178696514294,5.029410658607958e-06,-12.200207710266113,0.0030984338372945786,-5.776858329772949,0.0009701448725536466,-0.002016445156186819,1.3511020370060578e-05,0.00021017697872594,0.0026650000363588333,0.0,0.0,0.00013621851394418627,0.20000001278810098,0.49999999887916996,0.17999999072245446,0.23999999271271383,0.15999998144028887,0.5199999575873553,1.278810096705385e-08,1.120830039891274e-09,9.27754553736726e-09,7.287286163393247e-09,1.855971112907362e-08,4.241264472959472e-08
53,1.4869934321931062e-06,-3.0799575492072977,0.00014319109887565563,-2.2863862330189568e-06,-0.0001167890123610701,7.271984259205055e-08,-16.4366512298584,0.0003860230790451169,-7.859613418579102,-5.933484135312028e-05,0.00015098578296601772,0.0003003265301231295,5.107841207063757e-05,0.00256609998177737,0.0,0.0,0.00013621851394418627,0.20000001278810098,0.49999999887916996,0.17999999072245446,0.23999999271271383,0.15999998144028887,0.5199999575873553,1.278810096705385e-08,1.120830039891274e-09,9.27754553736726e-09,7.287286163393247e-09,1.855971112907362e-08,4.241264472959472e-08
54,-4.4984167312736245e-05,-11.185300740188195,6.944071329732985e-05,-1.79190279244847e-05,-4.1047169522644744e-05,1.7193104895341094e-07,-15.576171875,0.00041716129635460675,-7.782037734985352,-1.8761862520477735e-05,7.497660408262163e-05,0.0005711226840503514,7.57229863665998e-05,0.0025402000173926353,0.0,0.0,0.00013621851394418627,0.20000001278810098,0.49999999887916996,0.17999999072245446,0.23999999271271383,0.15999998144028887,0.5199999575873553,1.278810096705385e-08,1.120830039891274e-09,9.27754553736726e-09,7.287286163393247e-09,1.855971112907362e-08,4.241264472959472e-08
55,8.940160822159899e-07,-4.704129945491545,-7.11846320208447e-05,2.4910169080132725e-06,-7.410951994595109e-05,7.006721602920152e-08,-16.47381019592285,0.00030278245685622096,-8.102496147155762,-3.6907262256136164e-05,-7.62101772124879e-05,0.00035375115112401545,2.5578850909369066e-05,0.005392199964262545,0.0,0.0,0.00013621851394418627,0.20000001278810098,0.49999999887916996,0.17999999072245446,0.23999999271271383,0.15999998144028887,0.5199999575873553,1.278810096705385e-08,1.120830039891274e-09,9.27754553736726e-09,7.287286163393247e-09,1.855971112907362e-08,4.241264472959472e-08
56,2.2088979556864686e-06,-2.659174592926379,0.00018912956872515138,-2.273977814279694e-06,-0.00016358655729284378,8.959490571669448e-08,-16.227968215942383,0.0004555327177513391,-7.694043159484863,-8.372995216632262e-05,0.00019964977400377393,0.0002865536662284285,5.775233876192942e-05,0.00258390000090003,0.0,0.0,0.00013621851394418627,0.20000001278810098,0.49999999887916996,0.17999999072245446,0.23999999271271383,0.15999998144028887,0.5199999575873553,1.278810096705385e-08,1.120830039891274e-09,9.27754553736726e-09,7.287286163393247e-09,1.855971112907362e-08,4.241264472959472e-08
57,1.2612709821320315e-05,2.607840534885067,-2.1663030867776905e-06,-1.4174841692631925e-06,-1.8547685085682044e-06,1.699528695553454e-08,-17.890329360961914,0.0001350480451947078,-8.909879684448242,-3.7504946703847963e-07,-5.063001481175888e-06,0.00011654244735836983,0.0001426775415893644,0.0026883999817073345,0.0,0.0,0.0001350480451947078,0.20000001278810098,0.49999999887916996,0.17999999072245446,0.23999999271271383,0.15999998144028887,0.5199999575873553,1.278810096705385e-08,1.120830039891274e-09,9.27754553736726e-09,7.287286163393247e-09,1.855971112907362e-08,4.241264472959472e-08
58,2.629846010178959e-07,-0.7013742364020353,-0.00026126229456823917,1.3343111967996616e-05,-0.0002568465276651097,1.2432573726073315e-07,-15.900361061096191,0.0005676851142197847,-7.473943710327148,-0.00013250450138002634,-0.00027924042660743,0.00022284105943981558,8.903937850845978e-05,0.0053761000744998455,0.0,0.0,0.0001350480451947078,0.20000001278810098,0.49999999887916996,0.17999999072245446,0.23999999271271383,0.15999998144028887,0.5199999575873553,1.278810096705385e-08,1.120830039891274e-09,9.27754553736726e-09,7.287286163393247e-09,1.855971112907362e-08,4.241264472959472e-08
59,-4.923093856833417e-05,1.1387266538747733,0.00028801280152673835,-5.0813316233589366e-05,-0.00019887506691312356,1.2309038766034064e-07,-15.910346984863281,0.0005472993361763656,-7.510514736175537,-0.0001026195241138339,0.0003035450354218483,0.00016351805243175477,0.0001187515226774849,0.0027957999845966697,0.0,0.0,0.0001350480451947078,0.20000001278810098,0.49999999887916996,0.17999999072245446,0.23999999271271383,0.15999998144028887,0.5199999575873553,1.278810096705385e-08,1.120830039891274e-09,9.27754553736726e-09,7.287286163393247e-09,1.855971112907362e-08,4.241264472959472e-08
60,-3.1434574022438304e-05,-0.3376589497805817,-0.0025368193631322106,0.00011082536653170846,-0.002604559360439628,9.126778422796633e-06,-11.604297637939453,0.0042023444548249245,-5.472112655639648,-0.001353366649709642,-0.0026959970127791166,0.00021107136853970587,9.489015792496502e-05,0.0024753999896347523,0.0,0.0,0.0001350480451947078,0.20000001278810098,0.49999999887916996,0.17999999072245446,0.23999999271271383,0.15999998144028887,0.5199999575873553,1.278810096705385e-08,1.120830039891274e-09,9.27754553736726e-09,7.287286163393247e-09,1.855971112907362e-08,4.241264472959472e-08
61,0.00025521377399501046,10.146996091394294,-0.004160493512450462,1.984725846366429e-05,-0.001275151604313127,2.0050791135872714e-05,-10.817241668701172,0.005280928686261177,-5.243653297424316,-0.0006635238532908261,-0.004423506557941437,0.00011960425035795197,0.00026819173945114017,0.0026709999656304717,0.0,0.0,0.0001350480451947078,0.20000001278810098,0.49999999887916996,0.17999999072245446,0.23999999271271383,0.15999998144028887,0.5199999575873553,1.278810096705385e-08,1.120830039891274e-09,9.27754553736726e-09,7.287286163393247e-09,1.855971112907362e-08,4.241264472959472e-08
62,1.394367462112614e-06,-3.384493252652539,-2.2584572885270393e-06,-2.605041420512524e-06,-2.7201238344184113e-06,4.922835472598308e-08,-16.82679557800293,0.00018170462863054127,-8.613127708435059,2.4762584871496074e-08,-3.3930195968423504e-06,0.0003103119961451739,4.6261699026217684e-05,0.0027030999772250652,0.0,0.0,0.0001350480451947078,0.20000001278810098,0.49999999887916996,0.17999999072245446,0.23999999271271383,0.15999998144028887,0.5199999575873553,1.278810096705385e-08,1.120830039891274e-09,9.27754553736726e-09,7.287286163393247e-09,1.855971112907362e-08,4.241264472959472e-08
63,3.817701930144202e-06,-4.74024853789836,0.00013632352649096854,-5.2807442230043005e-06,-0.0005899982104427576,1.772168616298586e-07,-15.545891761779785,0.0006393197691068053,-7.355105876922607,-0.0003051641397178173,0.00014417388592846692,0.0003549439716152847,2.5019588065333664e-05,0.0026913000037893653,0.0,0.0,0.0001350480451947078,0.20000001278810098,0.49999999887916996,0.17999999072245446,0.23999999271271383,0.15999998144028887,0.5199999575873553,1.278810096705385e-08,1.120830039891274e-09,9.27754553736726e-09,7.287286163393247e-09,1.855971112907362e-08,4.241264472959472e-08
64,1.6141267948978936e-05,3.2453563821052245,0.00020826680544692219,-1.6389857835146543e-06,0.0002238955690363645,7.765032705719932e-08,-16.371049880981445,0.00045984500320628285,-7.6846208572387695,0.0001169261522591114,0.00021822583221364766,9.627232066122815e-05,0.00015311376773752272,0.002737000002525747,0.0,0.0,0.0001350480451947078,0.20000001278810098,0.49999999887916996,0.17999999072245446,0.23999999271271383,0.15999998144028887,0.5199999575873553,1.278810096705385e-08,1.120830039891274e-09,9.27754553736726e-09,7.287286163393247e-09,1.855971112907362e-08,4.241264472959472e-08
65,-0.004095160457452826,-30.0,-0.00023565897234866401,0.0014236168496569667,0.0002790393938165552,9.135918048741587e-07,-13.905881881713867,0.0011901084799319506,-6.733710765838623,0.0001506198605056852,-0.00024402872077189386,0.001241104444488883,0.00034981523640453815,0.002138799987733364,0.0,0.0,0.0001350480451947078,0.20000001278810098,0.49999999887916996,0.17999999072245446,0.23999999271271383,0.15999998144028887,0.5199999575873553,1.278810096705385e-08,1.120830039891274e-09,9.27754553736726e-09,7.287286163393247e-09,1.855971112907362e-08,4.241264472959472e-08
66,8.576094912099529e-07,-4.960417488013736,0.00017077476297427626,-2.6728142478629336e-06,-0.00014574001353478099,1.0402639816220471e-07,-16.07862091064453,0.00044686486944556236,-7.713254451751709,-7.411799015244469e-05,0.00018082468886859715,0.000362219667294994,2.1624660803354345e-05,0.005676500033587217,0.0,0.0,0.0001350480451947078,0.20000001278810098,0.49999999887916996,0.17999999072245446,0.23999999271271383,0.15999998144028887,0.5199999575873553,1.278810096705385e-08,1.120830039891274e-09,9.27754553736726e-09,7.287286163393247e-09,1.855971112907362e-08,4.241264472959472e-08
67,3.3210973563651885e-05,-9.041955968404112,-8.111633164746603e-05,-0.00033999565993030945,1.118091250270671e-05,1.3255036890313932e-07,-15.836302757263184,0.0003643002128228545,-7.917532444000244,8.078369319264311e-06,-8.551702921977267e-05,0.0004985004779882729,4.2909119656542316e-05,0.002601300016976893,0.0,0.0,0.0001350480451947078,0.20000001278810098,0.49999999887916996,0.17999999072245446,0.23999999271271383,0.15999998144028887,0.5199999575873553,1.278810096705385e-08,1.120830039891274e-09,9.27754553736726e-09,7.287286163393247e-09,1.855971112907362e-08,4.241264472959472e-08
68,1.3618506435359282e-05,0.9064119506069357,0.00013190054165937936,-3.835093553299395e-06,-0.00010262134297370784,4.2982229331300914e-08,-16.962478637695312,0.0003333385684527457,-8.006351470947266,-5.253488052403554e-05,0.00013782313908450305,0.00017097451200243086,0.00011498657113406807,0.0027430999325588346,0.0,0.0,0.0001350480451947078,0.20000001278810098,0.49999999887916996,0.17999999072245446,0.23999999271271383,0.15999998144028887,0.5199999575873553,1.278810096705385e-08,1.120830039891274e-09,9.27754553736726e-09,7.287286163393247e-09,1.855971112907362e-08,4.241264472959472e-08
69,0.0004085868869167529,-21.588427397853728,-8.618479810360118e-05,0.00013036631732970353,3.942855244139995e-05,4.711129975021322e-07,-14.568167686462402,0.0006944577326066792,-7.272379398345947,2.4676730390638113e-05,-8.746235107537359e-05,0.000934113166294992,0.00023052409233059734,0.002655399963259697,0.0,0.0,0.0001350480451947078,0.20000001278810098,0.49999999887916996,0.17999999072245446,0.23999999271271383,0.15999998144028887,0.5199999575873553,1.278810096705385e-08,1.120830039891274e-09,9.27754553736726e-09,7.287286163393247e-09,1.855971112907362e-08,4.241264472959472e-08
70,-6.9475596542734245e-06,-6.53770904915271,-0.0009011347937810102,-5.5681313174892345e-06,-0.0006500618530578022,1.1149600140925031e-06,-13.70669174194336,0.001503574545495212,-6.4999098777771,-0.0003361358540132642,-0.0009570897091180086,0.00041456776671111584,6.130156180006452e-06,0.002177199930883944,0.0,0.0,0.0001350480451947078,0.20000001278810098,0.49999999887916996,0.17999999072245446,0.23999999271271383,0.15999998144028887,0.5199999575873553,1.278810096705385e-08,1.120830039891274e-09,9.27754553736726e-09,7.287286163393247e-09,1.855971112907362e-08,4.241264472959472e-08
71,1.653282545334334e-06,-4.501094572813111,-4.0336430060331234e-05,-2.536985675513538e-06,0.0006993773978323036,1.9595444200604106e-07,-15.44538402557373,0.0005966756725683808,-7.424136638641357,0.0003652765299193561,-4.350805465946905e-05,0.00034704976133070886,2.873240919143427e-05,0.00213939999230206,0.0,0.0,0.0001350480451947078,0.20000001278810098,0.49999999887916996,0.17999999072245446,0.23999999271271383,0.15999998144028887,0.5199999575873553,1.278810096705385e-08,1.120830039891274e-09,9.27754553736726e-09,7.287286163393247e-09,1.855971112907362e-08,4.241264472959472e-08
72,0.002083420132175706,-8.773092522741328,-0.0010340617440186748,-0.0008380123458124247,-0.0010298807329138836,1.609611217645579e-06,-13.339517593383789,0.0018949481891468167,-6.268563747406006,-0.0005333138979040086,-0.001097598229534924,0.0004893146106041968,3.875769834849052e-05,0.002488899976015091,0.0,0.0,0.0001350480451947078,0.20000001278810098,0.49999999887916996,0.17999999072245446,0.23999999271271383,0.15999998144028887,0.5199999575873553,1.278810096705385e-08,1.120830039891274e-09,9.27754553736726e-09,7.287286163393247e-09,1.855971112907362e-08,4.241264472959472e-08
73,5.2173022237130204e-05,-2.954435845164753,0.0007591039113094759,0.00017256389705837125,-0.0006987882155800452,8.244255695899483e-07,-14.00857925415039,0.001341683673672378,-6.613830089569092,-0.0003619924536906183,0.0008050522883422673,0.0002962083963211626,5.306944149197079e-05,0.0021068000933155417,0.0,0.0,0.0001350480451947078,0.20000001278810098,0.49999999887916996,0.17999999072245446,0.23999999271271383,0.15999998144028887,0.5199999575873553,1.278810096705385e-08,1.120830039891274e-09,9.27754553736726e-09,7.287286163393247e-09,1.855971112907362e-08,4.241264472959472e-08
74,-5.900466619280858e-05,-5.067256991527872,-0.004562494813466542,-0.0002453836369226902,0.004353081275881477,2.8680820832960308e-05,-10.459281921386719,0.007304003462195396,-4.919332504272461,0.002265284536406398,-0.0048458450473845005,0.00036576265119947493,1.9985689505119808e-05,0.005334799992851913,0.0,0.0,0.0001350480451947078,0.20000001278810098,0.49999999887916996,0.17999999072245446,0.23999999271271383,0.15999998144028887,0.5199999575873553,1.278810096705385e-08,1.120830039891274e-09,9.27754553736726e-09,7.287286163393247e-09,1.855971112907362e-08,4.241264472959472e-08
75,-0.0009498677686105025,-27.71703577793387,-0.0004083035240238585,-6.6481796024222735e-06,0.0004300499935130725,9.547048875901964e-07,-13.861863136291504,0.001393927726894617,-6.575629711151123,0.00022877435549162328,-0.00042795095941983163,0.001156437094323337,0.00031796790426597,0.005408500088378787,0.0,0.0,0.0001350480451947078,0.20000001278810098,0.49999999887916996,0.17999999072245446,0.23999999271271383,0.15999998144028887,0.5199999575873553,1.278810096705385e-08,1.120830039891274e-09,9.27754553736726e-09,7.287286163393247e-09,1.855971112907362e-08,4.241264472959472e-08
76,-6.022908658360324e-05,-8.104568952785906,0.001589941813080276,-2.624781304646539e-05,0.0008413373723868468,3.1550152925774455e-06,-12.66651725769043,0.0023762518540024757,-6.04223108291626,0.00043962144991382957,0.0016888792160898447,0.0004669653426390141,2.8536675017676316e-05,0.0024482000153511763,0.0,0.0,0.0001350480451947078,0.20000001278810098,0.49999999887916996,0.17999999072245446,0.23999999271271383,0.15999998144028887,0.5199999575873553,1.278810096705385e-08,1.120830039891274e-09,9.27754553736726e-09,7.287286163393247e-09,1.855971112907362e-08,4.241264472959472e-08
77,-1.1873457389805148e-05,4.45836218228776,-0.0026074790342549086,-8.891586709076034e-05,-8.21278227223515e-05,7.704954441578593e-06,-11.77364730834961,0.0029303201008588076,-5.832643508911133,-4.2374500480946153e-05,-0.0027724551036953926,5.7921944971894845e-05,0.00017305926303379238,0.0025958000915125012,0.0,0.0,0.0001350480451947078,0.20000001278810098,0.49999999887916996,0.17999999072245446,0.23999999271271383,0.15999998144028887,0.5199999575873553,1.278810096705385e-08,1.120830039891274e-09,9.27754553736726e-09,7.287286163393247e-09,1.855971112907362e-08,4.241264472959472e-08
78,0.00015029147898997812,9.446596581692164,-0.0002210573163027575,0.00019144381473932079,1.2824791405859121e-05,9.511563092701181e-08,-16.16817283630371,0.0004231321800034493,-7.767826080322266,6.318320629361551e-06,-0.00023960726684890687,9.807445167098194e-05,0.0002563387097325176,0.002091799979098141,0.0,0.0,0.0001350480451947078,0.20000001278810098,0.49999999887916996,0.17999999072245446,0.23999999271271383,0.15999998144028887,0.5199999575873553,1.278810096705385e-08,1.120830039891274e-09,9.27754553736726e-09,7.287286163393247e-09,1.855971112907362e-08,4.241264472959472e-08
79,6.533888343190984e-07,-10.546895864825169,1.6814607633979972e-05,-1.887504856397218e-05,1.4356310444443846e-05,1.5355855964571674e-07,-15.689184188842773,0.00033655299921520054,-7.996755123138428,9.95276241155807e-06,1.890880048449617e-05,0.0005494101787917316,6.597267929464579e-05,0.005334599991329014,0.0,0.0,0.0001350480451947078,0.20000001278810098,0.49999999887916996,0.17999999072245446,0.23999999271271383,0.15999998144028887,0.5199999575873553,1.278810096705385e-08,1.120830039891274e-09,9.27754553736726e-09,7.287286163393247e-09,1.855971112907362e-08,4.241264472959472e-08
80,-0.00013634601406785915,-4.10354029290236,1.3818842520439064e-05,0.0007079538076396891,9.280152248257529e-06,5.6601411557721804e-08,-16.687231063842773,0.00020470062736421824,-8.493962287902832,6.368491085595451e-06,1.3889990441384725e-05,0.000333938020048663,3.494629345368594e-05,0.0026163000147789717,0.0,0.0,0.0001350480451947078,0.20000001278810098,0.49999999887916996,0.17999999072245446,0.23999999271271383,0.15999998144028887,0.5199999575873553,1.278810096705385e-08,1.120830039891274e-09,9.27754553736726e-09,7.287286163393247e-09,1.855971112907362e-08,4.241264472959472e-08
81,-4.717144803322357e-06,-6.21276914048025,8.597089421585408e-05,0.00021144033962115777,6.478707367604054e-05,9.108455145678818e-08,-16.211477279663086,0.00033107417402788997,-8.013168334960938,3.553815258783288e-05,9.112368570640683e-05,0.0004037453909404576,5.079326911072712e-06,0.0023993999930098653,0.0,0.0,0.0001350480451947078,0.20000001278810098,0.49999999887916996,0.17999999072245446,0.23999999271271383,0.15999998144028887,0.5199999575873553,1.278810096705385e-08,1.120830039891274e-09,9.27754553736726e-09,7.287286163393247e-09,1.855971112907362e-08,4.241264472959472e-08
82,1.3551411982529347e-05,6.707975683228831,0.00018628096088358766,-2.782558727817557e-06,6.748128296043889e-05,6.102550287323538e-08,-16.611974716186523,0.0003410477074794471,-7.983488082885742,3.5112345358356833e-05,0.00019382864411454648,1.3845992725691758e-05,0.00021036744874436408,0.005313299945555627,0.0,0.0,0.0001350480451947078,0.20000001278810098,0.49999999887916996,0.17999999072245446,0.23999999271271383,0.15999998144028887,0.5199999575873553,1.278810096705385e-08,1.120830039891274e-09,9.27754553736726e-09,7.287286163393247e-09,1.855971112907362e-08,4.241264472959472e-08
83,4.611110609725768e-06,-2.7258938832895514,0.002656648193278542,4.033389845293888e-07,-0.002639643898070683,9.877054253593087e-06,-11.525296211242676,0.004364158492535353,-5.434329986572266,-0.0013712701620534062,0.002820173976942897,0.0002887354348786175,5.6692835642024875e-05,0.0021097999997437,0.0,0.0,0.0001350480451947078,0.20000001278810098,0.49999999887916996,0.17999999072245446,0.23999999271271383,0.15999998144028887,0.5199999575873553,1.278810096705385e-08,1.120830039891274e-09,9.27754553736726e-09,7.287286163393247e-09,1.855971112907362e-08,4.241264472959472e-08
84,1.3891301464329351e-06,-3.887017132839,-0.0009052586216746348,-2.625562040884936e-06,-0.0009062390725182028,1.200682618218707e-06,-13.632619857788086,0.0016145478002727032,-6.4287004470825195,-0.00046973268035799265,-0.0009622331708669662,0.00032682126038707793,3.834265226032585e-05,0.002095600008033216,0.0,0.0,0.0001350480451947078,0.20000001278810098,0.49999999887916996,0.17999999072245446,0.23999999271271383,0.15999998144028887,0.5199999575873553,1.278810096705385e-08,1.120830039891274e-09,9.27754553736726e-09,7.287286163393247e-09,1.855971112907362e-08,4.241264472959472e-08
85,-0.0015936954122149456,10.49173525598916,-0.00047242696428744516,-0.0025511793381679977,0.0005406419399616622,3.8164077409419406e-07,-14.778785705566406,0.000989516731351614,-6.9182939529418945,0.0002806425909511745,-0.0005068491445854306,0.00013011990813538432,0.00027393019990995526,0.0025517999893054366,0.0,0.0,0.0001350480451947078,0.20000001278810098,0.49999999887916996,0.17999999072245446,0.23999999271271383,0.15999998144028887,0.5199999575873553,1.278810096705385e-08,1.120830039891274e-09,9.27754553736726e-09,7.287286163393247e-09,1.855971112907362e-08,4.241264472959472e-08
86,0.0001567672600395302,-23.944264258247195,-2.1933422535129384e-05,-0.0002415685683035964,4.324855396577762e-05,5.550472224058467e-07,-14.404212951660156,0.0006872843368910253,-7.28276252746582,2.703443169593811e-05,-1.8605433069751598e-05,0.0010188216110691428,0.00026446738047525287,0.0024976000422611833,0.0,0.0,0.0001350480451947078,0.20000001278810098,0.49999999887916996,0.17999999072245446,0.23999999271271383,0.15999998144028887,0.5199999575873553,1.278810096705385e-08,1.120830039891274e-09,9.27754553736726e-09,7.287286163393247e-09,1.855971112907362e-08,4.241264472959472e-08
87,3.112949982925076e-06,-3.8075622456005713,-6.389645285238249e-07,-3.887803968791848e-06,1.250206052617596e-05,5.340567454936718e-08,-16.74534797668457,0.00019145160331390798,-8.56087589263916,8.001226888154633e-06,-1.5502405403822195e-06,0.000324208231177181,3.9592043322045356e-05,0.004923700005747378,0.0,0.0,0.0001350480451947078,0.20000001278810098,0.49999999887916996,0.17999999072245446,0.23999999271271383,0.15999998144028887,0.5199999575873553,1.278810096705385e-08,1.120830039891274e-09,9.27754553736726e-09,7.287286163393247e-09,1.855971112907362e-08,4.241264472959472e-08
88,0.0002844329099501559,-22.94361173796982,0.0006569461298295968,-1.0139579676376121e-05,4.142472233014216e-05,1.0077661727336817e-06,-13.807774543762207,0.0013444410869851708,-6.611776828765869,2.5927813112502918e-05,0.0007021012715995312,0.0009827233152464032,0.00025010068202391267,0.004779199953190982,0.0,0.0,0.0001350480451947078,0.20000001278810098,0.49999999887916996,0.17999999072245446,0.23999999271271383,0.15999998144028887,0.5199999575873553,1.278810096705385e-08,1.120830039891274e-09,9.27754553736726e-09,7.287286163393247e-09,1.855971112907362e-08,4.241264472959472e-08
89,1.9216065408190413e-05,10.651587196222648,1.7646626741035833e-05,-7.594748049622035e-05,1.2898863009176707e-05,4.7636422806363043e-08,-16.859668731689453,0.00022562369122169912,-8.396641731262207,6.194498382683378e-06,1.352395429421449e-05,0.00013506607501767576,0.00027674439479596913,0.0024603999918326735,0.0,0.0,0.0001350480451947078,0.20000001278810098,0.49999999887916996,0.17999999072245446,0.23999999271271383,0.15999998144028887,0.5199999575873553,1.278810096705385e-08,1.120830039891274e-09,9.27754553736726e-09,7.287286163393247e-09,1.855971112907362e-08,4.241264472959472e-08
90,-5.3342226908259995e-05,-3.5069244197836347,0.0022141360742998343,-0.001547652856022912,-0.005999998085543473,1.5299883671104908e-05,-11.087665557861328,0.005648243241012096,-5.176410675048828,-0.0031185417901724577,0.0023503585252910852,0.0003143691283185035,4.4316821004031226e-05,0.0020610999781638384,0.0,0.0,0.0001350480451947078,0.20000001278810098,0.49999999887916996,0.17999999072245446,0.23999999271271383,0.15999998144028887,0.5199999575873553,1.278810096705385e-08,1.120830039891274e-09,9.27754553736726e-09,7.287286163393247e-09,1.855971112907362e-08,4.241264472959472e-08
91,9.263087121594476e-07,-3.5794903858571994,-0.00025435253305057076,-9.134267754309004e-06,0.0003270061189217114,1.539756340207532e-07,-15.686471939086914,0.000622519466560334,-7.381735801696777,0.00017151047359220684,-0.0002710601838771254,0.00031671352917328477,4.318411447457038e-05,0.0024886000901460648,0.0,0.0,0.0001350480451947078,0.20000001278810098,0.49999999887916996,0.17999999072245446,0.23999999271271383,0.15999998144028887,0.5199999575873553,1.278810096705385e-08,1.120830039891274e-09,9.27754553736726e-09,7.287286163393247e-09,1.855971112907362e-08,4.241264472959472e-08
92,5.558955761113618e-06,-6.418263730242553,1.8071194804300925e-05,1.3851885641551092e-05,-2.28558730276285e-05,8.476892077169396e-08,-16.283336639404297,0.0002369823632761836,-8.347524642944336,-1.000617521640379e-05,1.90726150322007e-05,0.00041058839997276664,5.218740625423379e-06,0.002615399891510606,0.0,0.0,0.0001350480451947078,0.20000001278810098,0.49999999887916996,0.17999999072245446,0.23999999271271383,0.15999998144028887,0.5199999575873553,1.278810096705385e-08,1.120830039891274e-09,9.27754553736726e-09,7.287286163393247e-09,1.855971112907362e-08,4.241264472959472e-08
93,0.00010363709159747045,-11.572183237422564,0.00010710399794340011,9.021675550408128e-05,-7.180834788945946e-05,1.8847964611268253e-07,-15.484275817871094,0.00048273985157720745,-7.636032581329346,-3.4699922252912074e-05,0.00011508340685395524,0.0005842956015840173,8.161742152879015e-05,0.0025727000320330262,0.0,0.0,0.0001350480451947078,0.20000001278810098,0.49999999887916996,0.17999999072245446,0.23999999271271383,0.15999998144028887,0.5199999575873553,1.278810096705385e-08,1.120830039891274e-09,9.27754553736726e-09,7.287286163393247e-09,1.855971112907362e-08,4.241264472959472e-08
94,0.00035622575002371447,9.869411241633701,0.0003279555202309513,0.0003040453222340268,-0.00029483506768322715,1.8238260679481755e-07,-15.517159461975098,0.0006843302398920059,-7.287069797515869,-0.0001537219068268314,0.00034331728238612413,0.00011108423495898023,0.0002634979027789086,0.002651900053024292,0.0,0.0,0.0001350480451947078,0.20000001278810098,0.49999999887916996,0.17999999072245446,0.23999999271271383,0.15999998144028887,0.5199999575873553,1.278810096705385e-08,1.120830039891274e-09,9.27754553736726e-09,7.287286163393247e-09,1.855971112907362e-08,4.241264472959472e-08
95,-0.0007087351312057768,-2.3005739681127273,-0.0011201163640726136,-2.220169802649823e-06,-0.0013865086776630319,1.975939994736109e-06,-13.134466171264648,0.002079732483252883,-6.175516128540039,-0.0007197006489150226,-0.001190873677842319,0.0002748760743997991,6.344053690554574e-05,0.002768400008790195,0.0,0.0,0.0001350480451947078,0.20000001278810098,0.49999999887916996,0.17999999072245446,0.23999999271271383,0.15999998144028887,0.5199999575873553,1.278810096705385e-08,1.120830039891274e-09,9.27754553736726e-09,7.287286163393247e-09,1.855971112907362e-08,4.241264472959472e-08
96,0.00039245339447843605,-17.71814203601589,0.006,0.00023242552211453357,0.00083776172875199,4.116710624657571e-05,-10.097870826721191,0.007299706805497408,-4.919920921325684,0.0004392089322209358,0.00637506740167737,0.0007969983853399754,0.0001738621504046023,0.0026289999950677156,0.0,0.0,0.0001350480451947078,0.20000001278810098,0.49999999887916996,0.17999999072245446,0.23999999271271383,0.15999998144028887,0.5199999575873553,1.278810096705385e-08,1.120830039891274e-09,9.27754553736726e-09,7.287286163393247e-09,1.855971112907362e-08,4.241264472959472e-08
97,-1.8830111113075058e-06,-3.511326769964797,3.5871611820089008e-06,-9.373565572360551e-06,2.914046784455494e-05,5.071084885344135e-08,-16.79712677001953,0.00019882968626916409,-8.523061752319336,1.661052374402061e-05,2.851892759281327e-06,0.0003144753281958401,4.4259217247599736e-05,0.002710100030526519,0.0,0.0,0.0001350480451947078,0.20000001278810098,0.49999999887916996,0.17999999072245446,0.23999999271271383,0.15999998144028887,0.5199999575873553,1.278810096705385e-08,1.120830039891274e-09,9.27754553736726e-09,7.287286163393247e-09,1.855971112907362e-08,4.241264472959472e-08
98,-4.6540610930876145e-05,-0.992459780358217,-0.00032075420233503975,-0.0002959159669535053,0.004750836409453873,6.256198048504302e-06,-11.981938362121582,0.0029721870087087154,-5.818457126617432,0.0024715319741517305,-0.00034233235055580735,0.0002322837244719267,8.436157077085227e-05,0.002477099886164069,0.0,0.0,0.0001350480451947078,0.20000001278810098,0.49999999887916996,0.17999999072245446,0.23999999271271383,0.15999998144028887,0.5199999575873553,1.278810096705385e-08,1.120830039891274e-09,9.27754553736726e-09,7.287286163393247e-09,1.855971112907362e-08,4.241264472959472e-08
99,2.0079611578935775e-06,-15.026152452243807,0.00024906509909846595,-0.00031525951446405287,-0.00021229452014139396,3.388228151379735e-07,-14.897789001464844,0.0007924921228550375,-7.1403279304504395,-0.00010723181185312569,0.00026679987786337733,0.000703123165294528,0.00013379770098254085,0.005436599953100085,0.0,0.0,0.0001350480451947078,0.20000001278810098,0.49999999887916996,0.17999999072245446,0.23999999271271383,0.15999998144028887,0.5199999575873553,1.278810096705385e-08,1.120830039891274e-09,9.27754553736726e-09,7.287286163393247e-09,1.855971112907362e-08,4.241264472959472e-08
100,-5.24080007127918e-06,-1.1415217609333508,7.748222948755299e-05,1.549522416746432e-05,7.782510294666798e-05,3.970260564756245e-08,-17.04184913635254,0.0002817664644680917,-8.174431800842285,4.158731462666765e-05,8.063590939855203e-05,0.00023711193352937698,8.197456190828234e-05,0.002688499982468784,0.0,0.0,0.0001350480451947078,0.20000001278810098,0.49999999887916996,0.17999999072245446,0.23999999271271383,0.15999998144028887,0.5199999575873553,1.278810096705385e-08,1.120830039891274e-09,9.27754553736726e-09,7.287286163393247e-09,1.855971112907362e-08,4.241264472959472e-08
0,10.0,-10.0,0.0,10.0,0.0,2.664279996622554e-08,-17.440746307373047,0.00016519649943802506,-8.708374977111816,-4.810091240869951e-07,-3.472792968750582e-06,0.00013611702888738364,0.00018636837194208056,0.00407300004735589,0.0,1.0,0.00016519649943802506,0.20000001278810098,0.49999999887916996,0.17999999072245446,0.23999999271271383,0.15999998144028887,0.5199999575873553,1.278810096705385e-08,1.120830039891274e-09,9.27754553736726e-09,7.287286163393247e-09,1.855971112907362e-08,4.241264472959472e-08
1,0.34295648019256947,-8.498194814229013,0.00022883711396020178,0.022721183608857918,-0.00022960609689081285,1.7750613778844127e-07,-15.54426097869873,0.0006038114661350846,-7.412248611450195,-0.00011731284757843241,0.00024355963978450745,0.0004560191882774234,2.985882201755885e-05,0.0021135000279173255,0.0,1.0,0.00016519649943802506,0.20000001278810098,0.49999999887916996,0.17999999072245446,0.23999999271271383,0.15999998144028887,0.5199999575873553,1.278810096705385e-08,1.120830039891274e-09,9.27754553736726e-09,7.287286163393247e-09,1.855971112907362e-08,4.241264472959472e-08
2,0.000733565896426667,-21.470839258730184,0.006,-7.17908353895056e-05,0.000302563916523825,4.11382679885719e-05,-10.09857177734375,0.007116864435374737,-4.945288181304932,0.00016148859867826104,0.0063760229386389256,0.0009298872901126742,0.00022881859331391752,0.0028771000215783715,0.0,1.0,0.00016519649943802506,0.20000001278810098,0.49999999887916996,0.17999999072245446,0.23999999271271383,0.15999998144028887,0.5199999575873553,1.278810096705385e-08,1.120830039891274e-09,9.27754553736726e-09,7.287286163393247e-09,1.855971112907362e-08,4.241264472959472e-08
3,1.081103262339634e-06,-6.282923145104929,1.673183524672793e-05,-2.8479375464486707e-06,7.839266490649711e-06,8.280969154839113e-08,-16.306720733642578,0.00022903666831552982,-8.381628036499023,5.935549779678695e-06,1.7611429939279333e-05,0.0004060845240019262,4.894848643743899e-06,0.0025051000993698835,0.0,1.0,0.00016519649943802506,0.20000001278810098,0.49999999887916996,0.17999999072245446,0.23999999271271383,0.15999998144028887,0.5199999575873553,1.278810096705385e-08,1.120830039891274e-09,9.27754553736726e-09,7.287286163393247e-09,1.855971112907362e-08,4.241264472959472e-08
4,9.76722663873664e-07,-6.462726289028997,4.4844085118883736e-05,-2.906478685050868e-06,3.5798948983833103e-05,8.759410974334969e-08,-16.250551223754883,0.00027680472703650594,-8.192197799682617,2.0500823666225187e-05,4.7518151404801756e-05,0.000412069697631523,5.501818577613449e-06,0.0021469000494107604,0.0,1.0,0.00016519649943802506,0.20000001278810098,0.49999999887916996,0.17999999072245446,0.23999999271271383,0.15999998144028887,0.5199999575873553,1.278810096705385e-08,1.120830039891274e-09,9.27754553736726e-09,7.287286163393247e-09,1.855971112907362e-08,4.241264472959472e-08
5,1.6367773278763265e-06,-1.973401109487554,-5.201688902943816e-05,-2.181421636834558e-06,6.273835720603374e-05,4.1605595413329866e-08,-16.995031356811523,0.00025692774215713143,-8.266716003417969,3.3860840630950406e-05,-5.664815762429498e-05,0.00026416752371005714,6.866995681775734e-05,0.0020122999558225274,0.0,1.0,0.00016519649943802506,0.20000001278810098,0.49999999887916996,0.17999999072245446,0.23999999271271383,0.15999998144028887,0.5199999575873553,1.278810096705385e-08,1.120830039891274e-09,9.27754553736726e-09,7.287286163393247e-09,1.855971112907362e-08,4.241264472959472e-08
6,-0.002041930415449995,-24.28745251380002,0.0002605339341160471,0.0031443968504015736,-0.0002580238930639302,6.640994456574845e-07,-14.224833488464355,0.0010614037746563554,-6.84816312789917,-0.000129572581499815,0.00028148756246082485,0.001031300751492381,0.00026938639348372817,0.004170899977907538,0.0,1.0,0.00016519649943802506,0.20000001278810098,0.49999999887916996,0.17999999072245446,0.23999999271271383,0.15999998144028887,0.5199999575873553,1.278810096705385e-08,1.120830039891274e-09,9.27754553736726e-09,7.287286163393247e-09,1.855971112907362e-08,4.241264472959472e-08
7,0.0015146868638803031,0.45059889213970156,0.00036141437361295677,-0.0014937903841771142,0.00035843859467733503,2.0377339637889236e-07,-15.406257629394531,0.0007155793718993664,-7.242417812347412,0.00018728041322901845,0.00038168663741089404,0.00018559406453277916,0.00010763053433038294,0.0026207000482827425,0.0,1.0,0.00016519649943802506,0.20000001278810098,0.49999999887916996,0.17999999072245446,0.23999999271271383,0.15999998144028887,0.5199999575873553,1.278810096705385e-08,1.120830039891274e-09,9.27754553736726e-09,7.287286163393247e-09,1.855971112907362e-08,4.241264472959472e-08
8,-2.5691777303368745e-06,0.5648126886424781,-0.00029449393254907106,-1.35468770065849e-05,0.00032427358645725004,1.5044082601889386e-07,-15.709695816040039,0.0006301128305494785,-7.369611740112305,0.00016949867131188512,-0.00031490629771724343,0.00018196065502706915,0.00010945511166937649,0.005348299979232252,0.0,1.0,0.00016519649943802506,0.20000001278810098,0.49999999887916996,0.17999999072245446,0.23999999271271383,0.15999998144028887,0.5199999575873553,1.278810096705385e-08,1.120830039891274e-09,9.27754553736726e-09,7.287286163393247e-09,1.855971112907362e-08,4.241264472959472e-08
9,-4.544135067054388e-06,-5.275947084642838,-0.00021730600467038193,-1.6135473016641e-05,0.0002115106879435019,1.3552136124417302e-07,-15.814136505126953,0.0005376648623496294,-7.528275012969971,0.00011169815115863457,-0.00023122601851355284,0.00037266057915985584,1.6820727978483774e-05,0.005384700023569167,0.0,1.0,0.00016519649943802506,0.20000001278810098,0.49999999887916996,0.17999999072245446,0.23999999271271383,0.15999998144028887,0.5199999575873553,1.278810096705385e-08,1.120830039891274e-09,9.27754553736726e-09,7.287286163393247e-09,1.855971112907362e-08,4.241264472959472e-08
10,1.9510903371135255e-06,0.7264776840170607,7.592543911193735e-05,-1.7172224152864754e-06,6.597957847730467e-05,2.9289768832541085e-08,-17.346027374267578,0.00025800932780839503,-8.2625150680542,3.516296419547871e-05,7.843098137527704e-05,0.00017675904382485896,0.00011207172065041959,0.002138499985449016,0.0,1.0,0.00016519649943802506,0.20000001278810098,0.49999999887916996,0.17999999072245446,0.23999999271271383,0.15999998144028887,0.5199999575873553,1.278810096705385e-08,1.120830039891274e-09,9.27754553736726e-09,7.287286163393247e-09,1.855971112907362e-08,4.241264472959472e-08
11,0.0024436784930809466,-24.743101582328173,-0.00013508273458683043,0.00022365313485503272,0.0001384529456233269,6.117223279034079e-07,-14.306987762451172,0.0008769066771492362,-7.03911018371582,7.666628516744822e-05,-0.00013856170699000359,0.0010474591981619596,0.00027589817182160914,0.0026138999965041876,0.0,1.0,0.00016519649943802506,0.20000001278810098,0.49999999887916996,0.17999999072245446,0.23999999271271383,0.15999998144028887,0.5199999575873553,1.278810096705385e-08,1.120830039891274e-09,9.27754553736726e-09,7.287286163393247e-09,1.855971112907362e-08,4.241264472959472e-08
12,-1.4501925544383773e-05,-4.41075187616183,1.037703671569127e-05,-2.5637937804277023e-06,9.397039651475696e-07,5.975751093956205e-08,-16.632970809936523,0.0001995048369280994,-8.519672393798828,2.0758893697347958e-06,1.0323513379262295e-05,0.00034407098428346217,3.013988862221595e-05,0.002606900059618056,0.0,1.0,0.00016519649943802506,0.20000001278810098,0.49999999887916996,0.17999999072245446,0.23999999271271383,0.15999998144028887,0.5199999575873553,1.278810096705385e-08,1.120830039891274e-09,9.27754553736726e-09,7.287286163393247e-09,1.855971112907362e-08,4.241264472959472e-08
13,1.587743863826742e-06,-2.1196094674590897,-8.248800373210786e-05,-2.1743001921098135e-06,-9.903995151203512e-05,4.880239146132226e-08,-16.835487365722656,0.00030684482771903276,-8.089168548583984,-5.02429720654618e-05,-8.896568760974333e-05,0.00026893403264693916,6.633831071667373e-05,0.00468919996637851,0.0,1.0,0.00016519649943802506,0.20000001278810098,0.49999999887916996,0.17999999072245446,0.23999999271271383,0.15999998144028887,0.5199999575873553,1.278810096705385e-08,1.120830039891274e-09,9.27754553736726e-09,7.287286163393247e-09,1.855971112907362e-08,4.241264472959472e-08
14,-1.037784289937897e-06,-7.010320385672059,0.00017561692072990177,4.621758582176053e-06,0.0001036111296963249,1.3058647141406254e-07,-15.85123062133789,0.00046362049761228263,-7.676444053649902,5.5843211157480255e-05,0.00018655555322766304,0.0004303293244447559,1.211415474244859e-05,0.002038600039668381,0.0,1.0,0.00016519649943802506,0.20000001278810098,0.49999999887916996,0.17999999072245446,0.23999999271271383,0.15999998144028887,0.5199999575873553,1.278810096705385e-08,1.120830039891274e-09,9.27754553736726e-09,7.287286163393247e-09,1.855971112907362e-08,4.241264472959472e-08
15,0.0004781413792927647,6.372787672865641,0.0004330076543387503,0.001129727141371524,0.0004318531100710437,2.793550208934903e-07,-15.090782165527344,0.0007857440505176783,-7.148879528045654,0.00022463152708951384,0.00045596767449751496,5.476683782035252e-06,0.00020481299725361168,0.00259450008161366,0.0,1.0,0.00016519649943802506,0.20000001278810098,0.49999999887916996,0.17999999072245446,0.23999999271271383,0.15999998144028887,0.5199999575873553,1.278810096705385e-08,1.120830039891274e-09,9.27754553736726e-09,7.287286163393247e-09,1.855971112907362e-08,4.241264472959472e-08
16,1.7322222168867387e-06,-1.2005689667866999,-2.378044144516361e-05,-2.4629322244520485e-06,4.829105457599959e-05,3.3261528642469784e-08,-17.21886444091797,0.0002131541696144268,-8.453495025634766,2.6238012651447207e-05,-2.6887724743573926e-05,0.00023902874090708792,8.102811261778697e-05,0.0021029000636190176,0.0,1.0,0.00016519649943802506,0.20000001278810098,0.49999999887916996,0.17999999072245446,0.23999999271271383,0.15999998144028887,0.5199999575873553,1.278810096705385e-08,1.120830039891274e-09,9.27754553736726e-09,7.287286163393247e-09,1.855971112907362e-08,4.241264472959472e-08
17,1.657579561939708e-06,-1.7913338435323243,0.00019753820421438987,-2.1363583981257366e-06,0.00018422363781971313,8.871479195704524e-08,-16.237838745117188,0.0004702396981883794,-7.662268161773682,9.700718510430306e-05,0.0002083260187646374,0.0002582366578280926,7.157633808674291e-05,0.002140800002962351,0.0,1.0,0.00016519649943802506,0.20000001278810098,0.49999999887916996,0.17999999072245446,0.23999999271271383,0.15999998144028887,0.5199999575873553,1.278810096705385e-08,1.120830039891274e-09,9.27754553736726e-09,7.287286163393247e-09,1.855971112907362e-08,4.241264472959472e-08
18,0.00033365682512433766,-20.374336077270346,-0.0009738619023094697,-0.0011122207039437183,0.0009889352670425823,1.7499373825557996e-06,-13.25593090057373,0.002100583165884018,-6.1655402183532715,0.0005182307795621455,-0.0010304682655259967,0.0008909024763852358,0.00021286543051246554,0.002496300032362342,0.0,1.0,0.00016519649943802506,0.20000001278810098,0.49999999887916996,0.17999999072245446,0.23999999271271383,0.15999998144028887,0.5199999575873553,1.278810096705385e-08,1.120830039891274e-09,9.27754553736726e-09,7.287286163393247e-09,1.855971112907362e-08,4.241264472959472e-08
19,7.202875687921411e-05,3.7840863391288586,3.207572875328281e-05,0.00020173854694193437,-3.417899705876451e-05,1.7510679128918127e-08,-17.860454559326172,0.00016887582023628056,-8.686347007751465,-1.734759825922083e-05,3.0949082429287955e-05,7.919601193862036e-05,0.0001619622780708596,0.0024717000778764486,0.0,1.0,0.00016519649943802506,0.20000001278810098,0.49999999887916996,0.17999999072245446,0.23999999271271383,0.15999998144028887,0.5199999575873553,1.278810096705385e-08,1.120830039891274e-09,9.27754553736726e-09,7.287286163393247e-09,1.855971112907362e-08,4.241264472959472e-08
20,1.459285300338286e-06,-2.8456435961636948,-0.0010312041440377411,-2.8726999672805433e-06,-0.0010537229007725538,1.544919541629497e-06,-13.380538940429688,0.0018165871733799577,-6.310795783996582,-0.0005465740687213838,-0.0010962901869788766,0.00029265362536534667,5.47922718396876e-05,0.002547999960370362,0.0,1.0,0.00016519649943802506,0.20000001278810098,0.49999999887916996,0.17999999072245446,0.23999999271271383,0.15999998144028887,0.5199999575873553,1.278810096705385e-08,1.120830039891274e-09,9.27754553736726e-09,7.287286163393247e-09,1.855971112907362e-08,4.241264472959472e-08
21,2.0880576018084186e-05,-6.782713728790609,4.663371859572264e-05,0.00023980621699529536,-4.8623305206797876e-05,9.238557652224699e-08,-16.197294235229492,0.00028871381073258817,-8.15007495880127,-2.3352025891654193e-05,4.9510599637869745e-05,0.0004227260942570865,8.976282515504863e-06,0.0025951999705284834,0.0,1.0,0.00016519649943802506,0.20000001278810098,0.49999999887916996,0.17999999072245446,0.23999999271271383,0.15999998144028887,0.5199999575873553,1.278810096705385e-08,1.120830039891274e-09,9.27754553736726e-09,7.287286163393247e-09,1.855971112907362e-08,4.241264472959472e-08
22,0.0020133757311327064,6.023831191196924,-0.0008081384617012489,0.0004194711952765657,-0.0008315542669420187,9.49858417698124e-07,-13.866952896118164,0.0013987085549160838,-6.572206020355225,-0.00043229255243204534,-0.0008620468433946371,9.691265404399019e-06,0.00019904693181160837,0.0027314000762999058,0.0,1.0,0.00016519649943802506,0.20000001278810098,0.49999999887916996,0.17999999072245446,0.23999999271271383,0.15999998144028887,0.5199999575873553,1.278810096705385e-08,1.120830039891274e-09,9.27754553736726e-09,7.287286163393247e-09,1.855971112907362e-08,4.241264472959472e-08
23,1.4613175967496512e-05,2.686907981450721,-0.0005400262067321595,4.011868907494306e-05,-0.0005573651715179426,4.326462885728688e-07,-14.653345108032227,0.0009945433121174574,-6.913227081298828,-0.00028925150400027633,-0.0005762944929301739,0.00011402393283788115,0.0001439705811208114,0.0063183000311255455,0.0,1.0,0.00016519649943802506,0.20000001278810098,0.49999999887916996,0.17999999072245446,0.23999999271271383,0.15999998144028887,0.5199999575873553,1.278810096705385e-08,1.120830039891274e-09,9.27754553736726e-09,7.287286163393247e-09,1.855971112907362e-08,4.241264472959472e-08
24,0.00369083262614045,-16.68814862524757,0.00018452833652950657,-0.0030978727625349985,0.00020852549994059528,3.539435056154616e-07,-14.85412883758545,0.0007702185539528728,-7.1688361167907715,0.00011184730828972533,0.00019870199321303517,0.0007607595762237906,0.0001585788413649425,0.0019857999868690968,0.0,1.0,0.00016519649943802506,0.20000001278810098,0.49999999887916996,0.17999999072245446,0.23999999271271383,0.15999998144028887,0.5199999575873553,1.278810096705385e-08,1.120830039891274e-09,9.27754553736726e-09,7.287286163393247e-09,1.855971112907362e-08,4.241264472959472e-08
25,2.8356290027173187e-06,-2.6445315184881624,-0.0003439768270373854,1.1470454282329398e-06,-0.00036911937539150364,2.132644851826626e-07,-15.360733032226562,0.0007291524671018124,-7.22362756729126,-0.00019060910562984645,-0.00036651347181759775,0.00028607482090592384,5.7984976592706516e-05,0.002613999997265637,0.0,1.0,0.00016519649943802506,0.20000001278810098,0.49999999887916996,0.17999999072245446,0.23999999271271383,0.15999998144028887,0.5199999575873553,1.278810096705385e-08,1.120830039891274e-09,9.27754553736726e-09,7.287286163393247e-09,1.855971112907362e-08,4.241264472959472e-08
26,0.0036675916057677936,-28.499966090910835,-0.0004418909298044717,0.0006812920866108812,0.00045442316401435144,1.0289555802955874e-06,-13.786966323852539,0.0014618260320276022,-6.528069019317627,0.00024157222651410848,-0.00046342751011252403,0.0011846665292978287,0.00032898614881560206,0.0026184000307694077,0.0,1.0,0.00016519649943802506,0.20000001278810098,0.49999999887916996,0.17999999072245446,0.23999999271271383,0.15999998144028887,0.5199999575873553,1.278810096705385e-08,1.120830039891274e-09,9.27754553736726e-09,7.287286163393247e-09,1.855971112907362e-08,4.241264472959472e-08
27,1.4505132335890116e-06,-3.6701205698062394,0.0006229513654639433,-2.412170331452023e-06,-0.0005941134732633009,5.829789415656705e-07,-14.355114936828613,0.0011488446034491062,-6.768998622894287,-0.00030745865660719573,0.0006606627721339464,0.0003196906764060259,4.1755727579584345e-05,0.00489949993789196,0.0,1.0,0.00016519649943802506,0.20000001278810098,0.49999999887916996,0.17999999072245446,0.23999999271271383,0.15999998144028887,0.5199999575873553,1.278810096705385e-08,1.120830039891274e-09,9.27754553736726e-09,7.287286163393247e-09,1.855971112907362e-08,4.241264472959472e-08
28,4.7804695522421285e-06,3.9518474080052006,1.1604676260022904e-06,4.806727603749499e-06,-1.6657485964438202e-05,1.6368197464089462e-08,-17.92792510986328,0.00012950024392921478,-8.951828002929688,-8.259692549472675e-06,-1.9335402612341568e-06,7.389695383608341e-05,0.00016471707203891128,0.0025637999642640352,0.0,1.0,0.00012950024392921478,0.20000001278810098,0.49999999887916996,0.17999999072245446,0.23999999271271383,0.15999998144028887,0.5199999575873553,1.278810096705385e-08,1.120830039891274e-09,9.27754553736726e-09,7.287286163393247e-09,1.855971112907362e-08,4.241264472959472e-08
29,2.7753733620469827e-06,3.506807236261096,1.9845380545518225e-06,6.19015739891201e-07,-8.498394815990577e-06,1.6274652736569806e-08,-17.933656692504883,0.0001275714603252709,-8.96683406829834,-3.95510278394795e-06,-9.244527063856367e-07,8.798099588602781e-05,0.00015740284288767725,0.0028170000296086073,0.0,1.0,0.0001275714603252709,0.20000001278810098,0.49999999887916996,0.17999999072245446,0.23999999271271383,0.15999998144028887,0.5199999575873553,1.278810096705385e-08,1.120830039891274e-09,9.27754553736726e-09,7.287286163393247e-09,1.855971112907362e-08,4.241264472959472e-08
30,3.1777695682434953e-06,2.5831183725343463,-4.9348664757372584e-05,-1.4213887467429234e-06,-5.9831890899323095e-05,2.09784740690111e-08,-17.67976951599121,0.00021548473159782588,-8.442620277404785,-3.051969179068692e-05,-5.516326200449839e-05,0.00011733032442862168,0.00014227323117665946,0.002470899955369532,0.0,1.0,0.0001275714603252709,0.20000001278810098,0.49999999887916996,0.17999999072245446,0.23999999271271383,0.15999998144028887,0.5199999575873553,1.278810096705385e-08,1.120830039891274e-09,9.27754553736726e-09,7.287286163393247e-09,1.855971112907362e-08,4.241264472959472e-08
31,1.8401900872577374e-06,-0.22759024266356928,-5.499754690028767e-05,-1.8783084702404124e-06,-5.6998847792036036e-05,3.066315201749603e-08,-17.300203323364258,0.0002410663291811943,-8.330438613891602,-2.8650931199081242e-05,-6.0326878156047314e-05,0.00020751438569277525,9.666267578722909e-05,0.0025910999393090606,0.0,1.0,0.0001275714603252709,0.20000001278810098,0.49999999887916996,0.17999999072245446,0.23999999271271383,0.15999998144028887,0.5199999575873553,1.278810096705385e-08,1.120830039891274e-09,9.27754553736726e-09,7.287286163393247e-09,1.855971112907362e-08,4.241264472959472e-08
32,2.1814743990134646e-06,2.787513461098513,1.2598606706756046e-05,-1.390014236921255e-06,2.1409466122099848e-06,1.6857155671345936e-08,-17.89849090576172,0.00014046022261027247,-8.870586395263672,1.6776232314441586e-06,1.0563537216512486e-05,0.0001108229553210549,0.0001456151803722605,0.002110400004312396,0.0,1.0,0.0001275714603252709,0.20000001278810098,0.49999999887916996,0.17999999072245446,0.23999999271271383,0.15999998144028887,0.5199999575873553,1.278810096705385e-08,1.120830039891274e-09,9.27754553736726e-09,7.287286163393247e-09,1.855971112907362e-08,4.241264472959472e-08
33,6.769128155046866e-05,11.931850611729082,0.0001258693163014282,-4.044833995349683e-05,0.0003303510678613396,1.0540723849317146e-07,-16.0654354095459,0.0005355111206881702,-7.532289028167725,0.00017109818872995675,0.00012805697042495012,0.00017414729518350214,0.00029856464243493974,0.0022219999227672815,0.0,1.0,0.0001275714603252709,0.20000001278810098,0.49999999887916996,0.17999999072245446,0.23999999271271383,0.15999998144028887,0.5199999575873553,1.278810096705385e-08,1.120830039891274e-09,9.27754553736726e-09,7.287286163393247e-09,1.855971112907362e-08,4.241264472959472e-08
34,1.9651837295908607e-05,-2.383220124689902,2.5259386497741147e-05,0.00016249062197998891,1.4704733983149414e-05,4.117501717360028e-08,-17.005434036254883,0.00020431789744179696,-8.495833396911621,8.941959094954655e-06,2.5539184207445942e-05,0.0002775320899672806,6.214142922544852e-05,0.0020329999970272183,0.0,1.0,0.0001275714603252709,0.20000001278810098,0.49999999887916996,0.17999999072245446,0.23999999271271383,0.15999998144028887,0.5199999575873553,1.278810096705385e-08,1.120830039891274e-09,9.27754553736726e-09,7.287286163393247e-09,1.855971112907362e-08,4.241264472959472e-08
35,0.0001910545957149363,-7.7649505287924745,3.696046704643775e-05,0.0002856225976733901,2.7606374176393147e-05,1.058672012277384e-07,-16.061080932617188,0.000295399921014905,-8.127180099487305,1.6431313270004466e-05,3.9517730328952894e-05,0.00045555003453046083,2.3351720301434398e-05,0.002449599909596145,0.0,1.0,0.0001275714603252709,0.20000001278810098,0.49999999887916996,0.17999999072245446,0.23999999271271383,0.15999998144028887,0.5199999575873553,1.278810096705385e-08,1.120830039891274e-09,9.27754553736726e-09,7.287286163393247e-09,1.855971112907362e-08,4.241264472959472e-08
36,4.264995504798055e-06,1.968289809512784,0.0003996179212916552,-1.310134069671888e-05,-0.00039924724181778203,2.3887545808065624e-07,-15.247323989868164,0.0007633465575054288,-7.177798271179199,-0.0002069296024274081,0.0004218227695673704,0.00013694760855287313,0.0001322407479165122,0.002638299949467182,0.0,1.0,0.0001275714603252709,0.20000001278810098,0.49999999887916996,0.17999999072245446,0.23999999271271383,0.15999998144028887,0.5199999575873553,1.278810096705385e-08,1.120830039891274e-09,9.27754553736726e-09,7.287286163393247e-09,1.855971112907362e-08,4.241264472959472e-08
37,9.142039230113871e-07,-2.892024801671124,7.554850631914448e-05,-1.6030490897934717e-06,-7.844630145604472e-05,5.253975388086474e-08,-16.761695861816406,0.00029263243777677417,-8.136592864990234,-3.942361945519224e-05,7.909462146926671e-05,0.00029417176847346127,5.405661431723274e-05,0.004997999989427626,0.0,1.0,0.0001275714603252709,0.20000001278810098,0.49999999887916996,0.17999999072245446,0.23999999271271383,0.15999998144028887,0.5199999575873553,1.278810096705385e-08,1.120830039891274e-09,9.27754553736726e-09,7.287286163393247e-09,1.855971112907362e-08,4.241264472959472e-08
38,0.00010340014858040263,8.501135237149592,5.114453342049589e-05,-1.1795397822106778e-06,6.857968753864128e-05,3.500247913734711e-08,-17.1678466796875,0.00023985863663256168,-8.335460662841797,3.54389485437423e-05,4.9764057621359825e-05,6.891338853165507e-05,0.00024039787240326405,0.00258089997805655,0.0,1.0,0.0001275714603252709,0.20000001278810098,0.49999999887916996,0.17999999072245446,0.23999999271271383,0.15999998144028887,0.5199999575873553,1.278810096705385e-08,1.120830039891274e-09,9.27754553736726e-09,7.287286163393247e-09,1.855971112907362e-08,4.241264472959472e-08
39,0.00023455876761904534,-16.0845491956542,0.004275649506517939,-0.009441013891636518,-0.004289945520720101,2.58783002209384e-05,-10.562106132507324,0.007214581593871117,-4.9316511154174805,-0.002227447461336851,0.00454220175743103,0.0007402571500279009,0.00014960760017856956,0.0027073000092059374,0.0,1.0,0.0001275714603252709,0.20000001278810098,0.49999999887916996,0.17999999072245446,0.23999999271271383,0.15999998144028887,0.5199999575873553,1.278810096705385e-08,1.120830039891274e-09,9.27754553736726e-09,7.287286163393247e-09,1.855971112907362e-08,4.241264472959472e-08
40,-0.000398319638361187,-29.99999597970502,-3.644633316279315e-06,-7.0720715619181076e-06,8.528013393335484e-06,8.309963277497445e-07,-14.000640869140625,0.0008076151134446263,-7.121425151824951,9.952371328836307e-06,2.3802913347026333e-06,0.0012407231843098998,0.0003498417208902538,0.0054021000396460295,0.0,1.0,0.0001275714603252709,0.20000001278810098,0.49999999887916996,0.17999999072245446,0.23999999271271383,0.15999998144028887,0.5199999575873553,1.278810096705385e-08,1.120830039891274e-09,9.27754553736726e-09,7.287286163393247e-09,1.855971112907362e-08,4.241264472959472e-08
41,3.9599777434658915e-06,5.205209178651063,0.00014987767417325097,8.565038767372559e-06,-0.00015938750720287693,4.8833022958660877e-08,-16.83485984802246,0.00034823367604985833,-7.962636947631836,-8.265279757324606e-05,0.0001556254574097693,3.450965596130118e-05,0.00018540117889642715,0.005467599956318736,0.0,1.0,0.0001275714603252709,0.20000001278810098,0.49999999887916996,0.17999999072245446,0.23999999271271383,0.15999998144028887,0.5199999575873553,1.278810096705385e-08,1.120830039891274e-09,9.27754553736726e-09,7.287286163393247e-09,1.855971112907362e-08,4.241264472959472e-08
42,3.3454823953078104e-05,-14.606573910009667,2.189607678735827e-05,-6.011058588381741e-05,-1.802245424129022e-05,2.4588337055320153e-07,-15.218408584594727,0.0004397476732265204,-7.729309558868408,-6.274119186855387e-06,2.5433211703784764e-05,0.0006885759648866951,0.00012750469613820314,0.002098300028592348,0.0,1.0,0.0001275714603252709,0.20000001278810098,0.49999999887916996,0.17999999072245446,0.23999999271271383,0.15999998144028887,0.5199999575873553,1.278810096705385e-08,1.120830039891274e-09,9.27754553736726e-09,7.287286163393247e-09,1.855971112907362e-08,4.241264472959472e-08
43,-1.0198368622955819e-05,-4.228995430519716,-4.1181299368661904e-05,-3.7388869002119325e-06,-7.113732684175506e-05,6.09269434903581e-08,-16.613590240478516,0.0002654440177138895,-8.23410701751709,-3.54304320353549e-05,-4.44840406998992e-05,0.00033807981526479125,3.297926741652191e-05,0.0024754999903962016,0.0,1.0,0.0001275714603252709,0.20000001278810098,0.49999999887916996,0.17999999072245446,0.23999999271271383,0.15999998144028887,0.5199999575873553,1.278810096705385e-08,1.120830039891274e-09,9.27754553736726e-09,7.287286163393247e-09,1.855971112907362e-08,4.241264472959472e-08
44,1.4461727723168432e-05,-13.179730694322357,0.001994824716874675,-3.313831971599667e-06,-0.001996129329199115,5.777079877589131e-06,-12.061612129211426,0.003528079716488719,-5.64700174331665,-0.0010351053206250072,0.002120289485901594,0.000639360339846462,0.00010600938549032435,0.002662000013515353,0.0,1.0,0.0001275714603252709,0.20000001278810098,0.49999999887916996,0.17999999072245446,0.23999999271271383,0.15999998144028887,0.5199999575873553,1.278810096705385e-08,1.120830039891274e-09,9.27754553736726e-09,7.287286163393247e-09,1.855971112907362e-08,4.241264472959472e-08
45,2.567577667049986e-06,3.017405643321414,4.021503831834359e-06,4.214161699544027e-06,-3.6953862307579493e-06,1.651816461389899e-08,-17.918806076049805,0.00012922033783979714,-8.953991889953613,-1.389355247738422e-06,1.3857468275091378e-06,0.00010351232049288228,0.00014937813102733344,0.0021111000096425414,0.0,1.0,0.0001275714603252709,0.20000001278810098,0.49999999887916996,0.17999999072245446,0.23999999271271383,0.15999998144028887,0.5199999575873553,1.278810096705385e-08,1.120830039891274e-09,9.27754553736726e-09,7.287286163393247e-09,1.855971112907362e-08,4.241264472959472e-08
46,-9.32693011676062e-06,4.578648853672349,0.0007381895635901792,1.9504315573252563e-05,0.0007328482468422754,7.715894412285706e-07,-14.074812889099121,0.0012765895808115602,-6.663563251495361,0.00038139638490974903,0.0007806026260368526,5.413591134129092e-05,0.00017504511924926192,0.0025761000579223037,0.0,1.0,0.0001275714603252709,0.20000001278810098,0.49999999887916996,0.17999999072245446,0.23999999271271383,0.15999998144028887,0.5199999575873553,1.278810096705385e-08,1.120830039891274e-09,9.27754553736726e-09,7.287286163393247e-09,1.855971112907362e-08,4.241264472959472e-08
47,-1.0555038642884166e-06,0.7520188425455318,-4.388323613610092e-07,-3.835392314094265e-06,1.9535051919381325e-06,2.1814161144106947e-08,-17.64070701599121,0.00014875276247039437,-8.813224792480469,1.8658081444300478e-06,-2.6754325972433435e-06,0.000175937864696607,0.00011248516966588795,0.003065599943511188,0.0,1.0,0.0001275714603252709,0.20000001278810098,0.49999999887916996,0.17999999072245446,0.23999999271271383,0.15999998144028887,0.5199999575873553,1.278810096705385e-08,1.120830039891274e-09,9.27754553736726e-09,7.287286163393247e-09,1.855971112907362e-08,4.241264472959472e-08
48,1.075807309740099e-06,-3.082748286282988,-1.7107508710437396e-05,-2.4138783239854658e-06,-4.652710181638449e-05,4.731807479174677e-08,-16.86637306213379,0.00021777485380880535,-8.432048797607422,-2.279824548168108e-05,-1.9250506738899276e-05,0.000300418003462255,5.1034210628131405e-05,0.002579999971203506,0.0,1.0,0.0001275714603252709,0.20000001278810098,0.49999999887916996,0.17999999072245446,0.23999999271271383,0.15999998144028887,0.5199999575873553,1.278810096705385e-08,1.120830039891274e-09,9.27754553736726e-09,7.287286163393247e-09,1.855971112907362e-08,4.241264472959472e-08
49,1.0921776871749915e-05,-0.05065789057103901,8.899993584559712e-05,-1.8471139545044283e-06,8.188564832304996e-05,3.5773958018125995e-08,-17.146045684814453,0.0002867471775971353,-8.156909942626953,4.354394332040101e-05,9.254617179976776e-05,0.0002017993974732235,9.951473475666717e-05,0.0020192000083625317,0.0,1.0,0.0001275714603252709,0.20000001278810098,0.49999999887916996,0.17999999072245446,0.23999999271271383,0.15999998144028887,0.5199999575873553,1.278810096705385e-08,1.120830039891274e-09,9.27754553736726e-09,7.287286163393247e-09,1.855971112907362e-08,4.241264472959472e-08
50,7.695829761603813e-05,-7.780687745323245,-9.452253509434473e-05,1.1728991993920242e-06,9.770405850536068e-05,1.1710822889199335e-07,-15.960166931152344,0.00039284100057557225,-7.842105388641357,5.288448664941825e-05,-0.00010011297126766294,0.0004560932284221053,2.359386235184502e-05,0.002612799988128245,0.0,1.0,0.0001275714603252709,0.20000001278810098,0.49999999887916996,0.17999999072245446,0.23999999271271383,0.15999998144028887,0.5199999575873553,1.278810096705385e-08,1.120830039891274e-09,9.27754553736726e-09,7.287286163393247e-09,1.855971112907362e-08,4.241264472959472e-08
51,0.00020238054152416,-8.744566824817161,0.0001852291338114276,-0.0006654045358725843,0.0001953648622030378,1.697267464351171e-07,-15.589076042175293,0.0005644754273816943,-7.479613780975342,0.00010381008905824274,0.00019725349557120353,0.0004884795635007322,3.8344060158124194e-05,0.0024621000047773123,0.0,1.0,0.0001275714603252709,0.20000001278810098,0.49999999887916996,0.17999999072245446,0.23999999271271383,0.15999998144028887,0.5199999575873553,1.278810096705385e-08,1.120830039891274e-09,9.27754553736726e-09,7.287286163393247e-09,1.855971112907362e-08,4.241264472959472e-08
52,-0.00017988239677379407,-6.4875863194904415,-0.003225460335830765,-0.0003089627666155413,-0.0031810746516095258,1.4549379557138309e-05,-11.137962341308594,0.005287085194140673,-5.242488384246826,-0.001652269740588963,-0.003425509901717305,0.00041291743400506675,5.693363164027687e-06,0.0025279000401496887,0.0,1.0,0.0001275714603252709,0.20000001278810098,0.49999999887916996,0.17999999072245446,0.23999999271271383,0.15999998144028887,0.5199999575873553,1.278810096705385e-08,1.120830039891274e-09,9.27754553736726e-09,7.287286163393247e-09,1.855971112907362e-08,4.241264472959472e-08
53,1.5871015627714744e-07,-0.9084894437052506,0.0006780784467008603,-1.1560818259522007e-05,0.0006756406117180678,6.703182862111134e-07,-14.215513229370117,0.0012284512631595135,-6.702001094818115,0.00035241819568909705,0.0007184003479778767,0.0002295528829563409,8.571267244406044e-05,0.005380999995395541,0.0,1.0,0.0001275714603252709,0.20000001278810098,0.49999999887916996,0.17999999072245446,0.23999999271271383,0.15999998144028887,0.5199999575873553,1.278810096705385e-08,1.120830039891274e-09,9.27754553736726e-09,7.287286163393247e-09,1.855971112907362e-08,4.241264472959472e-08
54,3.2390499036971726e-06,9.057763589111161,6.313304521817055e-06,1.967335668549498e-06,-1.0995147717563745e-06,3.490243472015209e-08,-17.17070960998535,0.0001707804185571149,-8.675131797790527,-8.696970326127484e-07,1.9817775864794385e-06,8.608994539827108e-05,0.00024976793793030083,0.004216899978928268,0.0,1.0,0.0001275714603252709,0.20000001278810098,0.49999999887916996,0.17999999072245446,0.23999999271271383,0.15999998144028887,0.5199999575873553,1.278810096705385e-08,1.120830039891274e-09,9.27754553736726e-09,7.287286163393247e-09,1.855971112907362e-08,4.241264472959472e-08
55,1.8278077167835537e-06,-3.6035496518837418,5.349730440138891e-05,-2.6482859937526252e-06,4.600119724113166e-05,5.5088058559249475e-08,-16.714332580566406,0.0002614288532640785,-8.249348640441895,2.539138040447142e-05,5.5883250752231106e-05,0.0003175036108586937,4.2804844269994646e-05,0.0025881000328809023,0.0,1.0,0.0001275714603252709,0.20000001278810098,0.49999999887916996,0.17999999072245446,0.23999999271271383,0.15999998144028887,0.5199999575873553,1.278810096705385e-08,1.120830039891274e-09,9.27754553736726e-09,7.287286163393247e-09,1.855971112907362e-08,4.241264472959472e-08
56,1.4370715214511179e-05,2.907890015743277,-1.6162731074737646e-05,-4.691472706311063e-05,-2.3816336541350164e-05,1.7155292297843516e-08,-17.880958557128906,0.0001591434411238879,-8.745704650878906,-1.1836966223199852e-05,-2.0017050701426342e-05,0.00010699401900637895,0.0001475847966503352,0.0025852000107988715,0.0,1.0,0.0001275714603252709,0.20000001278810098,0.49999999887916996,0.17999999072245446,0.23999999271271383,0.15999998144028887,0.5199999575873553,1.278810096705385e-08,1.120830039891274e-09,9.27754553736726e-09,7.287286163393247e-09,1.855971112907362e-08,4.241264472959472e-08
57,-4.43497053276515e-06,1.1795445739258683,-0.0003593359302324553,-4.448858397325047e-06,-0.0003357028767905909,1.9790171279510105e-07,-15.435495376586914,0.0006985371583141387,-7.266522407531738,-0.00017377574113197625,-0.00038395103183574975,0.00016220539691857994,0.00011941541015403345,0.00248030002694577,0.0,1.0,0.0001275714603252709,0.20000001278810098,0.49999999887916996,0.17999999072245446,0.23999999271271383,0.15999998144028887,0.5199999575873553,1.278810096705385e-08,1.120830039891274e-09,9.27754553736726e-09,7.287286163393247e-09,1.855971112907362e-08,4.241264472959472e-08
58,-5.080805103999298e-07,8.79367526713689,6.803696560074792e-06,2.321090050501193e-05,-7.049111210538407e-06,3.315012619964364e-08,-17.222219467163086,0.00016814238915685564,-8.690699577331543,-3.927704710804392e-06,2.5840340640570503e-06,7.794344855938107e-05,0.0002453178749419749,0.0032999999821186066,0.0,1.0,0.0001275714603252709,0.20000001278810098,0.49999999887916996,0.17999999072245446,0.23999999271271383,0.15999998144028887,0.5199999575873553,1.278810096705385e-08,1.120830039891274e-09,9.27754553736726e-09,7.287286163393247e-09,1.855971112907362e-08,4.241264472959472e-08
59,-1.2648657221283965e-05,6.241941218029093,-0.0001856120771229303,-3.4159142412328305e-05,0.00018695343050070056,7.039780314244126e-08,-16.46910285949707,0.0004021486092824489,-7.818688869476318,9.730178135214373e-05,-0.00020097945525776595,5.130393219587859e-06,0.0002026043803198263,0.002441899967379868,0.0,1.0,0.0001275714603252709,0.20000001278810098,0.49999999887916996,0.17999999072245446,0.23999999271271383,0.15999998144028887,0.5199999575873553,1.278810096705385e-08,1.120830039891274e-09,9.27754553736726e-09,7.287286163393247e-09,1.855971112907362e-08,4.241264472959472e-08
60,-8.039319384920644e-05,-12.03071750938936,0.002196093921730018,5.2389283131509777e-05,-0.001336410239826172,6.10933784628287e-06,-12.005692481994629,0.003370228921994567,-5.692774772644043,-0.0006922241882421076,0.0023337213788181543,0.0005999723798595369,8.859464287525043e-05,0.0026535000652074814,0.0,1.0,0.0001275714603252709,0.20000001278810098,0.49999999887916996,0.17999999072245446,0.23999999271271383,0.15999998144028887,0.5199999575873553,1.278810096705385e-08,1.120830039891274e-09,9.27754553736726e-09,7.287286163393247e-09,1.855971112907362e-08,4.241264472959472e-08
61,0.0032818969411322436,-16.4735994263286,-0.001662244860491612,-0.0007147348813899133,-0.0016589851322479834,4.140805685892701e-06,-12.394619941711426,0.003076171735301614,-5.784069538116455,-0.0008592912927269936,-0.001762580475769937,0.0007532074232585728,0.00015539208834525198,0.00209349999204278,0.0,1.0,0.0001275714603252709,0.20000001278810098,0.49999999887916996,0.17999999072245446,0.23999999271271383,0.15999998144028887,0.5199999575873553,1.278810096705385e-08,1.120830039891274e-09,9.27754553736726e-09,7.287286163393247e-09,1.855971112907362e-08,4.241264472959472e-08
62,-0.0004903380964730653,1.0067737185768046,-0.002345343778752648,-1.6748194877840047e-06,0.0023170661833808288,7.689804988331161e-06,-11.775614738464355,0.0038409156259149313,-5.562044620513916,0.001205688575282693,-0.0024930399376899004,0.00016777325072325766,0.00011660088057396933,0.005345099954865873,0.0,1.0,0.0001275714603252709,0.20000001278810098,0.49999999887916996,0.17999999072245446,0.23999999271271383,0.15999998144028887,0.5199999575873553,1.278810096705385e-08,1.120830039891274e-09,9.27754553736726e-09,7.287286163393247e-09,1.855971112907362e-08,4.241264472959472e-08
63,1.2708617627274607e-05,-2.6292105209554064,0.0014849611530303231,-4.285303256030437e-05,-0.0014395800122159815,3.0840399176668143e-06,-12.68927001953125,0.0024949642829596996,-5.993480682373047,-0.000747250800486654,0.001575812348164618,0.0002855742641258985,5.8228255511494353e-05,0.0020821000216528773,0.0,1.0,0.0001275714603252709,0.20000001278810098,0.49999999887916996,0.17999999072245446,0.23999999271271383,0.15999998144028887,0.5199999575873553,1.278810096705385e-08,1.120830039891274e-09,9.27754553736726e-09,7.287286163393247e-09,1.855971112907362e-08,4.241264472959472e-08
64,-0.0007969766159384358,-11.529642254461988,0.000405209471331876,-0.00033272176601359486,-0.0004040038718336208,4.025421276310226e-07,-14.725465774536133,0.0009710566373541951,-6.9371256828308105,-0.00020744759240187705,0.0004316556442063302,0.0005829273723065853,8.097946556517854e-05,0.005380999995395541,0.0,1.0,0.0001275714603252709,0.20000001278810098,0.49999999887916996,0.17999999072245446,0.23999999271271383,0.15999998144028887,0.5199999575873553,1.278810096705385e-08,1.120830039891274e-09,9.27754553736726e-09,7.287286163393247e-09,1.855971112907362e-08,4.241264472959472e-08
65,1.7467758047670634e-06,-1.2223286881830326,-7.06001307118263e-05,-2.003577892783614e-06,7.3639407503266e-05,3.9413336594407156e-08,-17.049161911010742,0.00027623341884464025,-8.19426441192627,3.942225521313958e-05,-7.660383562324569e-05,0.0002397352218395099,8.067941962508485e-05,0.002036400022916496,0.0,1.0,0.0001275714603252709,0.20000001278810098,0.49999999887916996,0.17999999072245446,0.23999999271271383,0.15999998144028887,0.5199999575873553,1.278810096705385e-08,1.120830039891274e-09,9.27754553736726e-09,7.287286163393247e-09,1.855971112907362e-08,4.241264472959472e-08
66,9.798454064202699e-05,0.24453209702167783,9.723366749552739e-05,0.001330105427367415,8.950320401856791e-05,3.6413688064840244e-08,-17.128320693969727,0.0002969402412418276,-8.121979713439941,4.74631815450266e-05,0.00010120643128175288,0.00019224804418627173,0.00010429321264382452,0.002090799971483648,0.0,1.0,0.0001275714603252709,0.20000001278810098,0.49999999887916996,0.17999999072245446,0.23999999271271383,0.15999998144028887,0.5199999575873553,1.278810096705385e-08,1.120830039891274e-09,9.27754553736726e-09,7.287286163393247e-09,1.855971112907362e-08,4.241264472959472e-08
67,4.4978209053845843e-07,-1.0508842063676798,-1.6988056037753235e-05,-2.009759912559549e-06,1.982442261075841e-05,3.141717996868465e-08,-17.275911331176758,0.00018993165576830506,-8.568846702575684,1.1414062100811861e-05,-1.97182125702966e-05,0.00023417080228682607,8.342794899363071e-05,0.005345300072804093,0.0,1.0,0.0001275714603252709,0.20000001278810098,0.49999999887916996,0.17999999072245446,0.23999999271271383,0.15999998144028887,0.5199999575873553,1.278810096705385e-08,1.120830039891274e-09,9.27754553736726e-09,7.287286163393247e-09,1.855971112907362e-08,4.241264472959472e-08
68,1.6138779019329974e-05,2.660328962068907,9.743309430455711e-05,-8.371220934084926e-05,-0.0002916128385872897,4.985659174394641e-08,-16.814115524291992,0.00038095557829365134,-7.872828006744385,-0.0001510565634816885,0.00010069563722936437,0.00011487198935355991,0.00014353472215589136,0.0024413999635726213,0.0,1.0,0.0001275714603252709,0.20000001278810098,0.49999999887916996,0.17999999072245446,0.23999999271271383,0.15999998144028887,0.5199999575873553,1.278810096705385e-08,1.120830039891274e-09,9.27754553736726e-09,7.287286163393247e-09,1.855971112907362e-08,4.241264472959472e-08
69,1.6390201468359808e-06,-2.759839958670713,-8.04600545809399e-05,-2.1872706840257635e-06,8.637790832003302e-05,5.3226433038844334e-08,-16.74871063232422,0.0003058909787796438,-8.092281341552734,4.6265999117167667e-05,-8.66250047693029e-05,0.00028984606615267694,5.6153858167817816e-05,0.002624599961563945,0.0,1.0,0.0001275714603252709,0.20000001278810098,0.49999999887916996,0.17999999072245446,0.23999999271271383,0.15999998144028887,0.5199999575873553,1.278810096705385e-08,1.120830039891274e-09,9.27754553736726e-09,7.287286163393247e-09,1.855971112907362e-08,4.241264472959472e-08
70,-3.4164937994684747e-06,-0.10455242731558877,-1.2013197490489045e-05,-7.593761915039231e-06,-1.8587616079773592e-05,2.5871882414207903e-08,-17.470109939575195,0.00017450121231377125,-8.653578758239746,-8.694520147400908e-06,-1.4713830751134083e-05,0.0002035403304034844,9.86453887890093e-05,0.0053718999261036515,0.0,1.0,0.0001275714603252709,0.20000001278810098,0.49999999887916996,0.17999999072245446,0.23999999271271383,0.15999998144028887,0.5199999575873553,1.278810096705385e-08,1.120830039891274e-09,9.27754553736726e-09,7.287286163393247e-09,1.855971112907362e-08,4.241264472959472e-08
71,5.270795335238676e-07,2.8628857102988428,0.00017171270683720452,-5.627803427118649e-06,-0.0001930027939516484,5.884924902943567e-08,-16.648286819458008,0.000406964507419616,-7.806784629821777,-9.980764298234135e-05,0.0001795200805645436,0.00010842522169696167,0.00014684830966871232,0.0026591999921947718,0.0,1.0,0.0001275714603252709,0.20000001278810098,0.49999999887916996,0.17999999072245446,0.23999999271271383,0.15999998144028887,0.5199999575873553,1.278810096705385e-08,1.120830039891274e-09,9.27754553736726e-09,7.287286163393247e-09,1.855971112907362e-08,4.241264472959472e-08
72,-1.0460446446955313e-05,-21.773507111945076,0.00367253662750495,-6.811309662476998e-06,2.2572875669643625e-05,1.571391840116121e-05,-11.06096363067627,0.0045072827488183975,-5.4020609855651855,1.5941001038299873e-05,0.003904348472133279,0.0009407812613062561,0.00023320468608289957,0.0022080999333411455,0.0,1.0,0.0001275714603252709,0.20000001278810098,0.49999999887916996,0.17999999072245446,0.23999999271271383,0.15999998144028887,0.5199999575873553,1.278810096705385e-08,1.120830039891274e-09,9.27754553736726e-09,7.287286163393247e-09,1.855971112907362e-08,4.241264472959472e-08
73,1.68701125762548e-06,0.33736645134029675,0.00011078197996813016,-4.849190497687607e-06,-0.00010881669844358995,3.9963737208381644e-08,-17.035293579101562,0.0003187715483363718,-8.05103588104248,-5.567615880863741e-05,0.00011556393292266876,0.00018928491044789553,0.00010577797365840524,0.002083199913613498,0.0,1.0,0.0001275714603252709,0.20000001278810098,0.49999999887916996,0.17999999072245446,0.23999999271271383,0.15999998144028887,0.5199999575873553,1.278810096705385e-08,1.120830039891274e-09,9.27754553736726e-09,7.287286163393247e-09,1.855971112907362e-08,4.241264472959472e-08
74,-1.380389516468118e-06,-16.960594885841207,2.6370726486414627e-06,3.378669541634836e-05,3.5659662754375637e-06,3.1011407486403186e-07,-14.98632526397705,0.00047750130761414766,-7.64694356918335,5.310943379299715e-06,5.623760898743058e-06,0.0007704906747676432,0.00016264252190012485,0.0022214000346139073,0.0,1.0,0.0001275714603252709,0.20000001278810098,0.49999999887916996,0.17999999072245446,0.23999999271271383,0.15999998144028887,0.5199999575873553,1.278810096705385e-08,1.120830039891274e-09,9.27754553736726e-09,7.287286163393247e-09,1.855971112907362e-08,4.241264472959472e-08
75,0.0033275346574362613,-8.934153930449536,0.0036156199792230976,-0.00031357226827028974,-0.0012676099247549855,1.530302506580483e-05,-11.087459564208984,0.00476518739014864,-5.346418380737305,-0.0006569097167812288,0.003840353339910507,0.0004946364788338542,4.1211747884517536e-05,0.0027420000405982137,0.0,1.0,0.0001275714603252709,0.20000001278810098,0.49999999887916996,0.17999999072245446,0.23999999271271383,0.15999998144028887,0.5199999575873553,1.278810096705385e-08,1.120830039891274e-09,9.27754553736726e-09,7.287286163393247e-09,1.855971112907362e-08,4.241264472959472e-08
76,-5.514655281763153e-05,-11.71287787172498,4.7956436937154236e-05,2.34012159896106e-06,0.0029657954084855343,2.5664094209787436e-06,-12.873003005981445,0.0019336194964125752,-6.248361587524414,0.00154487497638911,5.230774331721477e-05,0.0005891126347705722,8.376096229767427e-05,0.00248630007263273,0.0,1.0,0.0001275714603252709,0.20000001278810098,0.49999999887916996,0.17999999072245446,0.23999999271271383,0.15999998144028887,0.5199999575873553,1.278810096705385e-08,1.120830039891274e-09,9.27754553736726e-09,7.287286163393247e-09,1.855971112907362e-08,4.241264472959472e-08
77,-0.0003526589768786936,10.285122269472197,-0.00017766171496887012,-0.00293244783571617,-0.0030752490612397042,2.6404820800962625e-06,-12.844549179077148,0.0019904945511370897,-6.219372272491455,-0.0015995929716154933,-0.00019376403361093253,0.00012381076521705836,0.00027046428294852376,0.0025538000045344234,0.0,1.0,0.0001275714603252709,0.20000001278810098,0.49999999887916996,0.17999999072245446,0.23999999271271383,0.15999998144028887,0.5199999575873553,1.278810096705385e-08,1.120830039891274e-09,9.27754553736726e-09,7.287286163393247e-09,1.855971112907362e-08,4.241264472959472e-08
78,0.00023627919988480385,-8.737996402966129,-0.0014941780534091413,-0.0001659831616328737,0.0014934922071627246,3.2427528822154272e-06,-12.639087677001953,0.0026283448096364737,-5.94140100479126,0.000778835266828537,-0.0015862685395404696,0.00048824091209098697,3.824088707915507e-05,0.002353799995034933,0.0,1.0,0.0001275714603252709,0.20000001278810098,0.49999999887916996,0.17999999072245446,0.23999999271271383,0.15999998144028887,0.5199999575873553,1.278810096705385e-08,1.120830039891274e-09,9.27754553736726e-09,7.287286163393247e-09,1.855971112907362e-08,4.241264472959472e-08
79,-0.0026567992906668175,-16.651158164657524,-0.0036895272940713703,0.00018662609261062027,0.0036080553676074907,1.9165709090884775e-05,-10.862387657165527,0.006254138424992561,-5.074512004852295,0.0018795989453792572,-0.003915558569133282,0.0007599037489853799,0.00015805814473424107,0.00544790003914386,0.0,1.0,0.0001275714603252709,0.20000001278810098,0.49999999887916996,0.17999999072245446,0.23999999271271383,0.15999998144028887,0.5199999575873553,1.278810096705385e-08,1.120830039891274e-09,9.27754553736726e-09,7.287286163393247e-09,1.855971112907362e-08,4.241264472959472e-08
80,0.0005251355771294814,-6.804552886003772,0.0006716444646357033,-0.0005111962403935382,-0.0007441278208301936,7.466799161193194e-07,-14.10762882232666,0.0013146311976015568,-6.634199142456055,-0.00038501122617162764,0.0007132682367227972,0.0004234425723552704,9.26071879803203e-06,0.0026126999873667955,0.0,1.0,0.0001275714603252709,0.20000001278810098,0.49999999887916996,0.17999999072245446,0.23999999271271383,0.15999998144028887,0.5199999575873553,1.278810096705385e-08,1.120830039891274e-09,9.27754553736726e-09,7.287286163393247e-09,1.855971112907362e-08,4.241264472959472e-08
81,-4.0497652828597925e-05,6.8296728978607675,-1.2393433598149401e-05,-9.139732772970858e-05,-1.172701367180162e-05,2.304094159910619e-08,-17.58599281311035,0.00013821691391058266,-8.886686325073242,-6.092621788411634e-06,-1.7200613001477905e-05,1.7453126929467544e-05,0.0002123942249454558,0.0026865999680012465,0.0,1.0,0.0001275714603252709,0.20000001278810098,0.49999999887916996,0.17999999072245446,0.23999999271271383,0.15999998144028887,0.5199999575873553,1.278810096705385e-08,1.120830039891274e-09,9.27754553736726e-09,7.287286163393247e-09,1.855971112907362e-08,4.241264472959472e-08
82,-1.9948484794716682e-05,-10.426977781899383,1.1382143740830992e-05,-1.935886664498251e-05,5.570680889201521e-06,1.5095595529146522e-07,-15.706277847290039,0.0003232122689951211,-8.037200927734375,5.366396180761512e-06,1.3105864127282985e-05,0.0005453411722555757,6.4138846937567e-05,0.002445999998599291,0.0,1.0,0.0001275714603252709,0.20000001278810098,0.49999999887916996,0.17999999072245446,0.23999999271271383,0.15999998144028887,0.5199999575873553,1.278810096705385e-08,1.120830039891274e-09,9.27754553736726e-09,7.287286163393247e-09,1.855971112907362e-08,4.241264472959472e-08
83,1.0759068108160788e-06,-5.9834224220179895,3.2822383042879335e-05,-3.083484557340799e-06,2.6618892749606193e-05,7.992564121650503e-08,-16.3421688079834,0.0002518226974643767,-8.286785125732422,1.5657296899007633e-05,3.4613673051353544e-05,0.0003961263573728502,6.97708128427621e-06,0.0026307000080123544,0.0,1.0,0.0001275714603252709,0.20000001278810098,0.49999999887916996,0.17999999072245446,0.23999999271271383,0.15999998144028887,0.5199999575873553,1.278810096705385e-08,1.120830039891274e-09,9.27754553736726e-09,7.287286163393247e-09,1.855971112907362e-08,4.241264472959472e-08
84,1.9050455713615867e-06,-6.535922168032711,-1.1662231257139753e-05,-0.00011500449024997385,7.798620622286114e-06,8.611916513245887e-08,-16.267534255981445,0.00022873401758261025,-8.382950782775879,5.951356797595508e-06,-1.2470544788811821e-05,0.0004145106649957597,6.1135474425100256e-06,0.002140500000678003,0.0,1.0,0.0001275714603252709,0.20000001278810098,0.49999999887916996,0.17999999072245446,0.23999999271271383,0.15999998144028887,0.5199999575873553,1.278810096705385e-08,1.120830039891274e-09,9.27754553736726e-09,7.287286163393247e-09,1.855971112907362e-08,4.241264472959472e-08
85,-0.00012068476485119055,6.651555573948073,0.004042913138424988,-0.00020876729656222245,-0.004043366108992036,2.2842970793135464e-05,-10.686866760253906,0.006502899341285229,-5.0355072021484375,-0.002102520549669862,0.004289566073566675,1.2205540770082735e-05,0.00020941974071320146,0.0026723999762907624,0.0,1.0,0.0001275714603252709,0.20000001278810098,0.49999999887916996,0.17999999072245446,0.23999999271271383,0.15999998144028887,0.5199999575873553,1.278810096705385e-08,1.120830039891274e-09,9.27754553736726e-09,7.287286163393247e-09,1.855971112907362e-08,4.241264472959472e-08
86,-2.3124663807893016e-05,7.157574431904305,-0.001655266433605004,0.0004930754663702546,0.0015995420569024984,3.820710389845772e-06,-12.47507381439209,0.0027164320927113295,-5.908435821533203,0.000831722398288548,-0.0017620547441765666,2.743236836977303e-05,0.000217877677641809,0.002253900049254298,0.0,1.0,0.0001275714603252709,0.20000001278810098,0.49999999887916996,0.17999999072245446,0.23999999271271383,0.15999998144028887,0.5199999575873553,1.278810096705385e-08,1.120830039891274e-09,9.27754553736726e-09,7.287286163393247e-09,1.855971112907362e-08,4.241264472959472e-08
87,-0.0005510741241710924,-16.7542985434032,-0.0002152374899525148,0.00026727207683900856,0.00021840459600916374,3.687400749186054e-07,-14.8131742477417,0.0008042613626457751,-7.12558650970459,0.00011699556489475071,-0.00022581669327337295,0.000763316114898771,0.0001595820504007861,0.0026012000162154436,0.0,1.0,0.0001275714603252709,0.20000001278810098,0.49999999887916996,0.17999999072245446,0.23999999271271383,0.15999998144028887,0.5199999575873553,1.278810096705385e-08,1.120830039891274e-09,9.27754553736726e-09,7.287286163393247e-09,1.855971112907362e-08,4.241264472959472e-08
88,2.3117588850339367e-06,-5.520618674211281,0.00026803580134247205,7.773068761527049e-08,-0.00026746663986522765,1.7225281112587254e-07,-15.574302673339844,0.0006185880047269166,-7.388071060180664,-0.00013733451487496495,0.0002842773392330855,0.00038076634518802166,1.318591421295423e-05,0.005702900001779199,0.0,1.0,0.0001275714603252709,0.20000001278810098,0.49999999887916996,0.17999999072245446,0.23999999271271383,0.15999998144028887,0.5199999575873553,1.278810096705385e-08,1.120830039891274e-09,9.27754553736726e-09,7.287286163393247e-09,1.855971112907362e-08,4.241264472959472e-08
89,1.3442723415203122e-05,-8.581096676872933,0.00010290226245584757,5.3820957901145645e-06,-2.61851395243874e-05,1.2945470473368914e-07,-15.85993480682373,0.00038060316001065075,-7.873753547668457,-1.142005839938065e-05,0.00010977946658385918,0.00048297131434082985,3.583596117096022e-05,0.0026812999276444316,0.0,1.0,0.0001275714603252709,0.20000001278810098,0.49999999887916996,0.17999999072245446,0.23999999271271383,0.15999998144028887,0.5199999575873553,1.278810096705385e-08,1.120830039891274e-09,9.27754553736726e-09,7.287286163393247e-09,1.855971112907362e-08,4.241264472959472e-08
90,-1.7301114151966698e-06,-1.5241896463025182,9.278755760597655e-06,-5.750380888868878e-06,-8.47668513122024e-06,3.4092117573436553e-08,-17.19420051574707,0.00017424656834919006,-8.655038833618164,-3.2351008485420607e-06,8.316163985000458e-06,0.0002495442167855799,7.584637205582112e-05,0.005959399975836277,0.0,1.0,0.0001275714603252709,0.20000001278810098,0.49999999887916996,0.17999999072245446,0.23999999271271383,0.15999998144028887,0.5199999575873553,1.278810096705385e-08,1.120830039891274e-09,9.27754553736726e-09,7.287286163393247e-09,1.855971112907362e-08,4.241264472959472e-08
91,-7.689522778524753e-05,-6.86392202412268,-0.0006385246448542313,6.190709959723607e-05,0.0027426294036344114,2.5898823423631256e-06,-12.863898277282715,0.002323973225429654,-6.06447696685791,0.001428111339919269,-0.0006781056872569025,0.0004254462546668947,1.0066091817861889e-05,0.005371000035665929,0.0,1.0,0.0001275714603252709,0.20000001278810098,0.49999999887916996,0.17999999072245446,0.23999999271271383,0.15999998144028887,0.5199999575873553,1.278810096705385e-08,1.120830039891274e-09,9.27754553736726e-09,7.287286163393247e-09,1.855971112907362e-08,4.241264472959472e-08
92,-7.950491303522446e-06,-8.384039068008036,3.077132546847088e-05,-7.537818998762663e-06,3.450839110633017e-05,1.1549325762416629e-07,-15.974053382873535,0.0003078131121583283,-8.086017608642578,2.0111536287004128e-05,3.3120533771580085e-05,0.00047634736984036863,3.281472891103476e-05,0.002593100070953369,0.0,1.0,0.0001275714603252709,0.20000001278810098,0.49999999887916996,0.17999999072245446,0.23999999271271383,0.15999998144028887,0.5199999575873553,1.278810096705385e-08,1.120830039891274e-09,9.27754553736726e-09,7.287286163393247e-09,1.855971112907362e-08,4.241264472959472e-08
93,-1.8099848903967842e-06,-3.855755765312913,-0.0006127120721682472,-2.8415381926693363e-06,0.0006173473397459009,5.82376401325746e-07,-14.356148719787598,0.0011563991429284215,-6.762444496154785,0.0003225277177989483,-0.00065155781339854,0.0003257932548876852,3.883402678184211e-05,0.0026316000148653984,0.0,1.0,0.0001275714603252709,0.20000001278810098,0.49999999887916996,0.17999999072245446,0.23999999271271383,0.15999998144028887,0.5199999575873553,1.278810096705385e-08,1.120830039891274e-09,9.27754553736726e-09,7.287286163393247e-09,1.855971112907362e-08,4.241264472959472e-08
94,-2.0080242112197923e-05,-9.419170773808707,0.0011871234056789626,0.00010948561693606082,2.8643450990992046e-05,1.7234431197721278e-06,-13.271186828613281,0.0015586353838443756,-6.463944435119629,1.721464650472626e-05,0.0012614629231393337,0.0005112189101055264,4.8696776502765715e-05,0.002081599901430309,0.0,1.0,0.0001275714603252709,0.20000001278810098,0.49999999887916996,0.17999999072245446,0.23999999271271383,0.15999998144028887,0.5199999575873553,1.278810096705385e-08,1.120830039891274e-09,9.27754553736726e-09,7.287286163393247e-09,1.855971112907362e-08,4.241264472959472e-08
95,5.6028448551205754e-05,-0.4447122677062713,0.00048771564906975736,4.042711479512338e-05,0.0007941302118518342,4.6507872752954427e-07,-14.581059455871582,0.0010839153546839952,-6.827175617218018,0.000413966947235167,0.0005160990986041725,0.00021453035878948867,9.316833165939897e-05,0.002062199986539781,0.0,1.0,0.0001275714603252709,0.20000001278810098,0.49999999887916996,0.17999999072245446,0.23999999271271383,0.15999998144028887,0.5199999575873553,1.278810096705385e-08,1.120830039891274e-09,9.27754553736726e-09,7.287286163393247e-09,1.855971112907362e-08,4.241264472959472e-08
96,0.0005434332986171864,2.3563271320868715,-0.00020843571363324308,-0.009407103732086149,-0.00021731014628388232,8.016132824195665e-08,-16.339223861694336,0.00046794829540885985,-7.6671528816223145,-0.00011237608850933611,-0.0002239897003164515,0.00012468325439840555,0.0001384817878715694,0.002169799990952015,0.0,1.0,0.0001275714603252709,0.20000001278810098,0.49999999887916996,0.17999999072245446,0.23999999271271383,0.15999998144028887,0.5199999575873553,1.278810096705385e-08,1.120830039891274e-09,9.27754553736726e-09,7.287286163393247e-09,1.855971112907362e-08,4.241264472959472e-08
97,-1.1802845769738896e-06,-18.96524374729568,-3.617141377131338e-05,-2.6260864640522862e-06,-4.0260084446281216e-05,3.73608543213777e-07,-14.800057411193848,0.0005688194069080055,-7.47194766998291,-1.716969745757524e-05,-3.504881533444859e-05,0.0008409600704908371,0.00019224169955123216,0.002613099990412593,0.0,1.0,0.0001275714603252709,0.20000001278810098,0.49999999887916996,0.17999999072245446,0.23999999271271383,0.15999998144028887,0.5199999575873553,1.278810096705385e-08,1.120830039891274e-09,9.27754553736726e-09,7.287286163393247e-09,1.855971112907362e-08,4.241264472959472e-08
98,-0.0008019778603864931,-24.424494152500284,0.0008916898347425227,0.0004487029964309301,0.0008738730934578716,1.6903676396395895e-06,-13.29056453704834,0.0020646341145038605,-6.182802200317383,0.0004590355674736202,0.0009517992148175836,0.001036263071000576,0.00027133600087836385,0.002140299999155104,0.0,1.0,0.0001275714603252709,0.20000001278810098,0.49999999887916996,0.17999999072245446,0.23999999271271383,0.15999998144028887,0.5199999575873553,1.278810096705385e-08,1.120830039891274e-09,9.27754553736726e-09,7.287286163393247e-09,1.855971112907362e-08,4.241264472959472e-08
99,-0.0006326473567749556,-0.7870689670958202,-0.000429537672291996,-8.250642266946018e-06,0.0009042526893232792,4.610976134244993e-07,-14.589655876159668,0.0010858508758246899,-6.8253912925720215,0.0004712793743237853,-0.0004579231608659029,0.00022564869141206145,8.764802623772994e-05,0.0026178000262007117,0.0,1.0,0.0001275714603252709,0.20000001278810098,0.49999999887916996,0.17999999072245446,0.23999999271271383,0.15999998144028887,0.5199999575873553,1.278810096705385e-08,1.120830039891274e-09,9.27754553736726e-09,7.287286163393247e-09,1.855971112907362e-08,4.241264472959472e-08
100,9.0626201557828e-05,-18.300937480477725,-3.606067501602987e-05,-5.1916715585625635e-05,3.767056049246641e-05,3.525971976614528e-07,-14.857939720153809,0.0005583591992035508,-7.490508079528809,2.3251530365087092e-05,-3.511017712298781e-05,0.0008175291586667299,0.00018246579566039145,0.0025867000222206116,0.0,1.0,0.0001275714603252709,0.20000001278810098,0.49999999887916996,0.17999999072245446,0.23999999271271383,0.15999998144028887,0.5199999575873553,1.278810096705385e-08,1.120830039891274e-09,9.27754553736726e-09,7.287286163393247e-09,1.855971112907362e-08,4.241264472959472e-08
0,10.0,-10.0,0.0,10.0,0.0,2.664279996622554e-08,-17.440746307373047,0.00016519649943802506,-8.708374977111816,-4.810091240869951e-07,-3.472792968750582e-06,0.00013611702888738364,0.00018636837194208056,0.003359599970281124,0.0,2.0,0.00016519649943802506,0.20000001278810098,0.49999999887916996,0.17999999072245446,0.23999999271271383,0.15999998144028887,0.5199999575873553,1.278810096705385e-08,1.120830039891274e-09,9.27754553736726e-09,7.287286163393247e-09,1.855971112907362e-08,4.241264472959472e-08
1,0.02843699168009457,-2.533022180464804,-3.6098369459996185e-05,0.12781690583354774,-3.610380890003281e-05,4.2442550807209045e-08,-16.975114822387695,0.00022694063954986632,-8.390822410583496,-1.74759843503125e-05,-3.973654020228423e-05,0.0002781279035843909,6.132831913419068e-05,0.002594799967482686,0.0,2.0,0.00016519649943802506,0.20000001278810098,0.49999999887916996,0.17999999072245446,0.23999999271271383,0.15999998144028887,0.5199999575873553,1.278810096705385e-08,1.120830039891274e-09,9.27754553736726e-09,7.287286163393247e-09,1.855971112907362e-08,4.241264472959472e-08
2,-1.4966616967540218e-05,8.146011854236223,5.8171420439157714e-05,2.4655458563008912e-05,-4.106947793601934e-05,3.290727690341555e-08,-17.229572296142578,0.00022504784283228219,-8.399197578430176,-2.153033892682288e-05,5.7335950259584934e-05,5.793608943349682e-05,0.00023442703241016716,0.0020131999626755714,0.0,2.0,0.00016519649943802506,0.20000001278810098,0.49999999887916996,0.17999999072245446,0.23999999271271383,0.15999998144028887,0.5199999575873553,1.278810096705385e-08,1.120830039891274e-09,9.27754553736726e-09,7.287286163393247e-09,1.855971112907362e-08,4.241264472959472e-08
3,2.7936114823558883e-06,9.647267742873586,5.808126726647672e-06,-3.133999091196683e-07,6.009926485522509e-05,4.011601717479607e-08,-17.031490325927734,0.0002141202858183533,-8.448972702026367,3.087396180490032e-05,1.2630762284970842e-06,0.00010424442734802142,0.00025972205912694335,0.0020759999752044678,0.0,2.0,0.00016519649943802506,0.20000001278810098,0.49999999887916996,0.17999999072245446,0.23999999271271383,0.15999998144028887,0.5199999575873553,1.278810096705385e-08,1.120830039891274e-09,9.27754553736726e-09,7.287286163393247e-09,1.855971112907362e-08,4.241264472959472e-08
4,-0.0003136743502053867,-8.135676506780994,0.00010768607080281729,-0.00030141466675667294,0.0001302638940897522,1.2799438309230027e-07,-15.8712797164917,0.0004331265517976135,-7.744480609893799,6.986795051489025e-05,0.00011473269114503637,0.00046803473378531635,2.9017057386226952e-05,0.00202669994905591,0.0,2.0,0.00016519649943802506,0.20000001278810098,0.49999999887916996,0.17999999072245446,0.23999999271271383,0.15999998144028887,0.5199999575873553,1.278810096705385e-08,1.120830039891274e-09,9.27754553736726e-09,7.287286163393247e-09,1.855971112907362e-08,4.241264472959472e-08
5,2.4079637326434594e-06,5.165454545477144,-1.2056389837044816e-05,-9.900651013765921e-07,-2.3214144178068374e-05,1.8110998922793442e-08,-17.826745986938477,0.0001384197676088661,-8.88521957397461,-1.183716540253954e-05,-1.633649480936583e-05,3.57491553586442e-05,0.00018474305397830904,0.002427999977953732,0.0,2.0,0.0001384197676088661,0.20000001278810098,0.49999999887916996,0.17999999072245446,0.23999999271271383,0.15999998144028887,0.5199999575873553,1.278810096705385e-08,1.120830039891274e-09,9.27754553736726e-09,7.287286163393247e-09,1.855971112907362e-08,4.241264472959472e-08
6,-4.2744297563914124e-05,-18.25079626051826,0.0002839438407259199,-6.609181844452361e-05,-0.0001667962796286331,4.490151184199931e-07,-14.616209030151367,0.0008865513373166323,-7.028171539306641,-8.30789067549631e-05,0.00030472048092633486,0.0008157770498655736,0.0001817268639570102,0.005304699996486306,0.0,2.0,0.0001384197676088661,0.20000001278810098,0.49999999887916996,0.17999999072245446,0.23999999271271383,0.15999998144028887,0.5199999575873553,1.278810096705385e-08,1.120830039891274e-09,9.27754553736726e-09,7.287286163393247e-09,1.855971112907362e-08,4.241264472959472e-08
7,0.009902591200361412,-14.521623891883621,-0.003004515019537509,-0.0021063511380895734,-0.0013435265799025399,1.089258603315102e-05,-11.427428245544434,0.004289539996534586,-5.451575756072998,-0.000695552269462496,-0.0031884638592600822,0.0006848828634247184,0.00012616513413377106,0.005454399972222745,0.0,2.0,0.0001384197676088661,0.20000001278810098,0.49999999887916996,0.17999999072245446,0.23999999271271383,0.15999998144028887,0.5199999575873553,1.278810096705385e-08,1.120830039891274e-09,9.27754553736726e-09,7.287286163393247e-09,1.855971112907362e-08,4.241264472959472e-08
8,-0.00034543048710028646,-14.432418691202717,0.0003253352094969848,-0.0007151391466050319,-0.0004218143151407724,4.0839682924342924e-07,-14.711026191711426,0.0009676531190052629,-6.940637111663818,-0.00021627206297125667,0.00034763128496706486,0.0006826078169979155,0.00012489176879171282,0.002450500032864511,0.0,2.0,0.0001384197676088661,0.20000001278810098,0.49999999887916996,0.17999999072245446,0.23999999271271383,0.15999998144028887,0.5199999575873553,1.278810096705385e-08,1.120830039891274e-09,9.27754553736726e-09,7.287286163393247e-09,1.855971112907362e-08,4.241264472959472e-08
9,0.00026531749325750574,-2.737324221628641,-0.00010146518437964379,-0.003710230502402202,-0.0001709340117249309,6.29355980663604e-08,-16.581153869628906,0.00036930007627233863,-7.903901100158691,-8.753911242820323e-05,-0.0001089281213353388,0.000289177056401968,5.648861770168878e-05,0.0038666999898850918,0.0,2.0,0.0001384197676088661,0.20000001278810098,0.49999999887916996,0.17999999072245446,0.23999999271271383,0.15999998144028887,0.5199999575873553,1.278810096705385e-08,1.120830039891274e-09,9.27754553736726e-09,7.287286163393247e-09,1.855971112907362e-08,4.241264472959472e-08
10,-0.0004912086588804785,-24.78541159553125,0.0006019268322174444,-0.00016266879120565095,0.0006125008772891419,1.1081560842285398e-06,-13.712813377380371,0.0016302437288686633,-6.419025897979736,0.000323179381666705,0.0006441512960009277,0.0010493409354239702,0.00027648519608192146,0.0019932000432163477,0.0,2.0,0.0001384197676088661,0.20000001278810098,0.49999999887916996,0.17999999072245446,0.23999999271271383,0.15999998144028887,0.5199999575873553,1.278810096705385e-08,1.120830039891274e-09,9.27754553736726e-09,7.287286163393247e-09,1.855971112907362e-08,4.241264472959472e-08
11,1.473765186356671e-05,-18.94027955459969,0.0018808854299666683,0.00021986969426372516,-0.001839722748733833,5.282754045765614e-06,-12.151062965393066,0.003469735849648714,-5.663676738739014,-0.0009528941591270268,0.0020008704159408808,0.0008400672231800854,0.0001918753987411037,0.0020490000024437904,0.0,2.0,0.0001384197676088661,0.20000001278810098,0.49999999887916996,0.17999999072245446,0.23999999271271383,0.15999998144028887,0.5199999575873553,1.278810096705385e-08,1.120830039891274e-09,9.27754553736726e-09,7.287286163393247e-09,1.855971112907362e-08,4.241264472959472e-08
12,0.0015154525203498789,7.984180282364657,0.0004296832768954111,-0.006621233646341072,0.00044224347631241186,2.8522075012915593e-07,-15.070002555847168,0.0008239604067057371,-7.101387977600098,0.0002298144972883165,0.0004518530040513724,5.291938941809349e-05,0.00023166641767602414,0.0053134000627323985,0.0,2.0,0.0001384197676088661,0.20000001278810098,0.49999999887916996,0.17999999072245446,0.23999999271271383,0.15999998144028887,0.5199999575873553,1.278810096705385e-08,1.120830039891274e-09,9.27754553736726e-09,7.287286163393247e-09,1.855971112907362e-08,4.241264472959472e-08
13,-1.933210981487069e-05,-1.3438439016068866,5.595624054828069e-06,-1.0569356740082332e-07,7.602932758469109e-06,3.283506799789393e-08,-17.231769561767578,0.00017066008877009153,-8.675836563110352,5.100599082652479e-06,4.351750249043107e-06,0.00024368305457755923,7.873243885114789e-05,0.0025894000427797437,0.0,2.0,0.0001384197676088661,0.20000001278810098,0.49999999887916996,0.17999999072245446,0.23999999271271383,0.15999998144028887,0.5199999575873553,1.278810096705385e-08,1.120830039891274e-09,9.27754553736726e-09,7.287286163393247e-09,1.855971112907362e-08,4.241264472959472e-08
14,-5.849510228152883e-05,-9.361466247438667,-0.00012447420840223442,-5.046406722568817e-05,-0.00013188161935766512,1.5250157048285473e-07,-15.696090698242188,0.0004762854950968176,-7.649493217468262,-6.626689719269052e-05,-0.00013147339632268995,0.000509277917444706,4.7812489356147125e-05,0.002473300090059638,0.0,2.0,0.0001384197676088661,0.20000001278810098,0.49999999887916996,0.17999999072245446,0.23999999271271383,0.15999998144028887,0.5199999575873553,1.278810096705385e-08,1.120830039891274e-09,9.27754553736726e-09,7.287286163393247e-09,1.855971112907362e-08,4.241264472959472e-08
15,-2.691565238108817e-06,-20.607713379502858,-0.0001700430917160094,-5.2032713559890865e-06,0.00017250715911378464,4.6768923311901744e-07,-14.575461387634277,0.0008282330818474293,-7.096215724945068,9.372449858346954e-05,-0.00017678049334790558,0.0008991852519102395,0.00021627082605846226,0.0020008001010864973,0.0,2.0,0.0001384197676088661,0.20000001278810098,0.49999999887916996,0.17999999072245446,0.23999999271271383,0.15999998144028887,0.5199999575873553,1.278810096705385e-08,1.120830039891274e-09,9.27754553736726e-09,7.287286163393247e-09,1.855971112907362e-08,4.241264472959472e-08
16,2.233709821396475e-06,1.6482209302451283,-0.0004354761088954637,-1.6169296712080377e-06,0.0003824614201342317,2.7492149001773214e-07,-15.106780052185059,0.0008016626816242933,-7.1288228034973145,0.0001996037899516523,-0.00046495141577906907,0.00014718464808538556,0.00012703030370175838,0.00532800005748868,0.0,2.0,0.0001384197676088661,0.20000001278810098,0.49999999887916996,0.17999999072245446,0.23999999271271383,0.15999998144028887,0.5199999575873553,1.278810096705385e-08,1.120830039891274e-09,9.27754553736726e-09,7.287286163393247e-09,1.855971112907362e-08,4.241264472959472e-08
17,4.518998906650697e-06,1.016413705105393,-4.5508361421458854e-05,-0.00010083463695443103,-0.00010697315203340611,2.640268448317329e-08,-17.449800491333008,0.0002475367218721658,-8.303951263427734,-5.481331027112901e-05,-5.06176074850373e-05,0.00016744312597438693,0.00011676850408548489,0.0020993000362068415,0.0,2.0,0.0001384197676088661,0.20000001278810098,0.49999999887916996,0.17999999072245446,0.23999999271271383,0.15999998144028887,0.5199999575873553,1.278810096705385e-08,1.120830039891274e-09,9.27754553736726e-09,7.287286163393247e-09,1.855971112907362e-08,4.241264472959472e-08
18,1.8739893927762378e-06,0.07288038946274175,-6.399960540735133e-05,-1.5121285368700662e-06,-6.43720170773852e-05,3.067145826207707e-08,-17.2999324798584,0.0002521633869037032,-8.285433769226074,-3.252752867410891e-05,-6.997583841439337e-05,0.00019781272567342967,0.00010150728485314175,0.0019229999743402004,0.0,2.0,0.0001384197676088661,0.20000001278810098,0.49999999887916996,0.17999999072245446,0.23999999271271383,0.15999998144028887,0.5199999575873553,1.278810096705385e-08,1.120830039891274e-09,9.27754553736726e-09,7.287286163393247e-09,1.855971112907362e-08,4.241264472959472e-08
19,3.006261779969258e-06,-2.9942407800817006,0.0004926246980054186,-2.7880827401231244e-06,-4.856146074383775e-05,3.1874910177975835e-07,-14.958861351013184,0.0007209056057035923,-7.235002517700195,-2.386882624705322e-05,0.0005220593302510679,0.0002975185925606638,5.243629129836336e-05,0.0022113999584689736,0.0,2.0,0.0001384197676088661,0.20000001278810098,0.49999999887916996,0.17999999072245446,0.23999999271271383,0.15999998144028887,0.5199999575873553,1.278810096705385e-08,1.120830039891274e-09,9.27754553736726e-09,7.287286163393247e-09,1.855971112907362e-08,4.241264472959472e-08
20,2.4953455956497805e-06,1.095389919729034,-7.408297134771042e-05,-1.6613300113181498e-06,-5.48780334907856e-05,2.789310116213528e-08,-17.394886016845703,0.0002502004790585488,-8.293248176574707,-2.7734977265936323e-05,-8.09874472906813e-05,0.00016490586858708411,0.00011805025133071467,0.002557499916292727,0.0,2.0,0.0001384197676088661,0.20000001278810098,0.49999999887916996,0.17999999072245446,0.23999999271271383,0.15999998144028887,0.5199999575873553,1.278810096705385e-08,1.120830039891274e-09,9.27754553736726e-09,7.287286163393247e-09,1.855971112907362e-08,4.241264472959472e-08
21,-0.005679736232239196,8.065659436343324,-0.00032115517740876265,-0.004691708355883972,-0.0003187722151787363,1.754867184899922e-07,-15.555702209472656,0.0006553977145813406,-7.330268383026123,-0.00016592397878412157,-0.00034543772926554084,5.525336746359244e-05,0.0002328186819795519,0.002557199914008379,0.0,2.0,0.0001384197676088661,0.20000001278810098,0.49999999887916996,0.17999999072245446,0.23999999271271383,0.15999998144028887,0.5199999575873553,1.278810096705385e-08,1.120830039891274e-09,9.27754553736726e-09,7.287286163393247e-09,1.855971112907362e-08,4.241264472959472e-08
22,0.00021592638993173856,10.041169434101027,-0.000560527945719278,-0.000870674061143717,0.0005144635653169792,4.739387975405407e-07,-14.562187194824219,0.0010587505530565977,-6.85066556930542,0.0002670902758836746,-0.0006002941518090665,0.00011634937982307747,0.00026638293638825417,0.0025792999658733606,0.0,2.0,0.0001384197676088661,0.20000001278810098,0.49999999887916996,0.17999999072245446,0.23999999271271383,0.15999998144028887,0.5199999575873553,1.278810096705385e-08,1.120830039891274e-09,9.27754553736726e-09,7.287286163393247e-09,1.855971112907362e-08,4.241264472959472e-08
23,7.540155500422298e-05,-2.0748527292933567,-0.00012250532559123848,-2.1778213180492136e-06,0.00025610896312734655,7.337551721775526e-08,-16.427675247192383,0.00043316729716025293,-7.744386672973633,0.00013442803174257278,-0.00013147719437256455,0.00026747072115540504,6.705342093482614e-05,0.00263290002476424,0.0,2.0,0.0001384197676088661,0.20000001278810098,0.49999999887916996,0.17999999072245446,0.23999999271271383,0.15999998144028887,0.5199999575873553,1.278810096705385e-08,1.120830039891274e-09,9.27754553736726e-09,7.287286163393247e-09,1.855971112907362e-08,4.241264472959472e-08
24,0.0005165409439144015,0.8801908235007473,0.005228089072442755,-0.0005651149706067421,-0.004876749660627839,3.7249334127409384e-05,-10.197876930236816,0.008228164166212082,-4.800192356109619,-0.00253507774323225,0.005549900233745575,0.0001718040875857696,0.00011456858919700608,0.003003800055012107,0.0,2.0,0.0001384197676088661,0.20000001278810098,0.49999999887916996,0.17999999072245446,0.23999999271271383,0.15999998144028887,0.5199999575873553,1.278810096705385e-08,1.120830039891274e-09,9.27754553736726e-09,7.287286163393247e-09,1.855971112907362e-08,4.241264472959472e-08
25,-0.00018548908787795792,-6.884222613077551,-6.865935450372054e-05,2.102015711126097e-05,-4.860562477900411e-05,9.670655032323339e-08,-16.15158462524414,0.00031446872162632644,-8.06462574005127,-2.3327902454184368e-05,-7.290189387276769e-05,0.00042613179539330304,1.0346064300392754e-05,0.0025784000754356384,0.0,2.0,0.0001384197676088661,0.20000001278810098,0.49999999887916996,0.17999999072245446,0.23999999271271383,0.15999998144028887,0.5199999575873553,1.278810096705385e-08,1.120830039891274e-09,9.27754553736726e-09,7.287286163393247e-09,1.855971112907362e-08,4.241264472959472e-08
26,-3.0128367941706034e-05,-4.984850122780027,0.002744555274768211,-5.879985670141473e-07,-0.0027257461913030813,1.0562860552454367e-05,-11.458166122436523,0.004522043280303478,-5.398791313171387,-0.0014157176483422518,0.0029141865670681,0.00036302930675446987,2.124917045875918e-05,0.0020329999970272183,0.0,2.0,0.0001384197676088661,0.20000001278810098,0.49999999887916996,0.17999999072245446,0.23999999271271383,0.15999998144028887,0.5199999575873553,1.278810096705385e-08,1.120830039891274e-09,9.27754553736726e-09,7.287286163393247e-09,1.855971112907362e-08,4.241264472959472e-08
27,-0.00011216824257099873,-1.168137316523247,0.0006923746068042553,-0.0005089943983014173,0.0007361336730926292,7.172744744821102e-07,-14.147807121276855,0.001277327653951943,-6.662985324859619,0.00038391162524931133,0.0007336496491916478,0.00023799175687599927,8.154104580171406e-05,0.002446700003929436,0.0,2.0,0.0001384197676088661,0.20000001278810098,0.49999999887916996,0.17999999072245446,0.23999999271271383,0.15999998144028887,0.5199999575873553,1.278810096705385e-08,1.120830039891274e-09,9.27754553736726e-09,7.287286163393247e-09,1.855971112907362e-08,4.241264472959472e-08
28,-9.171282768912075e-05,-2.7173401521301916,0.00027537484465993357,-1.0066922446499073e-05,-0.00027497104305351956,1.481137701375701e-07,-15.725285530090332,0.0006055445410311222,-7.409382343292236,-0.00014164151798468083,0.0002912591735366732,0.0002884611312765628,5.682662231265567e-05,0.0026465998962521553,0.0,2.0,0.0001384197676088661,0.20000001278810098,0.49999999887916996,0.17999999072245446,0.23999999271271383,0.15999998144028887,0.5199999575873553,1.278810096705385e-08,1.120830039891274e-09,9.27754553736726e-09,7.287286163393247e-09,1.855971112907362e-08,4.241264472959472e-08
29,2.4423120304041763e-06,8.442146535537702,-1.2591916126888111e-05,-8.308746285457301e-07,1.050835634622067e-05,3.125538228232472e-08,-17.28107452392578,0.00017640113946981728,-8.642749786376953,5.249881269264733e-06,-1.7905829736264423e-05,6.708834553137422e-05,0.00023940250684972852,0.005370100028812885,0.0,2.0,0.0001384197676088661,0.20000001278810098,0.49999999887916996,0.17999999072245446,0.23999999271271383,0.15999998144028887,0.5199999575873553,1.278810096705385e-08,1.120830039891274e-09,9.27754553736726e-09,7.287286163393247e-09,1.855971112907362e-08,4.241264472959472e-08
30,1.9107464011835303e-06,-6.418691387209309,0.00032392276623288105,2.510444548018855e-05,3.473128903274894e-05,2.0296694458465936e-07,-15.410223007202148,0.0005717383464798331,-7.466829299926758,1.9939208868891e-05,0.0003438873100094497,0.00041060263174586,5.221094397711568e-06,0.005329600069671869,0.0,2.0,0.0001384197676088661,0.20000001278810098,0.49999999887916996,0.17999999072245446,0.23999999271271383,0.15999998144028887,0.5199999575873553,1.278810096705385e-08,1.120830039891274e-09,9.27754553736726e-09,7.287286163393247e-09,1.855971112907362e-08,4.241264472959472e-08
31,1.4624899229990578e-06,-3.5878654849945875,0.00019573974524050492,-2.408618667413203e-06,0.000203825395158852,1.0553897311638138e-07,-16.064186096191406,0.0004944181418977678,-7.612128734588623,0.00010745770123321563,0.00020694015256594867,0.00031698847305960953,4.305210313759744e-05,0.00213039992377162,0.0,2.0,0.0001384197676088661,0.20000001278810098,0.49999999887916996,0.17999999072245446,0.23999999271271383,0.15999998144028887,0.5199999575873553,1.278810096705385e-08,1.120830039891274e-09,9.27754553736726e-09,7.287286163393247e-09,1.855971112907362e-08,4.241264472959472e-08
32,4.7610922886255694e-07,-1.0133134889686148,0.0005834402614453674,-3.5245028592989715e-06,-0.0005847506387555251,5.042868451710092e-07,-14.500120162963867,0.001079387147910893,-6.831361770629883,-0.0003029702929779887,0.0006179254851303995,0.00023295203573070467,8.40306092868559e-05,0.005349199986085296,0.0,2.0,0.0001384197676088661,0.20000001278810098,0.49999999887916996,0.17999999072245446,0.23999999271271383,0.15999998144028887,0.5199999575873553,1.278810096705385e-08,1.120830039891274e-09,9.27754553736726e-09,7.287286163393247e-09,1.855971112907362e-08,4.241264472959472e-08
33,-1.2839129847772618e-06,-5.683671888865541,-5.112114527001737e-05,-5.945419682264836e-06,5.1818852418902924e-05,7.84322651270486e-08,-16.36103057861328,0.00028184917755424976,-8.174138069152832,2.871764445444569e-05,-5.462044646264985e-05,0.00038617438985966146,1.084774612536421e-05,0.0023191000800579786,0.0,2.0,0.0001384197676088661,0.20000001278810098,0.49999999887916996,0.17999999072245446,0.23999999271271383,0.15999998144028887,0.5199999575873553,1.278810096705385e-08,1.120830039891274e-09,9.27754553736726e-09,7.287286163393247e-09,1.855971112907362e-08,4.241264472959472e-08
34,-0.0004871064547921603,-22.841695054388307,-0.0007846497191320695,-0.00046570379078126776,-0.0007738292472933723,1.3557666989072459e-06,-13.511143684387207,0.0018408058676868677,-6.29755163192749,-0.0003980198525823653,-0.0008288901299238205,0.0009791627526283264,0.000248628988629207,0.002071899943985045,0.0,2.0,0.0001384197676088661,0.20000001278810098,0.49999999887916996,0.17999999072245446,0.23999999271271383,0.15999998144028887,0.5199999575873553,1.278810096705385e-08,1.120830039891274e-09,9.27754553736726e-09,7.287286163393247e-09,1.855971112907362e-08,4.241264472959472e-08
35,-2.572008920400284e-05,-9.77039275610773,0.0017162813538409098,-3.1857679459977204e-05,0.00035013739152537753,3.4975312246388057e-06,-12.563453674316406,0.0022965557873249054,-6.076344966888428,0.00018444356101099402,0.0018235226161777973,0.0005230954848229885,5.408366268966347e-05,0.002045899978838861,0.0,2.0,0.0001384197676088661,0.20000001278810098,0.49999999887916996,0.17999999072245446,0.23999999271271383,0.15999998144028887,0.5199999575873553,1.278810096705385e-08,1.120830039891274e-09,9.27754553736726e-09,7.287286163393247e-09,1.855971112907362e-08,4.241264472959472e-08
36,-3.458145114647695e-05,-10.678407127907501,5.1191538439305185e-05,-4.473363226753907e-05,6.131971839579892e-05,1.5996067759260768e-07,-15.648338317871094,0.00040077927405945957,-7.822099685668945,3.439332795096561e-05,5.545395106310025e-05,0.0005538804107345641,6.798359390813857e-05,0.0020556000526994467,0.0,2.0,0.0001384197676088661,0.20000001278810098,0.49999999887916996,0.17999999072245446,0.23999999271271383,0.15999998144028887,0.5199999575873553,1.278810096705385e-08,1.120830039891274e-09,9.27754553736726e-09,7.287286163393247e-09,1.855971112907362e-08,4.241264472959472e-08
37,0.0012875783429174288,-9.121870268229006,0.00023106740436226085,-3.3533587437288116e-06,0.0002363321719098092,2.0272679535082716e-07,-15.411406517028809,0.0006438195705413818,-7.348092079162598,0.0001251684152521193,0.00024604357895441353,0.0005010967724956572,4.4118416553828865e-05,0.002056300058029592,0.0,2.0,0.0001384197676088661,0.20000001278810098,0.49999999887916996,0.17999999072245446,0.23999999271271383,0.15999998144028887,0.5199999575873553,1.278810096705385e-08,1.120830039891274e-09,9.27754553736726e-09,7.287286163393247e-09,1.855971112907362e-08,4.241264472959472e-08
38,1.8939518022192005e-06,-2.4292901566771596,7.870814581993854e-05,-2.232947354582162e-06,-7.972500125194791e-05,4.920554630416518e-08,-16.827259063720703,0.00029269393417052925,-8.136383056640625,-4.015488229924813e-05,8.231514220824465e-05,0.00027904106536880136,6.140674668131396e-05,0.0025594000471755862,0.0,2.0,0.0001384197676088661,0.20000001278810098,0.49999999887916996,0.17999999072245446,0.23999999271271383,0.15999998144028887,0.5199999575873553,1.278810096705385e-08,1.120830039891274e-09,9.27754553736726e-09,7.287286163393247e-09,1.855971112907362e-08,4.241264472959472e-08
39,-8.35374826094011e-05,-2.325007599919878,3.977394727139896e-06,-0.0001854280827817284,-5.04945591183451e-06,3.9988730549112006e-08,-17.03466796875,0.0001736129488563165,-8.658681869506836,-1.3384958492679289e-06,2.920653969340492e-06,0.00027564444462768734,6.306313298409805e-05,0.0026322000194340944,0.0,2.0,0.0001384197676088661,0.20000001278810098,0.49999999887916996,0.17999999072245446,0.23999999271271383,0.15999998144028887,0.5199999575873553,1.278810096705385e-08,1.120830039891274e-09,9.27754553736726e-09,7.287286163393247e-09,1.855971112907362e-08,4.241264472959472e-08
40,2.9073519192696924e-06,-2.139414529211183,5.5246972882170054e-05,-6.921420130386579e-07,-4.240149224791101e-05,4.2233267549818265e-08,-16.980056762695312,0.00024590405519120395,-8.310568809509277,-2.078814577544108e-05,5.731463897973299e-05,0.00026957987574860454,6.602267239941284e-05,0.002518199966289103,0.0,2.0,0.0001384197676088661,0.20000001278810098,0.49999999887916996,0.17999999072245446,0.23999999271271383,0.15999998144028887,0.5199999575873553,1.278810096705385e-08,1.120830039891274e-09,9.27754553736726e-09,7.287286163393247e-09,1.855971112907362e-08,4.241264472959472e-08
41,2.8730662125369913e-06,-0.7868923141036372,5.544725699550307e-05,-6.621825335260806e-07,-5.5379443223353486e-05,3.3325683546081564e-08,-17.216938018798828,0.00024149830278474838,-8.328648567199707,-2.7729480279958807e-05,5.713040809496306e-05,0.0002256114676129073,8.766535029280931e-05,0.002049500006251037,0.0,2.0,0.0001384197676088661,0.20000001278810098,0.49999999887916996,0.17999999072245446,0.23999999271271383,0.15999998144028887,0.5199999575873553,1.278810096705385e-08,1.120830039891274e-09,9.27754553736726e-09,7.287286163393247e-09,1.855971112907362e-08,4.241264472959472e-08
42,-3.7696138053564436e-06,-5.665900035919381,0.0003481825098954708,1.5823819002774362e-06,-4.924448154703468e-05,2.1144977324638603e-07,-15.369277954101562,0.0005916139925830066,-7.432656288146973,-2.3837874323362485e-05,0.0003694348852150142,0.0003855847753584385,1.1097698916273657e-05,0.0024431999772787094,0.0,2.0,0.0001384197676088661,0.20000001278810098,0.49999999887916996,0.17999999072245446,0.23999999271271383,0.15999998144028887,0.5199999575873553,1.278810096705385e-08,1.120830039891274e-09,9.27754553736726e-09,7.287286163393247e-09,1.855971112907362e-08,4.241264472959472e-08
43,0.00016169804018451673,-10.777046648068486,-0.0003064808363662074,-3.6363192545943948e-06,4.8816152493889107e-05,2.636517706378072e-07,-15.148636817932129,0.0006656250916421413,-7.314784049987793,2.790610415104311e-05,-0.00032436641049571335,0.0005572165246121585,6.948864029254764e-05,0.00537519995123148,0.0,2.0,0.0001384197676088661,0.20000001278810098,0.49999999887916996,0.17999999072245446,0.23999999271271383,0.15999998144028887,0.5199999575873553,1.278810096705385e-08,1.120830039891274e-09,9.27754553736726e-09,7.287286163393247e-09,1.855971112907362e-08,4.241264472959472e-08
44,-9.037260082308556e-06,-9.16865726482879,-0.000574668620869329,2.8267102645900445e-05,0.000575540896939071,5.899879624848836e-07,-14.34316349029541,0.001185008091852069,-6.738005638122559,0.000301564228720963,-0.0006096349679864943,0.0005027650040574372,4.4852880819235e-05,0.0023604000452905893,0.0,2.0,0.0001384197676088661,0.20000001278810098,0.49999999887916996,0.17999999072245446,0.23999999271271383,0.15999998144028887,0.5199999575873553,1.278810096705385e-08,1.120830039891274e-09,9.27754553736726e-09,7.287286163393247e-09,1.855971112907362e-08,4.241264472959472e-08
45,-0.0009970052823323327,7.973053560253342,0.0004778232905367969,0.0008740513558930134,0.00048340734078878753,3.443714149398147e-07,-14.881545066833496,0.0008963285945355892,-7.017203330993652,0.00025122123770415783,0.000503071176353842,5.256876102066599e-05,0.00023150366905611008,0.005352800013497472,0.0,2.0,0.0001384197676088661,0.20000001278810098,0.49999999887916996,0.17999999072245446,0.23999999271271383,0.15999998144028887,0.5199999575873553,1.278810096705385e-08,1.120830039891274e-09,9.27754553736726e-09,7.287286163393247e-09,1.855971112907362e-08,4.241264472959472e-08
46,7.063786753594185e-07,-1.7893467902657973,-0.001722078716281069,-1.9560647814430946e-05,0.001722966821792917,4.190797426417703e-06,-12.382619857788086,0.002892350312322378,-5.845685958862305,0.0008971532806754112,-0.0018303068354725838,0.00025817236746661365,7.160790846683085e-05,0.0027136000571772456,0.0,2.0,0.0001384197676088661,0.20000001278810098,0.49999999887916996,0.17999999072245446,0.23999999271271383,0.15999998144028887,0.5199999575873553,1.278810096705385e-08,1.120830039891274e-09,9.27754553736726e-09,7.287286163393247e-09,1.855971112907362e-08,4.241264472959472e-08
47,5.0936579832029345e-06,-3.0935815696953326,-0.00016671425466052955,1.3215539792103746e-06,0.00016587343190602012,8.593860911787488e-08,-16.26963233947754,0.0004415990551933646,-7.7251081466674805,8.765157690504566e-05,-0.0001781297178240493,0.0003007726918440312,5.0862774514826015e-05,0.002915999968536198,0.0,2.0,0.0001384197676088661,0.20000001278810098,0.49999999887916996,0.17999999072245446,0.23999999271271383,0.15999998144028887,0.5199999575873553,1.278810096705385e-08,1.120830039891274e-09,9.27754553736726e-09,7.287286163393247e-09,1.855971112907362e-08,4.241264472959472e-08
48,-4.3126776197057536e-05,3.4193737371053876,-6.766046388771359e-05,-2.949289631317887e-05,6.50730447110706e-05,2.3062586507194283e-08,-17.585054397583008,0.000232535763643682,-8.366466522216797,3.4314220101805404e-05,-7.486107642762363e-05,9.07547291717492e-05,0.00015596620505675673,0.005445700022391975,0.0,2.0,0.0001384197676088661,0.20000001278810098,0.49999999887916996,0.17999999072245446,0.23999999271271383,0.15999998144028887,0.5199999575873553,1.278810096705385e-08,1.120830039891274e-09,9.27754553736726e-09,7.287286163393247e-09,1.855971112907362e-08,4.241264472959472e-08
49,6.945312606175145e-06,1.3955603003030193,0.00025704568205608296,1.8545222384403932e-06,0.0009385442524944161,3.317528864954511e-07,-14.918875694274902,0.0008984844898805022,-7.014801025390625,0.0004888023249804974,0.0002705819206312299,0.00015527736104559153,0.00012292320025153458,0.002633000025525689,0.0,2.0,0.0001384197676088661,0.20000001278810098,0.49999999887916996,0.17999999072245446,0.23999999271271383,0.15999998144028887,0.5199999575873553,1.278810096705385e-08,1.120830039891274e-09,9.27754553736726e-09,7.287286163393247e-09,1.855971112907362e-08,4.241264472959472e-08
50,-4.558143093145341e-06,0.5625518479316272,2.542842675454525e-05,-1.775322177155955e-05,-2.7067948460197127e-05,2.3346114375044635e-08,-17.57283592224121,0.00018377637024968863,-8.601791381835938,-1.3198612577980384e-05,2.4851764464983717e-05,0.00018203354557044804,0.0001094184335670434,0.002148799947462976,0.0,2.0,0.0001384197676088661,0.20000001278810098,0.49999999887916996,0.17999999072245446,0.23999999271271383,0.15999998144028887,0.5199999575873553,1.278810096705385e-08,1.120830039891274e-09,9.27754553736726e-09,7.287286163393247e-09,1.855971112907362e-08,4.241264472959472e-08
51,1.6495152307786791e-06,-0.5444676898474312,-0.00024843902615851604,1.4407045662750651e-05,0.0011845153663822446,4.791475021193037e-07,-14.551257133483887,0.0010373112745583057,-6.871123313903809,0.0006169814150780439,-0.00026566835003905,0.0002177610876969993,9.156197484117001e-05,0.00259569997433573,0.0,2.0,0.0001384197676088661,0.20000001278810098,0.49999999887916996,0.17999999072245446,0.23999999271271383,0.15999998144028887,0.5199999575873553,1.278810096705385e-08,1.120830039891274e-09,9.27754553736726e-09,7.287286163393247e-09,1.855971112907362e-08,4.241264472959472e-08
52,3.6211418291362435e-06,-7.1618116694688885,0.00027225116548491553,-6.1576076534041e-06,0.00024444416505140274,1.952013946038278e-07,-15.449234008789062,0.0006431716028600931,-7.349099159240723,0.00012909856741316617,0.0002892242628149688,0.0004353892873041332,1.4308242498373147e-05,0.0021288000280037522,0.0,2.0,0.0001384197676088661,0.20000001278810098,0.49999999887916996,0.17999999072245446,0.23999999271271383,0.15999998144028887,0.5199999575873553,1.278810096705385e-08,1.120830039891274e-09,9.27754553736726e-09,7.287286163393247e-09,1.855971112907362e-08,4.241264472959472e-08
53,-6.397117365300887e-05,-7.40843408997903,-6.445369866960397e-05,1.596070041315222e-05,-5.811162528635933e-05,1.0402681027699145e-07,-16.078617095947266,0.00032728398218750954,-8.02468204498291,-2.8194270271342248e-05,-6.828588084317744e-05,0.0004436383314896375,1.796930155251175e-05,0.00244309997651726,0.0,2.0,0.0001384197676088661,0.20000001278810098,0.49999999887916996,0.17999999072245446,0.23999999271271383,0.15999998144028887,0.5199999575873553,1.278810096705385e-08,1.120830039891274e-09,9.27754553736726e-09,7.287286163393247e-09,1.855971112907362e-08,4.241264472959472e-08
54,1.1370060402067e-06,-0.4587846375127,-0.00017475970819538406,-4.908200735537211e-06,-0.00014320714416871187,6.795949047955219e-08,-16.50435447692871,0.00041485714609734714,-7.787576198577881,-7.344646292040125e-05,-0.00018744604312814772,0.00021498906426131725,9.29402158362791e-05,0.005357800051569939,0.0,2.0,0.0001384197676088661,0.20000001278810098,0.49999999887916996,0.17999999072245446,0.23999999271271383,0.15999998144028887,0.5199999575873553,1.278810096705385e-08,1.120830039891274e-09,9.27754553736726e-09,7.287286163393247e-09,1.855971112907362e-08,4.241264472959472e-08
55,-0.0003266139080905827,4.536438849817736,0.0003097340010356343,-1.1093489967747005e-06,-0.0003125502170118521,1.490585646024556e-07,-15.718926429748535,0.0006027074414305389,-7.414078712463379,-0.0001622049167053774,0.0003255953488405794,5.5475247791036963e-05,0.00017433904577046633,0.002528199926018715,0.0,2.0,0.0001384197676088661,0.20000001278810098,0.49999999887916996,0.17999999072245446,0.23999999271271383,0.15999998144028887,0.5199999575873553,1.278810096705385e-08,1.120830039891274e-09,9.27754553736726e-09,7.287286163393247e-09,1.855971112907362e-08,4.241264472959472e-08
56,-9.875438930367961e-05,-4.356335313116551,0.0033210579378457703,-3.06802391925714e-05,0.0033225513269525588,1.548398176964838e-05,-11.075704574584961,0.005442188587039709,-5.213573932647705,0.0017293059499934316,0.0035262478049844503,0.00034228237927891314,3.098732850048691e-05,0.0026160000124946237,0.0,2.0,0.0001384197676088661,0.20000001278810098,0.49999999887916996,0.17999999072245446,0.23999999271271383,0.15999998144028887,0.5199999575873553,1.278810096705385e-08,1.120830039891274e-09,9.27754553736726e-09,7.287286163393247e-09,1.855971112907362e-08,4.241264472959472e-08
57,-1.0983563876548527e-05,-15.290463764866123,0.00035623384187902034,-4.416316685646901e-06,-0.00034556728481451406,4.3923500925302505e-07,-14.63823127746582,0.0009822003776207566,-6.925715446472168,-0.00017649350047577173,0.00038068764843046665,0.0007122832466848195,0.00013775521074421704,0.002446300000883639,0.0,2.0,0.0001384197676088661,0.20000001278810098,0.49999999887916996,0.17999999072245446,0.23999999271271383,0.15999998144028887,0.5199999575873553,1.278810096705385e-08,1.120830039891274e-09,9.27754553736726e-09,7.287286163393247e-09,1.855971112907362e-08,4.241264472959472e-08
58,-7.860286474937843e-06,3.276689547988556,0.00040088402942181525,0.00020238114195721398,0.00039985746064568554,2.3852078356867423e-07,-15.248809814453125,0.0007556526688858867,-7.187928676605225,0.00020842195954173803,0.00042277813190594316,9.52759655774571e-05,0.0001536292111268267,0.0020323999924585223,0.0,2.0,0.0001384197676088661,0.20000001278810098,0.49999999887916996,0.17999999072245446,0.23999999271271383,0.15999998144028887,0.5199999575873553,1.278810096705385e-08,1.120830039891274e-09,9.27754553736726e-09,7.287286163393247e-09,1.855971112907362e-08,4.241264472959472e-08
59,1.78809683166766e-06,-0.43817619159350235,-1.2790085659487668e-05,-2.0211523995773136e-06,-8.823864541023801e-06,2.7568017202384e-08,-17.40660858154297,0.00017280763131566346,-8.663331985473633,-3.5700859370990656e-06,-1.544041333545465e-05,0.00021432239736896008,9.32718685362488e-05,0.002632299903780222,0.0,2.0,0.0001384197676088661,0.20000001278810098,0.49999999887916996,0.17999999072245446,0.23999999271271383,0.15999998144028887,0.5199999575873553,1.278810096705385e-08,1.120830039891274e-09,9.27754553736726e-09,7.287286163393247e-09,1.855971112907362e-08,4.241264472959472e-08
60,1.7589894155690385e-06,-1.0325233877555255,-0.00014628136967594372,-2.0963882676525375e-06,0.00014840584055493997,6.156955834057953e-08,-16.603097915649414,0.0003939556481782347,-7.8392720222473145,7.827378431102261e-05,-0.0001570331078255549,0.00023357504687737674,8.372247248189524e-05,0.005397800006903708,0.0,2.0,0.0001384197676088661,0.20000001278810098,0.49999999887916996,0.17999999072245446,0.23999999271271383,0.15999998144028887,0.5199999575873553,1.278810096705385e-08,1.120830039891274e-09,9.27754553736726e-09,7.287286163393247e-09,1.855971112907362e-08,4.241264472959472e-08
61,-4.330449894491442e-06,8.245351030229797,-0.0012337058520357725,-2.178476892157892e-06,-0.0012377680367543604,2.172597305616364e-06,-13.039587020874023,0.0021070463117212057,-6.162467956542969,-0.0006438270211219788,-0.0013146682176738977,6.100675818743184e-05,0.00023609517666045576,0.005408699973486364,0.0,2.0,0.0001384197676088661,0.20000001278810098,0.49999999887916996,0.17999999072245446,0.23999999271271383,0.15999998144028887,0.5199999575873553,1.278810096705385e-08,1.120830039891274e-09,9.27754553736726e-09,7.287286163393247e-09,1.855971112907362e-08,4.241264472959472e-08
62,-4.24326828017469e-06,-23.3307200719469,-0.0026383112665112935,-5.959291581197739e-06,4.122449773556093e-05,8.355267709703185e-06,-11.692618370056152,0.003449422540143132,-5.669548511505127,2.5884910428430885e-05,-0.0027973593678325415,0.0009966895449906588,0.0002556670515332371,0.002168699982576072,0.0,2.0,0.0001384197676088661,0.20000001278810098,0.49999999887916996,0.17999999072245446,0.23999999271271383,0.15999998144028887,0.5199999575873553,1.278810096705385e-08,1.120830039891274e-09,9.27754553736726e-09,7.287286163393247e-09,1.855971112907362e-08,4.241264472959472e-08
63,7.536219519356637e-07,-2.37905871764643,0.00011969589449375867,-2.560249521890563e-06,-0.0001232734899498036,6.018817799713361e-08,-16.625789642333984,0.0003584400983527303,-7.933749198913574,-6.280728848651052e-05,0.0001258294505532831,0.00027740071527659893,6.220598879735917e-05,0.002572900033555925,0.0,2.0,0.0001384197676088661,0.20000001278810098,0.49999999887916996,0.17999999072245446,0.23999999271271383,0.15999998144028887,0.5199999575873553,1.278810096705385e-08,1.120830039891274e-09,9.27754553736726e-09,7.287286163393247e-09,1.855971112907362e-08,4.241264472959472e-08
64,5.4734229930012016e-05,2.971520947266144,-0.00035434203503028353,-5.259320195681641e-05,0.0003446582697229989,1.9264740558355697e-07,-15.462404251098633,0.0006857415428385139,-7.285009860992432,0.0001797609293134883,-0.00037918207817710936,0.00010496944742044434,0.00014862757234368473,0.002136699971742928,0.0,2.0,0.0001384197676088661,0.20000001278810098,0.49999999887916996,0.17999999072245446,0.23999999271271383,0.15999998144028887,0.5199999575873553,1.278810096705385e-08,1.120830039891274e-09,9.27754553736726e-09,7.287286163393247e-09,1.855971112907362e-08,4.241264472959472e-08
65,1.128937430687509e-06,0.0057668901217135535,-3.582296146677844e-05,1.7620860021491783e-06,3.273545299208825e-05,2.6964029231635323e-08,-17.428762435913086,0.00020821175712626427,-8.476954460144043,1.7977856259676628e-05,-4.003240974270739e-05,0.0001999784290092066,0.00010042456415249035,0.0026278001023456454,0.0,2.0,0.0001384197676088661,0.20000001278810098,0.49999999887916996,0.17999999072245446,0.23999999271271383,0.15999998144028887,0.5199999575873553,1.278810096705385e-08,1.120830039891274e-09,9.27754553736726e-09,7.287286163393247e-09,1.855971112907362e-08,4.241264472959472e-08
66,1.9742924337267495e-06,0.9198777132556805,-0.0007503016664631156,-1.6784524460913252e-06,0.006,1.0399263373983558e-05,-11.473775863647461,0.004062779247760773,-5.505887985229492,0.0031208263244479895,-0.0007990794838406146,0.00017054237832780927,0.00011520451516844332,0.0021383001003414392,0.0,2.0,0.0001384197676088661,0.20000001278810098,0.49999999887916996,0.17999999072245446,0.23999999271271383,0.15999998144028887,0.5199999575873553,1.278810096705385e-08,1.120830039891274e-09,9.27754553736726e-09,7.287286163393247e-09,1.855971112907362e-08,4.241264472959472e-08
67,1.9308397567094486e-06,-0.2411063628366904,6.313554676304e-06,-1.6681903397514486e-06,-1.1321184756742986e-05,2.6319561641230393e-08,-17.452953338623047,0.0001618841488379985,-8.728630065917969,-4.8966321628540754e-06,4.789499598700786e-06,0.00020795110322069377,9.644492820370942e-05,0.0027359999949112535,0.0,2.0,0.0001384197676088661,0.20000001278810098,0.49999999887916996,0.17999999072245446,0.23999999271271383,0.15999998144028887,0.5199999575873553,1.278810096705385e-08,1.120830039891274e-09,9.27754553736726e-09,7.287286163393247e-09,1.855971112907362e-08,4.241264472959472e-08
68,-1.151096683062373e-06,-20.96689162301803,-1.9551635214689025e-05,-1.414057763021e-05,2.1440276246075736e-05,4.4089836137573e-07,-14.634451866149902,0.000598826736677438,-7.420538425445557,1.5225790775730275e-05,-1.6862875781953335e-05,0.0009119773167185485,0.00022149881988298148,0.0020866000559180975,0.0,2.0,0.0001384197676088661,0.20000001278810098,0.49999999887916996,0.17999999072245446,0.23999999271271383,0.15999998144028887,0.5199999575873553,1.278810096705385e-08,1.120830039891274e-09,9.27754553736726e-09,7.287286163393247e-09,1.855971112907362e-08,4.241264472959472e-08
69,1.7413777826164592e-06,0.08146675275875404,2.6280007289447795e-05,-2.691558543357533e-06,2.978123279181152e-05,2.5616833099206815e-08,-17.480016708374023,0.00019192030595149845,-8.558430671691895,1.6430947653134353e-05,2.5898565581883304e-05,0.0001975357299670577,0.00010164584818994626,0.0025112000294029713,0.0,2.0,0.0001384197676088661,0.20000001278810098,0.49999999887916996,0.17999999072245446,0.23999999271271383,0.15999998144028887,0.5199999575873553,1.278810096705385e-08,1.120830039891274e-09,9.27754553736726e-09,7.287286163393247e-09,1.855971112907362e-08,4.241264472959472e-08
70,0.00018345829315459517,-20.023077145828054,1.472612001503647e-05,-5.7296457128263304e-05,-9.832153704765243e-05,4.0996533812176494e-07,-14.707193374633789,0.0006095527205616236,-7.402785301208496,-4.7197558160405606e-05,1.928814162965864e-05,0.0008783935918472707,0.00020774042059201747,0.002142600016668439,0.0,2.0,0.0001384197676088661,0.20000001278810098,0.49999999887916996,0.17999999072245446,0.23999999271271383,0.15999998144028887,0.5199999575873553,1.278810096705385e-08,1.120830039891274e-09,9.27754553736726e-09,7.287286163393247e-09,1.855971112907362e-08,4.241264472959472e-08
71,0.0006315800418104456,-27.207753111629263,-0.0031407876270055975,-0.0016693606324404042,0.003142977106114195,1.4470891983364709e-05,-11.14337158203125,0.005693473387509584,-5.1684346199035645,0.0016394141130149364,-0.003329834435135126,0.0011376424226909876,0.00031080705230124295,0.0044181999983266,0.0,2.0,0.0001384197676088661,0.20000001278810098,0.49999999887916996,0.17999999072245446,0.23999999271271383,0.15999998144028887,0.5199999575873553,1.278810096705385e-08,1.120830039891274e-09,9.27754553736726e-09,7.287286163393247e-09,1.855971112907362e-08,4.241264472959472e-08
72,-8.55938705637164e-07,-8.186260660118897,-0.0011379883027665737,-2.5709766602629314e-06,0.0011059316102933656,1.9035860532312654e-06,-13.171771049499512,0.0020351249258965254,-6.197197914123535,0.0005772224394604564,-0.0012081582099199295,0.0004697029944509268,2.9785447622998618e-05,0.004005299997515976,0.0,2.0,0.0001384197676088661,0.20000001278810098,0.49999999887916996,0.17999999072245446,0.23999999271271383,0.15999998144028887,0.5199999575873553,1.278810096705385e-08,1.120830039891274e-09,9.27754553736726e-09,7.287286163393247e-09,1.855971112907362e-08,4.241264472959472e-08
73,2.665372679497763e-05,-4.9213206388477495,0.00014252276466436968,-0.0002603632325454811,-0.0001428834933678758,9.340252660194892e-08,-16.18634796142578,0.0004150252207182348,-7.787171363830566,-7.263824227266014e-05,0.00015080877346917987,0.00036093202652409673,2.2224390704650432e-05,0.0026057999348267913,0.0,2.0,0.0001384197676088661,0.20000001278810098,0.49999999887916996,0.17999999072245446,0.23999999271271383,0.15999998144028887,0.5199999575873553,1.278810096705385e-08,1.120830039891274e-09,9.27754553736726e-09,7.287286163393247e-09,1.855971112907362e-08,4.241264472959472e-08
74,3.765338042017046e-07,-8.73123042835032,-0.00018262588855786377,-3.7332708847182883e-06,-0.00018593136626566907,1.6614224307431869e-07,-15.610421180725098,0.000550957047380507,-7.503853797912598,-9.446594049222767e-05,-0.000193408879567869,0.0004880248161498457,3.8139573007356375e-05,0.005342399934306741,0.0,2.0,0.0001384197676088661,0.20000001278810098,0.49999999887916996,0.17999999072245446,0.23999999271271383,0.15999998144028887,0.5199999575873553,1.278810096705385e-08,1.120830039891274e-09,9.27754553736726e-09,7.287286163393247e-09,1.855971112907362e-08,4.241264472959472e-08
75,1.603006139150559e-06,2.577000783728183,0.0003973309970706529,1.5447226825318032e-05,-0.0003983851246208574,2.3542153826383583e-07,-15.26188850402832,0.000755628221668303,-7.187961101531982,-0.00020656651759054512,0.0004192125052213669,0.00011752500722650439,0.00014217340503819287,0.002584200003184378,0.0,2.0,0.0001384197676088661,0.20000001278810098,0.49999999887916996,0.17999999072245446,0.23999999271271383,0.15999998144028887,0.5199999575873553,1.278810096705385e-08,1.120830039891274e-09,9.27754553736726e-09,7.287286163393247e-09,1.855971112907362e-08,4.241264472959472e-08
76,4.1031499322231403e-05,-5.439579494313816,9.343162546179917e-05,0.00017478037699563,-8.083718986980647e-05,8.296350273440112e-08,-16.30486488342285,0.0003353499050717801,-8.000335693359375,-4.0299015381606296e-05,9.882478479994461e-05,0.0003780734841711819,1.4378704690898303e-05,0.0025252000195905566,0.0,2.0,0.0001384197676088661,0.20000001278810098,0.49999999887916996,0.17999999072245446,0.23999999271271383,0.15999998144028887,0.5199999575873553,1.278810096705385e-08,1.120830039891274e-09,9.27754553736726e-09,7.287286163393247e-09,1.855971112907362e-08,4.241264472959472e-08
77,-0.0002993265754221452,-12.658353586800093,-0.004443113288128742,0.0004247555244942815,-0.004442546028902547,2.7771709937951528e-05,-10.49149227142334,0.007384111639112234,-4.9084248542785645,-0.0023073204793035984,-0.004716996569186449,0.000621468701865524,9.812043572310358e-05,0.002163599943742156,0.0,2.0,0.0001384197676088661,0.20000001278810098,0.49999999887916996,0.17999999072245446,0.23999999271271383,0.15999998144028887,0.5199999575873553,1.278810096705385e-08,1.120830039891274e-09,9.27754553736726e-09,7.287286163393247e-09,1.855971112907362e-08,4.241264472959472e-08
78,3.2057821886288066e-05,-13.829920378607289,4.114608216963074e-06,1.4821305483629325e-05,5.695587934450201e-06,2.257354623225183e-07,-15.303901672363281,0.0004010603006463498,-7.821398735046387,5.941638846707065e-06,6.335318630590336e-06,0.000661744037643075,0.00011582264414755628,0.0041519999504089355,0.0,2.0,0.0001384197676088661,0.20000001278810098,0.49999999887916996,0.17999999072245446,0.23999999271271383,0.15999998144028887,0.5199999575873553,1.278810096705385e-08,1.120830039891274e-09,9.27754553736726e-09,7.287286163393247e-09,1.855971112907362e-08,4.241264472959472e-08
79,0.0004035455178684073,-29.999999996718852,0.00016415212438852187,-7.071681206345283e-06,-0.00014562517256918865,8.683080068294657e-07,-13.956719398498535,0.0010460244957357645,-6.862758636474609,-7.020770863164216e-05,0.00018058055138681084,0.0012406223686411977,0.0003498501901049167,0.002138499985449016,0.0,2.0,0.0001384197676088661,0.20000001278810098,0.49999999887916996,0.17999999072245446,0.23999999271271383,0.15999998144028887,0.5199999575873553,1.278810096705385e-08,1.120830039891274e-09,9.27754553736726e-09,7.287286163393247e-09,1.855971112907362e-08,4.241264472959472e-08
80,5.942995711953417e-06,4.8920465526489485,-1.3767996219607102e-05,1.6873738165050724e-05,-1.2438571465916175e-05,1.7585977118983465e-08,-17.856164932250977,0.00013652689813170582,-8.898988723754883,-6.196105914568761e-06,-1.8071445083478466e-05,4.429723776411265e-05,0.00018022145377472043,0.0033140999730676413,0.0,2.0,0.00013652689813170582,0.20000001278810098,0.49999999887916996,0.17999999072245446,0.23999999271271383,0.15999998144028887,0.5199999575873553,1.278810096705385e-08,1.120830039891274e-09,9.27754553736726e-09,7.287286163393247e-09,1.855971112907362e-08,4.241264472959472e-08
81,-3.6566037001031522e-06,-6.964524046148869,0.0001302857815633334,-1.465088956866358e-06,-0.00013031544142125314,1.154858324525776e-07,-15.97411823272705,0.00042433833004906774,-7.764979362487793,-6.580530316568911e-05,0.00013840077735949308,0.00042880067485384643,1.1463865121186245e-05,0.0020889999577775598,0.0,2.0,0.00013652689813170582,0.20000001278810098,0.49999999887916996,0.17999999072245446,0.23999999271271383,0.15999998144028887,0.5199999575873553,1.278810096705385e-08,1.120830039891274e-09,9.27754553736726e-09,7.287286163393247e-09,1.855971112907362e-08,4.241264472959472e-08
82,2.8768269069121627e-06,-2.8837970630754612,-1.8098576418145046e-05,-1.8959058180289478e-06,-1.6492880746427474e-05,4.512395079814269e-08,-16.91385269165039,0.00020161473366897553,-8.509151458740234,-7.209020623122342e-06,-2.0360979760880582e-05,0.00029390232521109283,5.4187144996831194e-05,0.005383299896493554,0.0,2.0,0.00013652689813170582,0.20000001278810098,0.49999999887916996,0.17999999072245446,0.23999999271271383,0.15999998144028887,0.5199999575873553,1.278810096705385e-08,1.120830039891274e-09,9.27754553736726e-09,7.287286163393247e-09,1.855971112907362e-08,4.241264472959472e-08
83,-4.138841317558842e-05,16.112422810416238,-0.00017022957409354187,0.0003127068732666203,0.00014459288546208901,1.5444716439105832e-07,-15.6834135055542,0.0005970691563561559,-7.423477649688721,7.395171996904537e-05,-0.0001877222239272669,0.000300057785352692,0.00037073262501508,0.002572000026702881,0.0,2.0,0.00013652689813170582,0.20000001278810098,0.49999999887916996,0.17999999072245446,0.23999999271271383,0.15999998144028887,0.5199999575873553,1.278810096705385e-08,1.120830039891274e-09,9.27754553736726e-09,7.287286163393247e-09,1.855971112907362e-08,4.241264472959472e-08
84,1.4146586804088186e-06,-3.531539142275832,1.9358414409297466e-05,-2.4229279950301316e-06,2.1439122538957984e-05,5.1164970926720343e-08,-16.788209915161133,0.00021175510482862592,-8.46008014678955,1.26087334137992e-05,1.9606834030128084e-05,0.00031513863359577954,4.3940450268564746e-05,0.0024201999185606837,0.0,2.0,0.00013652689813170582,0.20000001278810098,0.49999999887916996,0.17999999072245446,0.23999999271271383,0.15999998144028887,0.5199999575873553,1.278810096705385e-08,1.120830039891274e-09,9.27754553736726e-09,7.287286163393247e-09,1.855971112907362e-08,4.241264472959472e-08
85,-2.6869962821221385e-06,-12.473035058156636,-0.0009317461584785789,-3.927761279277497e-06,-4.562825844799353e-06,1.1697159152390668e-06,-13.6587495803833,0.0013435358414426446,-6.61245059967041,4.0282020563608967e-07,-0.0009879246354103088,0.0006151077104732394,9.53091075643897e-05,0.0025502999778836966,0.0,2.0,0.00013652689813170582,0.20000001278810098,0.49999999887916996,0.17999999072245446,0.23999999271271383,0.15999998144028887,0.5199999575873553,1.278810096705385e-08,1.120830039891274e-09,9.27754553736726e-09,7.287286163393247e-09,1.855971112907362e-08,4.241264472959472e-08
86,-4.5888466341446875e-05,8.419722389217887,0.0018158750580472992,-7.341399106354507e-05,0.0017835230428568775,4.592012373905163e-06,-12.291192054748535,0.0030038582626730204,-5.807857513427734,0.0009272205061279237,0.0019239294342696667,6.639362254645675e-05,0.00023902280372567475,0.0027039999840781093,0.0,2.0,0.00013652689813170582,0.20000001278810098,0.49999999887916996,0.17999999072245446,0.23999999271271383,0.15999998144028887,0.5199999575873553,1.278810096705385e-08,1.120830039891274e-09,9.27754553736726e-09,7.287286163393247e-09,1.855971112907362e-08,4.241264472959472e-08
87,2.7522327473696485e-06,-6.74604342280422,0.00021849460574720943,-1.1107280911556463e-05,0.0002207392376704969,1.5632492988970625e-07,-15.671329498291016,0.0005637340946123004,-7.48092794418335,0.00011671116953948513,0.00023201602743938565,0.0004215112130623311,8.502659511577804e-06,0.002652800059877336,0.0,2.0,0.00013652689813170582,0.20000001278810098,0.49999999887916996,0.17999999072245446,0.23999999271271383,0.15999998144028887,0.5199999575873553,1.278810096705385e-08,1.120830039891274e-09,9.27754553736726e-09,7.287286163393247e-09,1.855971112907362e-08,4.241264472959472e-08
88,-5.63086638861941e-05,1.4742985798608386,-5.215058696042733e-05,2.5132289772415487e-05,4.2232124595890515e-05,2.3237712198920235e-08,-17.577489852905273,0.00021899586135987192,-8.426457405090332,2.2709013137500733e-05,-5.780796709586866e-05,0.00015275654732249677,0.0001242012222064659,0.005334099987521768,0.0,2.0,0.00013652689813170582,0.20000001278810098,0.49999999887916996,0.17999999072245446,0.23999999271271383,0.15999998144028887,0.5199999575873553,1.278810096705385e-08,1.120830039891274e-09,9.27754553736726e-09,7.287286163393247e-09,1.855971112907362e-08,4.241264472959472e-08
89,1.0663866178368833e-05,-25.096420718414375,-0.0009711529789949186,0.00010228068236640541,0.0010435838537857533,1.9549413536879e-06,-13.145150184631348,0.0022445099893957376,-6.099267959594727,0.0005473917117342353,-0.0010263781296089292,0.00106055976357311,0.00028092044522054493,0.005991700105369091,0.0,2.0,0.00013652689813170582,0.20000001278810098,0.49999999887916996,0.17999999072245446,0.23999999271271383,0.15999998144028887,0.5199999575873553,1.278810096705385e-08,1.120830039891274e-09,9.27754553736726e-09,7.287286163393247e-09,1.855971112907362e-08,4.241264472959472e-08
90,-0.00033065916437707534,-11.665089786211276,-0.00017039202191467196,0.0030251896480083225,0.00016970620596612221,2.164878480925836e-07,-15.345731735229492,0.0006057224236428738,-7.409088611602783,9.090123057831079e-05,-0.00017960608238354325,0.000587400165386498,8.30300705274567e-05,0.007462700014002621,0.0,2.0,0.00013652689813170582,0.20000001278810098,0.49999999887916996,0.17999999072245446,0.23999999271271383,0.15999998144028887,0.5199999575873553,1.278810096705385e-08,1.120830039891274e-09,9.27754553736726e-09,7.287286163393247e-09,1.855971112907362e-08,4.241264472959472e-08
91,4.039059621159729e-06,7.132668770130849,-2.075785385761864e-05,2.4049421876027523e-07,-2.006943040480876e-05,2.4793838093728482e-08,-17.512670516967773,0.0001587086298968643,-8.748440742492676,-1.047213936544722e-05,-2.617631253087893e-05,2.6664753022487275e-05,0.0002174555993406102,0.006529600010253489,0.0,2.0,0.00013652689813170582,0.20000001278810098,0.49999999887916996,0.17999999072245446,0.23999999271271383,0.15999998144028887,0.5199999575873553,1.278810096705385e-08,1.120830039891274e-09,9.27754553736726e-09,7.287286163393247e-09,1.855971112907362e-08,4.241264472959472e-08
92,-0.00045339880571851983,-17.703115594202156,-3.595598874123183e-05,-0.001105630581526725,-1.731758343098254e-05,3.3363113516315934e-07,-14.913229942321777,0.0005257164011709392,-7.550748825073242,-5.434031209006207e-06,-3.5159551771357656e-05,0.0007966051925905049,0.0001736404956318438,0.005783699918538332,0.0,2.0,0.00013652689813170582,0.20000001278810098,0.49999999887916996,0.17999999072245446,0.23999999271271383,0.15999998144028887,0.5199999575873553,1.278810096705385e-08,1.120830039891274e-09,9.27754553736726e-09,7.287286163393247e-09,1.855971112907362e-08,4.241264472959472e-08
93,3.780492925604171e-06,-5.4293054984998665,0.00013104778591098724,-8.630595649040905e-07,0.0001330861490791439,9.573869874657248e-08,-16.161643981933594,0.0004058438935317099,-7.809542179107666,7.093965541571379e-05,0.00013876975572202355,0.000377739779651165,1.45291633089073e-05,0.006286400021053851,0.0,2.0,0.00013652689813170582,0.20000001278810098,0.49999999887916996,0.17999999072245446,0.23999999271271383,0.15999998144028887,0.5199999575873553,1.278810096705385e-08,1.120830039891274e-09,9.27754553736726e-09,7.287286163393247e-09,1.855971112907362e-08,4.241264472959472e-08
94,6.263075396898438e-06,-2.1850816602717518,-3.2831482110122154e-05,-8.086914088549664e-07,-3.1764758561081946e-05,4.041482881689262e-08,-17.02406883239746,0.0002196439600083977,-8.423502922058105,-1.5250513570208568e-05,-3.6211324186297134e-05,0.0002710692642722279,6.529499660246074e-05,0.006078900070860982,0.0,2.0,0.00013652689813170582,0.20000001278810098,0.49999999887916996,0.17999999072245446,0.23999999271271383,0.15999998144028887,0.5199999575873553,1.278810096705385e-08,1.120830039891274e-09,9.27754553736726e-09,7.287286163393247e-09,1.855971112907362e-08,4.241264472959472e-08
95,2.757853381592078e-05,-7.94161273684213,-4.4689088925729456e-05,-2.57416798519941e-05,3.464804222788929e-05,1.0945406359041954e-07,-16.027761459350586,0.0003110322868451476,-8.075613975524902,2.0119028704357333e-05,-4.714404349215329e-05,0.0004614921926986426,2.604624387458898e-05,0.01308409997727722,0.0,2.0,0.00013652689813170582,0.20000001278810098,0.49999999887916996,0.17999999072245446,0.23999999271271383,0.15999998144028887,0.5199999575873553,1.278810096705385e-08,1.120830039891274e-09,9.27754553736726e-09,7.287286163393247e-09,1.855971112907362e-08,4.241264472959472e-08
96,-9.885643160555281e-06,4.985328325997653,-8.491340716059036e-05,-5.3389823886479574e-06,-0.00010690184492198497,2.9207754437265976e-08,-17.348831176757812,0.00026055597118102014,-8.252693176269531,-5.532989598577842e-05,-9.365606092615053e-05,4.137717769481242e-05,0.00018176283629145473,0.006526299985125661,0.0,2.0,0.00013652689813170582,0.20000001278810098,0.49999999887916996,0.17999999072245446,0.23999999271271383,0.15999998144028887,0.5199999575873553,1.278810096705385e-08,1.120830039891274e-09,9.27754553736726e-09,7.287286163393247e-09,1.855971112907362e-08,4.241264472959472e-08
97,-6.525363537836793e-07,-0.49191758964106447,0.000101997036122407,1.4621705146363598e-05,-0.00010412736981182065,4.177029921947906e-08,-16.99108123779297,0.0003138336760457605,-8.06664752960205,-5.3120285883778706e-05,0.00010647939780028537,0.00021606074005831033,9.240724466508254e-05,0.00731149991042912,0.0,2.0,0.00013652689813170582,0.20000001278810098,0.49999999887916996,0.17999999072245446,0.23999999271271383,0.15999998144028887,0.5199999575873553,1.278810096705385e-08,1.120830039891274e-09,9.27754553736726e-09,7.287286163393247e-09,1.855971112907362e-08,4.241264472959472e-08
98,8.374476771834935e-06,-4.93706191482372,4.355186832880033e-05,-1.939605689544394e-05,3.600902501088922e-05,6.806859431662815e-08,-16.502750396728516,0.00025781081058084965,-8.263284683227539,2.038812090177089e-05,4.570722012431361e-05,0.0003614474553614855,2.1983496480970643e-05,0.012185200001113117,0.0,2.0,0.00013652689813170582,0.20000001278810098,0.49999999887916996,0.17999999072245446,0.23999999271271383,0.15999998144028887,0.5199999575873553,1.278810096705385e-08,1.120830039891274e-09,9.27754553736726e-09,7.287286163393247e-09,1.855971112907362e-08,4.241264472959472e-08
99,-5.204370482721683e-05,-1.4716366991733087,-1.94968533492644e-05,-2.6119884819527212e-05,1.6616197003296358e-05,3.4243932134359056e-08,-17.189756393432617,0.00019432682893238962,-8.545969009399414,9.805718036659528e-06,-2.2258915123529732e-05,0.00024783849949017167,7.668588659726083e-05,0.006342099979519844,0.0,2.0,0.00013652689813170582,0.20000001278810098,0.49999999887916996,0.17999999072245446,0.23999999271271383,0.15999998144028887,0.5199999575873553,1.278810096705385e-08,1.120830039891274e-09,9.27754553736726e-09,7.287286163393247e-09,1.855971112907362e-08,4.241264472959472e-08
100,1.5298346963473497e-05,-1.443648345680273,2.6688240021426463e-05,3.088529417332232e-05,-2.041071759514876e-05,3.426729477951085e-08,-17.18907356262207,0.0001982636022148654,-8.52591323852539,-9.452287486055866e-06,2.6781412088894285e-05,0.0002469240571372211,7.713574450463057e-05,0.005949400016106665,0.0,2.0,0.00013652689813170582,0.20000001278810098,0.49999999887916996,0.17999999072245446,0.23999999271271383,0.15999998144028887,0.5199999575873553,1.278810096705385e-08,1.120830039891274e-09,9.27754553736726e-09,7.287286163393247e-09,1.855971112907362e-08,4.241264472959472e-08
0,10.0,-10.0,0.0,10.0,0.0,2.664279996622554e-08,-17.440746307373047,0.00016519649943802506,-8.708374977111816,-4.810091240869951e-07,-3.472792968750582e-06,0.00013611702888738364,0.00018636837194208056,0.008318199892528355,0.0,3.0,0.00016519649943802506,0.20000001278810098,0.49999999887916996,0.17999999072245446,0.23999999271271383,0.15999998144028887,0.5199999575873553,1.278810096705385e-08,1.120830039891274e-09,9.27754553736726e-09,7.287286163393247e-09,1.855971112907362e-08,4.241264472959472e-08
1,0.4203176716611625,-13.361422173338507,-0.00015185289930498317,2.0443206713943267,-0.0001536240297068297,1.8620193031892995e-07,-15.496434211730957,0.0005677449516952038,-7.4738383293151855,-7.743210153421387e-05,-0.0001682199799688533,0.0005415568011812866,0.00010262902651447803,0.006129499990493059,0.0,3.0,0.00016519649943802506,0.20000001278810098,0.49999999887916996,0.17999999072245446,0.23999999271271383,0.15999998144028887,0.5199999575873553,1.278810096705385e-08,1.120830039891274e-09,9.27754553736726e-09,7.287286163393247e-09,1.855971112907362e-08,4.241264472959472e-08
2,1.2130996332962865e-06,-6.775361205652806,2.3421976021612745e-05,-2.744249952022631e-06,-4.5844301849913334e-05,9.038567583274926e-08,-16.219179153442383,0.0002624504268169403,-8.245448112487793,-2.1907984773861244e-05,2.4857343305484392e-05,0.0004224887816235423,8.88142403709935e-06,0.005799799924716353,0.0,3.0,0.00016519649943802506,0.20000001278810098,0.49999999887916996,0.17999999072245446,0.23999999271271383,0.15999998144028887,0.5199999575873553,1.278810096705385e-08,1.120830039891274e-09,9.27754553736726e-09,7.287286163393247e-09,1.855971112907362e-08,4.241264472959472e-08
3,-0.0018171526433513022,-18.485707967208242,0.0006457124207730692,0.001799922618761523,-0.00040031706739983904,8.733013601158746e-07,-13.950984954833984,0.0013981550000607967,-6.572601795196533,-0.00020447310816962272,0.0006890150834806263,0.0008241378236562014,0.00018519567674957216,0.00560200004838407,0.0,3.0,0.00016519649943802506,0.20000001278810098,0.49999999887916996,0.17999999072245446,0.23999999271271383,0.15999998144028887,0.5199999575873553,1.278810096705385e-08,1.120830039891274e-09,9.27754553736726e-09,7.287286163393247e-09,1.855971112907362e-08,4.241264472959472e-08
4,2.154600126507608e-06,2.544851473924266,-0.0001837056791973291,-1.4275192172116054e-06,0.00016218831035420727,6.341344516158642e-08,-16.573589324951172,0.0004128737491555512,-7.7923688888549805,8.493615314364433e-05,-0.00019783893367275596,0.0001185494547826238,0.00014164789172355086,0.00579610001295805,0.0,3.0,0.00016519649943802506,0.20000001278810098,0.49999999887916996,0.17999999072245446,0.23999999271271383,0.15999998144028887,0.5199999575873553,1.278810096705385e-08,1.120830039891274e-09,9.27754553736726e-09,7.287286163393247e-09,1.855971112907362e-08,4.241264472959472e-08
5,6.720491537484214e-05,15.187718110330223,-0.0001187983840981356,6.910442287258773e-05,0.00017305799572913297,1.2553427097827807e-07,-15.890686988830566,0.000535222701728344,-7.532827854156494,8.88747235876508e-05,-0.00013280667189974338,0.00027243446675129235,0.0003546481893863529,0.005598400020971894,0.0,3.0,0.00016519649943802506,0.20000001278810098,0.49999999887916996,0.17999999072245446,0.23999999271271383,0.15999998144028887,0.5199999575873553,1.278810096705385e-08,1.120830039891274e-09,9.27754553736726e-09,7.287286163393247e-09,1.855971112907362e-08,4.241264472959472e-08
6,-1.390852140966734e-06,-6.642671478152821,0.000669359638672952,-1.2343465951686435e-05,0.0022664308208086626,1.9861342934746062e-06,-13.12932014465332,0.0021039133425801992,-6.163956165313721,0.0011804555542767048,0.0007108048885129392,0.000418065203120932,7.240333161462331e-06,0.0058052000822499394,0.0,3.0,0.00016519649943802506,0.20000001278810098,0.49999999887916996,0.17999999072245446,0.23999999271271383,0.15999998144028887,0.5199999575873553,1.278810096705385e-08,1.120830039891274e-09,9.27754553736726e-09,7.287286163393247e-09,1.855971112907362e-08,4.241264472959472e-08
7,1.1161058907114306e-05,6.321674811496258,-7.262625332340647e-05,-9.868163798622223e-06,3.764010828943112e-05,2.7755561404774198e-08,-17.399829864501953,0.00020510097965598106,-8.492008209228516,1.9647904991870746e-05,-8.101295679807663e-05,4.9479758672532625e-06,0.00020393224258441478,0.005709299934096634,0.0,3.0,0.00016519649943802506,0.20000001278810098,0.49999999887916996,0.17999999072245446,0.23999999271271383,0.15999998144028887,0.5199999575873553,1.278810096705385e-08,1.120830039891274e-09,9.27754553736726e-09,7.287286163393247e-09,1.855971112907362e-08,4.241264472959472e-08
8,-3.4341790522385246e-05,6.5906671221160895,-1.3385708238878273e-05,-0.00017958339139097787,-2.757674042656561e-05,2.2307101943397356e-08,-17.61836051940918,0.0001419324689777568,-8.860158920288086,-1.4301735063781962e-05,-1.8181402992922813e-05,1.0490527529327665e-05,0.00020840812067035586,0.011044499929994345,0.0,3.0,0.0001419324689777568,0.20000001278810098,0.49999999887916996,0.17999999072245446,0.23999999271271383,0.15999998144028887,0.5199999575873553,1.278810096705385e-08,1.120830039891274e-09,9.27754553736726e-09,7.287286163393247e-09,1.855971112907362e-08,4.241264472959472e-08
9,-0.0007166615394057416,5.7986997106810865,-0.0006282403423503308,0.00015387803435841906,0.0012920386561158083,9.209129530063365e-07,-13.897900581359863,0.0014486745931208134,-6.537106037139893,0.0006720071542076766,-0.0006709184381179512,1.6278840121231042e-05,0.00019521912327036262,0.011842599953524768,0.0,3.0,0.0001419324689777568,0.20000001278810098,0.49999999887916996,0.17999999072245446,0.23999999271271383,0.15999998144028887,0.5199999575873553,1.278810096705385e-08,1.120830039891274e-09,9.27754553736726e-09,7.287286163393247e-09,1.855971112907362e-08,4.241264472959472e-08
10,-0.00019846158959938628,6.683027993015129,-0.006,-0.0004913546793219436,0.006,5.0408936658641323e-05,-9.895341873168945,0.009607461281120777,-4.645215034484863,0.003120025619864464,-0.006375912111252546,1.3108373423165176e-05,0.0002099380799336359,0.0056362999603152275,0.0,3.0,0.0001419324689777568,0.20000001278810098,0.49999999887916996,0.17999999072245446,0.23999999271271383,0.15999998144028887,0.5199999575873553,1.278810096705385e-08,1.120830039891274e-09,9.27754553736726e-09,7.287286163393247e-09,1.855971112907362e-08,4.241264472959472e-08
11,0.00047349942499534203,-7.701540114683538,0.00032312510800986316,-0.0008109515504465755,-0.0003664157338244017,2.564972589880199e-07,-15.1761474609375,0.0007697820547036827,-7.169403076171875,-0.00018846942111849785,0.00034339894773438573,0.0004534380859695375,2.2389247533283196e-05,0.005627600010484457,0.0,3.0,0.0001419324689777568,0.20000001278810098,0.49999999887916996,0.17999999072245446,0.23999999271271383,0.15999998144028887,0.5199999575873553,1.278810096705385e-08,1.120830039891274e-09,9.27754553736726e-09,7.287286163393247e-09,1.855971112907362e-08,4.241264472959472e-08
12,-3.4791351348966285e-07,-8.478386955479944,0.001033331946868842,8.64532945071585e-06,-0.0010551353574562437,1.6195176613109652e-06,-13.333382606506348,0.0019012454431504011,-6.2652459144592285,-0.0005464892601594329,0.0010978667996823788,0.00047951791202649474,3.4260916436323896e-05,0.005820699967443943,0.0,3.0,0.0001419324689777568,0.20000001278810098,0.49999999887916996,0.17999999072245446,0.23999999271271383,0.15999998144028887,0.5199999575873553,1.278810096705385e-08,1.120830039891274e-09,9.27754553736726e-09,7.287286163393247e-09,1.855971112907362e-08,4.241264472959472e-08
13,-1.4728088212324224e-05,7.538757750622032,0.0013288489842909323,2.0073570142587116e-05,-0.000481059428003246,2.0681311525549972e-06,-13.088865280151367,0.001788932248018682,-6.326136589050293,-0.0002502423885744065,0.0014069824246689677,3.9168215153040364e-05,0.0002242466143798083,0.005944399978034198,0.0,3.0,0.0001419324689777568,0.20000001278810098,0.49999999887916996,0.17999999072245446,0.23999999271271383,0.15999998144028887,0.5199999575873553,1.278810096705385e-08,1.120830039891274e-09,9.27754553736726e-09,7.287286163393247e-09,1.855971112907362e-08,4.241264472959472e-08
14,1.2127398981592426e-06,-4.654926143162508,2.6760219670043875e-05,-2.368695342153469e-06,0.0005328984386580222,1.408062360042095e-07,-15.775880813598633,0.0004957569180987775,-7.609425067901611,0.0002787297416944057,2.779304122668691e-05,0.00035212660441175103,2.6341615011915565e-05,0.005751000018790364,0.0,3.0,0.0001419324689777568,0.20000001278810098,0.49999999887916996,0.17999999072245446,0.23999999271271383,0.15999998144028887,0.5199999575873553,1.278810096705385e-08,1.120830039891274e-09,9.27754553736726e-09,7.287286163393247e-09,1.855971112907362e-08,4.241264472959472e-08
15,6.70223564870227e-06,-4.681128341276367,-1.8882852573149523e-05,-5.421603787459711e-06,-2.0993620564172678e-05,6.315147516033903e-08,-16.577730178833008,0.00021942607418168336,-8.424494743347168,-9.290327398048248e-06,-2.06723234441597e-05,0.0003529914829414338,2.593536009953823e-05,0.005689900019206107,0.0,3.0,0.0001419324689777568,0.20000001278810098,0.49999999887916996,0.17999999072245446,0.23999999271271383,0.15999998144028887,0.5199999575873553,1.278810096705385e-08,1.120830039891274e-09,9.27754553736726e-09,7.287286163393247e-09,1.855971112907362e-08,4.241264472959472e-08
16,1.7485413612459651e-06,-3.5412786956754063,5.6417730908302485e-06,-2.2234795511589515e-07,-3.7076112763310214e-05,5.105855294118555e-08,-16.790292739868164,0.0002024830027949065,-8.504854202270508,-1.7817785192164592e-05,5.042591055826051e-06,0.00031545842648483813,4.37868366134353e-05,0.005846099928021431,0.0,3.0,0.0001419324689777568,0.20000001278810098,0.49999999887916996,0.17999999072245446,0.23999999271271383,0.15999998144028887,0.5199999575873553,1.278810096705385e-08,1.120830039891274e-09,9.27754553736726e-09,7.287286163393247e-09,1.855971112907362e-08,4.241264472959472e-08
17,-6.361649966801076e-06,-3.81088451650862,7.045057105377027e-05,-1.780840744257623e-05,-9.018420862042919e-05,6.090186843721312e-08,-16.614002227783203,0.00030127185164019465,-8.107497215270996,-4.5395147026283666e-05,7.39477836759761e-05,0.00032431833096779883,3.953949635615572e-05,0.005660200025886297,0.0,3.0,0.0001419324689777568,0.20000001278810098,0.49999999887916996,0.17999999072245446,0.23999999271271383,0.15999998144028887,0.5199999575873553,1.278810096705385e-08,1.120830039891274e-09,9.27754553736726e-09,7.287286163393247e-09,1.855971112907362e-08,4.241264472959472e-08
18,0.00011053121279494965,-10.399762124291012,-0.0002682381316950511,-2.78195605677896e-05,0.00023752094502501003,2.4666601916578657e-07,-15.215230941772461,0.0007138994405977428,-7.2447686195373535,0.00012597643944900483,-0.000283858273178339,0.0005444083944894373,6.372102507157251e-05,0.005661499919369817,0.0,3.0,0.0001419324689777568,0.20000001278810098,0.49999999887916996,0.17999999072245446,0.23999999271271383,0.15999998144028887,0.5199999575873553,1.278810096705385e-08,1.120830039891274e-09,9.27754553736726e-09,7.287286163393247e-09,1.855971112907362e-08,4.241264472959472e-08
19,-1.916567060499376e-05,1.596312113619066,0.0002851287864483901,-2.7493152930304016e-05,-0.00031102265185544244,1.3516823571535497e-07,-15.81674575805664,0.0005988633492961526,-7.420476913452148,-0.000161000614752993,0.00030034620431251824,0.00014884785923641175,0.00012618524488061666,0.005533299990929663,0.0,3.0,0.0001419324689777568,0.20000001278810098,0.49999999887916996,0.17999999072245446,0.23999999271271383,0.15999998144028887,0.5199999575873553,1.278810096705385e-08,1.120830039891274e-09,9.27754553736726e-09,7.287286163393247e-09,1.855971112907362e-08,4.241264472959472e-08
20,1.3569111274912853e-05,3.6081306020063764,0.0022183994807431495,2.9666050796203788e-05,-0.002247636863330918,6.917261089256499e-06,-11.881490707397461,0.0036431194748729467,-5.614914894104004,-0.001168321236036718,0.0023528796155005693,8.477021037833765e-05,0.0001590673200553283,0.006024300004355609,0.0,3.0,0.0001419324689777568,0.20000001278810098,0.49999999887916996,0.17999999072245446,0.23999999271271383,0.15999998144028887,0.5199999575873553,1.278810096705385e-08,1.120830039891274e-09,9.27754553736726e-09,7.287286163393247e-09,1.855971112907362e-08,4.241264472959472e-08
21,0.00020212397758789932,-29.999993805299027,0.0005859910538806089,-7.114397323900723e-06,0.0032300160533533257,4.065553639520658e-06,-12.41296100616455,0.0031089468393474817,-5.773471355438232,0.0016851257532835007,0.0006285733543336391,0.0012406476307660341,0.000349847978213802,0.005812800023704767,0.0,3.0,0.0001419324689777568,0.20000001278810098,0.49999999887916996,0.17999999072245446,0.23999999271271383,0.15999998144028887,0.5199999575873553,1.278810096705385e-08,1.120830039891274e-09,9.27754553736726e-09,7.287286163393247e-09,1.855971112907362e-08,4.241264472959472e-08
22,-2.6024168877749113e-06,-10.334790902826695,7.924069283786932e-05,5.240230519760599e-05,-0.0001110060169753786,1.5926748631045484e-07,-15.652680397033691,0.00044288201024755836,-7.722207069396973,-5.5267209972953424e-05,8.514586079400033e-05,0.0005422099493443966,6.272795872064307e-05,0.005627600010484457,0.0,3.0,0.0001419324689777568,0.20000001278810098,0.49999999887916996,0.17999999072245446,0.23999999271271383,0.15999998144028887,0.5199999575873553,1.278810096705385e-08,1.120830039891274e-09,9.27754553736726e-09,7.287286163393247e-09,1.855971112907362e-08,4.241264472959472e-08
23,-8.450524449774057e-05,-3.9745804319761886,0.0004160551259900262,-5.903100215109123e-05,0.000406554087433521,2.9488174391190114e-07,-15.036691665649414,0.0008372958400286734,-7.085332870483398,0.00021293238387443125,0.0004410266992636025,0.00032970833126455545,3.696514977491461e-05,0.0057273999555036426,0.0,3.0,0.0001419324689777568,0.20000001278810098,0.49999999887916996,0.17999999072245446,0.23999999271271383,0.15999998144028887,0.5199999575873553,1.278810096705385e-08,1.120830039891274e-09,9.27754553736726e-09,7.287286163393247e-09,1.855971112907362e-08,4.241264472959472e-08
24,-0.00031942785706639545,-9.455242813945723,-0.0016574680414789373,8.451354101562963e-05,0.0017727956564253873,4.082433406438213e-06,-12.408817291259766,0.0029645259492099285,-5.821038246154785,0.000924179214052856,-0.001759490231052041,0.0005124593153595924,4.925393295707181e-05,0.005987499956972897,0.0,3.0,0.0001419324689777568,0.20000001278810098,0.49999999887916996,0.17999999072245446,0.23999999271271383,0.15999998144028887,0.5199999575873553,1.278810096705385e-08,1.120830039891274e-09,9.27754553736726e-09,7.287286163393247e-09,1.855971112907362e-08,4.241264472959472e-08
25,-7.427364953512481e-07,-0.09963724198690847,-1.903546344102718e-05,-2.7133019790018443e-05,-2.4236684419642766e-05,2.6182298995536257e-08,-17.458181381225586,0.00018485879991203547,-8.595918655395508,-1.1632730092969723e-05,-2.217291694250889e-05,0.00020338180183898658,9.872450027614832e-05,0.005819799960590899,0.0,3.0,0.0001419324689777568,0.20000001278810098,0.49999999887916996,0.17999999072245446,0.23999999271271383,0.15999998144028887,0.5199999575873553,1.278810096705385e-08,1.120830039891274e-09,9.27754553736726e-09,7.287286163393247e-09,1.855971112907362e-08,4.241264472959472e-08
26,4.870949598759642e-05,-8.428406328408341,0.0020326036597329566,-0.0010238160591344958,0.002030919887443492,5.8960067690350115e-06,-12.041234970092773,0.0034729542676359415,-5.662749767303467,0.0010582520626485348,0.0021590208634734154,0.0004778647853527218,3.3498079574201256e-05,0.005823699990287423,0.0,3.0,0.0001419324689777568,0.20000001278810098,0.49999999887916996,0.17999999072245446,0.23999999271271383,0.15999998144028887,0.5199999575873553,1.278810096705385e-08,1.120830039891274e-09,9.27754553736726e-09,7.287286163393247e-09,1.855971112907362e-08,4.241264472959472e-08
27,-2.2572423173501398e-05,-6.153341455997549,-0.00017718626875834595,-2.4010072159411783e-05,-0.00017885525260690749,1.2451972963845037e-07,-15.898801803588867,0.0004831230326090008,-7.635239124298096,-9.116448200074956e-05,-0.00018836661183740944,0.00040177645860239863,5.407441676652525e-06,0.005630000028759241,0.0,3.0,0.0001419324689777568,0.20000001278810098,0.49999999887916996,0.17999999072245446,0.23999999271271383,0.15999998144028887,0.5199999575873553,1.278810096705385e-08,1.120830039891274e-09,9.27754553736726e-09,7.287286163393247e-09,1.855971112907362e-08,4.241264472959472e-08
28,0.003980219382582318,-23.83731748905737,0.0016121017800642848,-0.0002449124531667761,-0.001581788727134169,4.165410700807115e-06,-12.38869571685791,0.0031734504736959934,-5.752935886383057,-0.0008180036093108356,0.0017167008481919765,0.0010145417181774974,0.0002629500231705606,0.005530199967324734,0.0,3.0,0.0001419324689777568,0.20000001278810098,0.49999999887916996,0.17999999072245446,0.23999999271271383,0.15999998144028887,0.5199999575873553,1.278810096705385e-08,1.120830039891274e-09,9.27754553736726e-09,7.287286163393247e-09,1.855971112907362e-08,4.241264472959472e-08
29,1.3828338326409084e-06,-3.821251357945951,-3.822031753312012e-05,-2.5143162773669904e-06,-3.800115155677425e-05,5.552892190507919e-08,-16.706361770629883,0.00024173369456548244,-8.32767391204834,-1.8258469935972244e-05,-4.145766069996171e-05,0.0003246584383305162,3.937668225262314e-05,0.005631400039419532,0.0,3.0,0.0001419324689777568,0.20000001278810098,0.49999999887916996,0.17999999072245446,0.23999999271271383,0.15999998144028887,0.5199999575873553,1.278810096705385e-08,1.120830039891274e-09,9.27754553736726e-09,7.287286163393247e-09,1.855971112907362e-08,4.241264472959472e-08
30,-0.0002757775402609648,-12.506159704379412,4.2445269851692774e-05,-0.0007428548623619208,-7.527046863292174e-05,1.9799763606442866e-07,-15.43501091003418,0.0004390875401441008,-7.730811595916748,-3.6359968362376094e-05,4.667497705668211e-05,0.0006162901408970356,9.581501944921911e-05,0.005614100024104118,0.0,3.0,0.0001419324689777568,0.20000001278810098,0.49999999887916996,0.17999999072245446,0.23999999271271383,0.15999998144028887,0.5199999575873553,1.278810096705385e-08,1.120830039891274e-09,9.27754553736726e-09,7.287286163393247e-09,1.855971112907362e-08,4.241264472959472e-08
31,9.684911172185983e-05,4.586133932452092,-0.00018046911373562156,-6.089376739911924e-05,0.00014540988817597473,6.059079993292471e-08,-16.619123458862305,0.00038547691656276584,-7.861029148101807,7.592738984385505e-05,-0.0001950152509380132,5.389775105868466e-05,0.0001751707895891741,0.005625099991448224,0.0,3.0,0.0001419324689777568,0.20000001278810098,0.49999999887916996,0.17999999072245446,0.23999999271271383,0.15999998144028887,0.5199999575873553,1.278810096705385e-08,1.120830039891274e-09,9.27754553736726e-09,7.287286163393247e-09,1.855971112907362e-08,4.241264472959472e-08
32,1.320695747650784e-06,-4.2233049887540615,8.9340105942104e-07,-2.5362260587404875e-06,-3.471912090443155e-05,5.7904223638161056e-08,-16.66447639465332,0.00020217150449752808,-8.506394386291504,-1.6493790099048056e-05,1.976358134925249e-07,0.000337891629897058,3.3068532502511516e-05,0.005473600002005696,0.0,3.0,0.0001419324689777568,0.20000001278810098,0.49999999887916996,0.17999999072245446,0.23999999271271383,0.15999998144028887,0.5199999575873553,1.278810096705385e-08,1.120830039891274e-09,9.27754553736726e-09,7.287286163393247e-09,1.855971112907362e-08,4.241264472959472e-08
33,1.718192458589599e-05,5.048505784456447,0.004339765127007521,-0.0002116127276149344,-0.004563471745872742,2.6856314434553497e-05,-10.525009155273438,0.00708916736766696,-4.949187278747559,-0.0023727549705654383,0.004605308175086975,3.9402919355779886e-05,0.00018280590302310884,0.003357300069183111,0.0,3.0,0.0001419324689777568,0.20000001278810098,0.49999999887916996,0.17999999072245446,0.23999999271271383,0.15999998144028887,0.5199999575873553,1.278810096705385e-08,1.120830039891274e-09,9.27754553736726e-09,7.287286163393247e-09,1.855971112907362e-08,4.241264472959472e-08
34,3.136664933489224e-06,-2.0800073530134817,-2.7857415381985794e-05,1.1796258647937756e-05,-7.492131058059069e-06,3.9024151021749276e-08,-17.059085845947266,0.00020090941688977182,-8.512656211853027,-2.643774678290356e-06,-3.095961073995568e-05,0.00026764225913211703,6.696981290588155e-05,0.002791399951092899,0.0,3.0,0.0001419324689777568,0.20000001278810098,0.49999999887916996,0.17999999072245446,0.23999999271271383,0.15999998144028887,0.5199999575873553,1.278810096705385e-08,1.120830039891274e-09,9.27754553736726e-09,7.287286163393247e-09,1.855971112907362e-08,4.241264472959472e-08
35,1.3917221279062285e-06,-5.822376611888272,-0.00017193694608653033,-2.6020130452078187e-06,-0.00016974470854011112,1.1731927429536881e-07,-15.958366394042969,0.00046922959154471755,-7.6644182205200195,-8.647522190585732e-05,-0.00018288697174284607,0.00039077753899618983,8.957267709774897e-06,0.005216900026425719,0.0,3.0,0.0001419324689777568,0.20000001278810098,0.49999999887916996,0.17999999072245446,0.23999999271271383,0.15999998144028887,0.5199999575873553,1.278810096705385e-08,1.120830039891274e-09,9.27754553736726e-09,7.287286163393247e-09,1.855971112907362e-08,4.241264472959472e-08
36,0.0013503314350414176,-30.0,-0.000719740648001723,-0.00015896946467721453,-0.0007179776317566715,1.5406667444040067e-06,-13.383295059204102,0.0019211270846426487,-6.254843235015869,-0.00036783143877983093,-0.0007581101381219923,0.0012405122397467494,0.00034985883394256234,0.005368999904021621,0.0,3.0,0.0001419324689777568,0.20000001278810098,0.49999999887916996,0.17999999072245446,0.23999999271271383,0.15999998144028887,0.5199999575873553,1.278810096705385e-08,1.120830039891274e-09,9.27754553736726e-09,7.287286163393247e-09,1.855971112907362e-08,4.241264472959472e-08
37,4.456382646494617e-05,-14.020957641057434,-0.0018845188353104592,0.00014612893242255497,0.0017997592195848774,5.109271569381235e-06,-12.184453964233398,0.0033317459747195244,-5.704258918762207,0.0009388835751451552,-0.0019993481691926718,0.0006683283136226237,0.00011870002344949171,0.005299600074067712,0.0,3.0,0.0001419324689777568,0.20000001278810098,0.49999999887916996,0.17999999072245446,0.23999999271271383,0.15999998144028887,0.5199999575873553,1.278810096705385e-08,1.120830039891274e-09,9.27754553736726e-09,7.287286163393247e-09,1.855971112907362e-08,4.241264472959472e-08
38,1.2797235839739423e-05,-1.1139311307800164,-3.80998019856412e-06,-2.8933873790586387e-05,-2.993285971083533e-05,3.153674654754468e-08,-17.272111892700195,0.00017947198648471385,-8.62549114227295,-1.4450753951678053e-05,-5.7045567700697575e-06,0.00023621643777005374,8.241692557930946e-05,0.002818599925376475,0.0,3.0,0.0001419324689777568,0.20000001278810098,0.49999999887916996,0.17999999072245446,0.23999999271271383,0.15999998144028887,0.5199999575873553,1.278810096705385e-08,1.120830039891274e-09,9.27754553736726e-09,7.287286163393247e-09,1.855971112907362e-08,4.241264472959472e-08
39,-8.951231346124994e-05,3.8086223771228926,5.558591168904063e-05,0.0009229563624715607,-0.00014814525288521567,2.5252113289297995e-08,-17.494356155395508,0.0002529170014895499,-8.282448768615723,-7.661347626708448e-05,5.591068111243658e-05,7.841610931791365e-05,0.0001623695861781016,0.0025158999487757683,0.0,3.0,0.0001419324689777568,0.20000001278810098,0.49999999887916996,0.17999999072245446,0.23999999271271383,0.15999998144028887,0.5199999575873553,1.278810096705385e-08,1.120830039891274e-09,9.27754553736726e-09,7.287286163393247e-09,1.855971112907362e-08,4.241264472959472e-08
40,9.964883066199281e-05,-26.18771512051226,0.005373992450605979,-9.862964468268605e-05,0.005376739272680039,4.1125724237645045e-05,-10.098876953125,0.009211599826812744,-4.687291622161865,0.0028008066583424807,0.005712437909096479,0.0011002975516021252,0.00029641229775734246,0.002557200030423701,0.0,3.0,0.0001419324689777568,0.20000001278810098,0.49999999887916996,0.17999999072245446,0.23999999271271383,0.15999998144028887,0.5199999575873553,1.278810096705385e-08,1.120830039891274e-09,9.27754553736726e-09,7.287286163393247e-09,1.855971112907362e-08,4.241264472959472e-08
41,3.0709335934662094e-06,2.543229510382995,-0.00021994879821892637,-5.909010545540069e-07,7.727679917294909e-05,7.457586548298423e-08,-16.411449432373047,0.00040722230914980173,-7.806151390075684,4.078239362570457e-05,-0.0002363286621402949,0.00011860112135764211,0.00014162142178975046,0.005390400066971779,0.0,3.0,0.0001419324689777568,0.20000001278810098,0.49999999887916996,0.17999999072245446,0.23999999271271383,0.15999998144028887,0.5199999575873553,1.278810096705385e-08,1.120830039891274e-09,9.27754553736726e-09,7.287286163393247e-09,1.855971112907362e-08,4.241264472959472e-08
42,1.8422936722195294e-06,-5.111595141663025,0.00036778083117408004,1.3858824951735196e-06,0.00032077271972474046,2.4816992549858696e-07,-15.209152221679688,0.0007518449565395713,-7.1929802894592285,0.00016849054372869432,0.0003900887386407703,0.0003672197344712913,1.931168299051933e-05,0.0025754000525921583,0.0,3.0,0.0001419324689777568,0.20000001278810098,0.49999999887916996,0.17999999072245446,0.23999999271271383,0.15999998144028887,0.5199999575873553,1.278810096705385e-08,1.120830039891274e-09,9.27754553736726e-09,7.287286163393247e-09,1.855971112907362e-08,4.241264472959472e-08
43,1.7590658408429504e-06,-4.495941271285554,-0.00021593423864904265,-2.4666480806957907e-06,-0.0002156292616224223,1.2569168461595837e-07,-15.889433860778809,0.0005283682839944959,-7.545717239379883,-0.00011052765330532566,-0.00022999441716820002,0.000346879824064672,2.8812637538067065e-05,0.0024983000475913286,0.0,3.0,0.0001419324689777568,0.20000001278810098,0.49999999887916996,0.17999999072245446,0.23999999271271383,0.15999998144028887,0.5199999575873553,1.278810096705385e-08,1.120830039891274e-09,9.27754553736726e-09,7.287286163393247e-09,1.855971112907362e-08,4.241264472959472e-08
44,-0.00011306308956997385,-20.211547059227613,-1.1435270554479013e-05,0.000160167536322373,-0.00011603427868376704,4.171086516180367e-07,-14.689919471740723,0.0006126228254288435,-7.397761344909668,-5.637877620756626e-05,-8.444865670753643e-06,0.0008851044694893062,0.000210493803024292,0.005396199994720519,0.0,3.0,0.0001419324689777568,0.20000001278810098,0.49999999887916996,0.17999999072245446,0.23999999271271383,0.15999998144028887,0.5199999575873553,1.278810096705385e-08,1.120830039891274e-09,9.27754553736726e-09,7.287286163393247e-09,1.855971112907362e-08,4.241264472959472e-08
45,-4.591221199314628e-05,-10.142230727916644,0.0009931590726270343,3.2994061683241176e-06,0.0009918166140873682,1.5282140566341695e-06,-13.391410827636719,0.0018715782789513469,-6.280973434448242,0.000518171931616962,0.001055672881193459,0.0005356860347092152,5.9780883020721376e-05,0.00560200004838407,0.0,3.0,0.0001419324689777568,0.20000001278810098,0.49999999887916996,0.17999999072245446,0.23999999271271383,0.15999998144028887,0.5199999575873553,1.278810096705385e-08,1.120830039891274e-09,9.27754553736726e-09,7.287286163393247e-09,1.855971112907362e-08,4.241264472959472e-08
46,-3.285484212903157e-05,-29.999950877270464,0.00033353191720297945,2.9310682760782253e-05,-0.0006715260640434446,1.0788769486680394e-06,-13.73958969116211,0.001499397330917418,-6.502692222595215,-0.0003436759579926729,0.0003604621160775423,0.001240673242136836,0.00034984524245373905,0.0026018000207841396,0.0,3.0,0.0001419324689777568,0.20000001278810098,0.49999999887916996,0.17999999072245446,0.23999999271271383,0.15999998144028887,0.5199999575873553,1.278810096705385e-08,1.120830039891274e-09,9.27754553736726e-09,7.287286163393247e-09,1.855971112907362e-08,4.241264472959472e-08
47,3.151115460392062e-06,-6.888424247749737,-2.780327188750055e-05,-3.63392436169895e-06,-2.7534328461873498e-05,9.192705618943364e-08,-16.2022705078125,0.0002602127497084439,-8.254011154174805,-1.2370262993499637e-05,-2.9511544198612683e-05,0.0004262604925315827,1.0401421604910865e-05,0.005384900025092065,0.0,3.0,0.0001419324689777568,0.20000001278810098,0.49999999887916996,0.17999999072245446,0.23999999271271383,0.15999998144028887,0.5199999575873553,1.278810096705385e-08,1.120830039891274e-09,9.27754553736726e-09,7.287286163393247e-09,1.855971112907362e-08,4.241264472959472e-08
48,0.00013763148403199643,-7.024052909717017,-1.6503596122393565e-05,0.0001381400579783778,-1.621237102022874e-05,9.320645233401592e-08,-16.188447952270508,0.00024547730572521687,-8.31230640411377,-6.463050340244081e-06,-1.7472655599704012e-05,0.00043077522423118353,1.2307990800763946e-05,0.0024512000381946564,0.0,3.0,0.0001419324689777568,0.20000001278810098,0.49999999887916996,0.17999999072245446,0.23999999271271383,0.15999998144028887,0.5199999575873553,1.278810096705385e-08,1.120830039891274e-09,9.27754553736726e-09,7.287286163393247e-09,1.855971112907362e-08,4.241264472959472e-08
49,6.896414932848355e-07,-5.668607866093308,-1.7484910347300527e-05,-1.909171087479933e-06,-1.7024889645332363e-05,7.484101161026047e-08,-16.407899856567383,0.0002243533672299236,-8.402288436889648,-7.083294349286007e-06,-1.8903108866652474e-05,0.0003856743569485843,1.1059558346460108e-05,0.00261779990978539,0.0,3.0,0.0001419324689777568,0.20000001278810098,0.49999999887916996,0.17999999072245446,0.23999999271271383,0.15999998144028887,0.5199999575873553,1.278810096705385e-08,1.120830039891274e-09,9.27754553736726e-09,7.287286163393247e-09,1.855971112907362e-08,4.241264472959472e-08
50,1.8741514393904336e-06,-1.857113365192075,-0.0002251021328500269,-2.49617190278761e-06,0.0002110665487084995,1.0654058257841825e-07,-16.054738998413086,0.0005169259966351092,-7.567610740661621,0.00011097489186795428,-0.00024049873172771186,0.00026037881616503,7.052590808598325e-05,0.0025779999559745193,0.0,3.0,0.0001419324689777568,0.20000001278810098,0.49999999887916996,0.17999999072245446,0.23999999271271383,0.15999998144028887,0.5199999575873553,1.278810096705385e-08,1.120830039891274e-09,9.27754553736726e-09,7.287286163393247e-09,1.855971112907362e-08,4.241264472959472e-08
51,-0.001976267213973682,3.6484351555952848,0.0027182058893428663,-1.2544535493166222e-06,-0.0027459492462951172,1.0369350093242247e-05,-11.476655960083008,0.00443273177370429,-5.418739318847656,-0.001427448820322752,0.002883660839870572,8.357095066457987e-05,0.00015967294166330248,0.0025562000228092074,0.0,3.0,0.0001419324689777568,0.20000001278810098,0.49999999887916996,0.17999999072245446,0.23999999271271383,0.15999998144028887,0.5199999575873553,1.278810096705385e-08,1.120830039891274e-09,9.27754553736726e-09,7.287286163393247e-09,1.855971112907362e-08,4.241264472959472e-08
52,1.8787954531395515e-06,-2.389824438255416,-0.000416317308191947,-1.1450111352635576e-06,-0.00041499215595911513,2.8312277322584123e-07,-15.077384948730469,0.0008278063032776117,-7.096731185913086,-0.00021449945052154362,-0.00044341341708786786,0.0002777522022370249,6.203468365129083e-05,0.0020285999635234475,0.0,3.0,0.0001419324689777568,0.20000001278810098,0.49999999887916996,0.17999999072245446,0.23999999271271383,0.15999998144028887,0.5199999575873553,1.278810096705385e-08,1.120830039891274e-09,9.27754553736726e-09,7.287286163393247e-09,1.855971112907362e-08,4.241264472959472e-08
53,8.088148713086563e-07,-3.5638438697588035,-7.992328971723317e-05,-2.5456242983316414e-06,4.366539088133089e-05,5.888368548312428e-08,-16.647701263427734,0.0002898072125390172,-8.146294593811035,2.417104406049475e-05,-8.582094596931711e-05,0.0003161995846312493,4.3430885853013024e-05,0.0020339000038802624,0.0,3.0,0.0001419324689777568,0.20000001278810098,0.49999999887916996,0.17999999072245446,0.23999999271271383,0.15999998144028887,0.5199999575873553,1.278810096705385e-08,1.120830039891274e-09,9.27754553736726e-09,7.287286163393247e-09,1.855971112907362e-08,4.241264472959472e-08
54,1.6405783307111095e-06,-2.4980353233675165,-4.4035529146875725e-05,-2.0988986663452637e-06,-4.229024561185982e-05,4.4113381392207884e-08,-16.93650245666504,0.00023949758906383067,-8.336967468261719,-2.067896639346145e-05,-4.8018562665674835e-05,0.0002812868042383343,6.0313330322969705e-05,0.002140500000678003,0.0,3.0,0.0001419324689777568,0.20000001278810098,0.49999999887916996,0.17999999072245446,0.23999999271271383,0.15999998144028887,0.5199999575873553,1.278810096705385e-08,1.120830039891274e-09,9.27754553736726e-09,7.287286163393247e-09,1.855971112907362e-08,4.241264472959472e-08
55,-8.267969586263383e-06,-6.444294780318388,-4.811825393360155e-05,-1.2104325678342253e-07,-4.8481617194388295e-05,8.782959071140795e-08,-16.247867584228516,0.00028295681113377213,-8.17021656036377,-2.332775511604268e-05,-5.121312278788537e-05,0.00041145639261230826,5.37544929102296e-06,0.0020827000262215734,0.0,3.0,0.0001419324689777568,0.20000001278810098,0.49999999887916996,0.17999999072245446,0.23999999271271383,0.15999998144028887,0.5199999575873553,1.278810096705385e-08,1.120830039891274e-09,9.27754553736726e-09,7.287286163393247e-09,1.855971112907362e-08,4.241264472959472e-08
56,1.2111390882349848e-06,-3.3012786611711435,-0.00012186420641575599,-4.541143174540802e-06,-0.00012000317009338353,6.916717865124156e-08,-16.486740112304688,0.0003689922159537673,-7.904735088348389,-6.097439108998515e-05,-0.00013043849321547896,0.0003075819695368409,4.7576657379977405e-05,0.00245789997279644,0.0,3.0,0.0001419324689777568,0.20000001278810098,0.49999999887916996,0.17999999072245446,0.23999999271271383,0.15999998144028887,0.5199999575873553,1.278810096705385e-08,1.120830039891274e-09,9.27754553736726e-09,7.287286163393247e-09,1.855971112907362e-08,4.241264472959472e-08
57,1.3431796896037113e-06,-3.272032162093666,-8.52103242389703e-05,-4.338166741686681e-06,4.897648164102119e-05,5.726178997633724e-08,-16.67563247680664,0.0002957423566840589,-8.126022338867188,2.6890822482528165e-05,-9.152059647021815e-05,0.0003066228237003088,4.803901902050711e-05,0.0031157999765127897,0.0,3.0,0.0001419324689777568,0.20000001278810098,0.49999999887916996,0.17999999072245446,0.23999999271271383,0.15999998144028887,0.5199999575873553,1.278810096705385e-08,1.120830039891274e-09,9.27754553736726e-09,7.287286163393247e-09,1.855971112907362e-08,4.241264472959472e-08
58,9.34551260479719e-07,-4.636118975132828,-0.0004967871683263982,-2.7419164949897134e-06,0.00043583256086287094,3.932481718038616e-07,-14.748825073242188,0.0009455420658923686,-6.963752269744873,0.00022825277119409293,-0.0005282196798361838,0.00035150573239661753,2.6633439119905233e-05,0.002679400029592216,0.0,3.0,0.0001419324689777568,0.20000001278810098,0.49999999887916996,0.17999999072245446,0.23999999271271383,0.15999998144028887,0.5199999575873553,1.278810096705385e-08,1.120830039891274e-09,9.27754553736726e-09,7.287286163393247e-09,1.855971112907362e-08,4.241264472959472e-08
59,3.2289331292461722e-06,1.269158137881667,0.0002153816940144968,-6.171323101158822e-06,0.00021692003049562382,8.41417104879838e-08,-16.29076385498047,0.00048004815471358597,-7.6416239738464355,0.00011357555922586471,0.00022637229994870722,0.00015933036047499627,0.00012087018694728613,0.0025618000654503703,0.0,3.0,0.0001419324689777568,0.20000001278810098,0.49999999887916996,0.17999999072245446,0.23999999271271383,0.15999998144028887,0.5199999575873553,1.278810096705385e-08,1.120830039891274e-09,9.27754553736726e-09,7.287286163393247e-09,1.855971112907362e-08,4.241264472959472e-08
60,1.3491351270186697e-05,-3.933958396918571,-4.720755787085666e-05,2.574682740262666e-05,-4.6231413630514495e-05,5.7723706703427524e-08,-16.667598724365234,0.00025647622533142567,-8.268474578857422,-2.252195554319769e-05,-5.09694691572804e-05,0.0003283641126472503,3.7605503166560084e-05,0.002867199946194887,0.0,3.0,0.0001419324689777568,0.20000001278810098,0.49999999887916996,0.17999999072245446,0.23999999271271383,0.15999998144028887,0.5199999575873553,1.278810096705385e-08,1.120830039891274e-09,9.27754553736726e-09,7.287286163393247e-09,1.855971112907362e-08,4.241264472959472e-08
61,9.777710075708416e-05,3.368007851087869,-9.059687801399221e-05,0.0003217583991928673,1.2579903074120644e-05,2.6190264179604128e-08,-17.45787811279297,0.00022998222266323864,-8.377508163452148,7.024896149232518e-06,-9.920512820826843e-05,9.237308404408395e-05,0.00015513131802435964,0.0025818999856710434,0.0,3.0,0.0001419324689777568,0.20000001278810098,0.49999999887916996,0.17999999072245446,0.23999999271271383,0.15999998144028887,0.5199999575873553,1.278810096705385e-08,1.120830039891274e-09,9.27754553736726e-09,7.287286163393247e-09,1.855971112907362e-08,4.241264472959472e-08
62,-0.00013427993260932988,-17.41808627097838,0.00033729065899403997,3.11970385808181e-05,0.00040463865794066335,4.998643134968006e-07,-14.508929252624512,0.0010530650615692139,-6.856050491333008,0.00021393902716226876,0.0003611503343563527,0.000786527234595269,0.0001694242237135768,0.002368599991314113,0.0,3.0,0.0001419324689777568,0.20000001278810098,0.49999999887916996,0.17999999072245446,0.23999999271271383,0.15999998144028887,0.5199999575873553,1.278810096705385e-08,1.120830039891274e-09,9.27754553736726e-09,7.287286163393247e-09,1.855971112907362e-08,4.241264472959472e-08
63,-6.589841460130676e-06,-4.912502786550123,-8.898257158471936e-05,-1.3428940049866016e-05,-8.845319734094343e-05,7.627972564705487e-08,-16.388858795166016,0.000330885814037174,-8.013736724853516,-4.43357894255314e-05,-9.505138586973771e-05,0.00036063636071048677,2.2360945877153426e-05,0.0025357999838888645,0.0,3.0,0.0001419324689777568,0.20000001278810098,0.49999999887916996,0.17999999072245446,0.23999999271271383,0.15999998144028887,0.5199999575873553,1.278810096705385e-08,1.120830039891274e-09,9.27754553736726e-09,7.287286163393247e-09,1.855971112907362e-08,4.241264472959472e-08
64,-8.261944454813767e-05,-20.67791706600245,-4.6903501773269664e-05,0.0010692430969393516,1.0138825554804761e-05,4.3228990875832096e-07,-14.654169082641602,0.0006147621897980571,-7.394275188446045,9.303728802478872e-06,-4.598890518536791e-05,0.0009016422554850578,0.00021729691070504487,0.0022222999250516295,0.0,3.0,0.0001419324689777568,0.20000001278810098,0.49999999887916996,0.17999999072245446,0.23999999271271383,0.15999998144028887,0.5199999575873553,1.278810096705385e-08,1.120830039891274e-09,9.27754553736726e-09,7.287286163393247e-09,1.855971112907362e-08,4.241264472959472e-08
65,4.7387263932288926e-05,-8.025337629159496,9.320616333085633e-05,0.00023025918038611316,-0.0001381295856692592,1.2288209916277992e-07,-15.912040710449219,0.00041484556277282536,-7.787604331970215,-6.971305992919952e-05,9.932504326570779e-05,0.00046429180656559765,2.7323108952259645e-05,0.004737499984912574,0.0,3.0,0.0001419324689777568,0.20000001278810098,0.49999999887916996,0.17999999072245446,0.23999999271271383,0.15999998144028887,0.5199999575873553,1.278810096705385e-08,1.120830039891274e-09,9.27754553736726e-09,7.287286163393247e-09,1.855971112907362e-08,4.241264472959472e-08
66,8.86201747646053e-05,-10.042282547893931,0.0010586589973859886,-0.0002945560957050502,-0.0011016585120412208,1.734849547574413e-06,-13.2645902633667,0.001990921562537551,-6.219157695770264,-0.0005704499781131744,0.001125197159126401,0.000532299280166626,5.8249519497621804e-05,0.0021173000568524003,0.0,3.0,0.0001419324689777568,0.20000001278810098,0.49999999887916996,0.17999999072245446,0.23999999271271383,0.15999998144028887,0.5199999575873553,1.278810096705385e-08,1.120830039891274e-09,9.27754553736726e-09,7.287286163393247e-09,1.855971112907362e-08,4.241264472959472e-08
67,6.964620154781329e-05,-0.6165884105306245,-9.169166238814152e-05,2.384828181768343e-05,-0.00013920939005071287,4.323376145975999e-08,-16.95664405822754,0.00032577457022853196,-8.029304504394531,-7.134524639695883e-05,-9.918139403453097e-05,0.0002200919552706182,9.040389704750851e-05,0.005358200054615736,0.0,3.0,0.0001419324689777568,0.20000001278810098,0.49999999887916996,0.17999999072245446,0.23999999271271383,0.15999998144028887,0.5199999575873553,1.278810096705385e-08,1.120830039891274e-09,9.27754553736726e-09,7.287286163393247e-09,1.855971112907362e-08,4.241264472959472e-08
68,0.0004307046004200115,-17.648747810362345,0.00020291498190223967,0.00025663876728475483,0.0002222410906536319,3.925338489807473e-07,-14.750642776489258,0.0008213313994929194,-7.104583740234375,0.00011912750778719783,0.0002185070188716054,0.0007945577963255346,0.00017283593479078263,0.0024335000198334455,0.0,3.0,0.0001419324689777568,0.20000001278810098,0.49999999887916996,0.17999999072245446,0.23999999271271383,0.15999998144028887,0.5199999575873553,1.278810096705385e-08,1.120830039891274e-09,9.27754553736726e-09,7.287286163393247e-09,1.855971112907362e-08,4.241264472959472e-08
69,1.6986017234867883e-06,-4.257378099087015,0.00014337443665311835,-2.571500340117719e-06,0.00014479193790542915,8.68606235826519e-08,-16.258960723876953,0.00041415414307266474,-7.789272308349609,7.685687887715176e-05,0.0001515223557362333,0.00033901428105309606,3.253555769333616e-05,0.0020601999713107944,0.0,3.0,0.0001419324689777568,0.20000001278810098,0.49999999887916996,0.17999999072245446,0.23999999271271383,0.15999998144028887,0.5199999575873553,1.278810096705385e-08,1.120830039891274e-09,9.27754553736726e-09,7.287286163393247e-09,1.855971112907362e-08,4.241264472959472e-08
70,1.5274811931521882e-06,-2.9177416345685314,3.821197541758441e-05,-2.2608417727554873e-06,-7.217212099906356e-05,4.7819341375543445e-08,-16.8558349609375,0.00024993933038786054,-8.294292449951172,-3.615735113271512e-05,3.945071512134746e-05,0.0002950136549770832,5.364884054870345e-05,0.003284799982793629,0.0,3.0,0.0001419324689777568,0.20000001278810098,0.49999999887916996,0.17999999072245446,0.23999999271271383,0.15999998144028887,0.5199999575873553,1.278810096705385e-08,1.120830039891274e-09,9.27754553736726e-09,7.287286163393247e-09,1.855971112907362e-08,4.241264472959472e-08
71,-0.0001477480451337924,-9.247750645006981,0.0018699686248841113,0.0001624869952900775,0.001874821865712908,5.030302418163046e-06,-12.200030326843262,0.003239556448534131,-5.732318878173828,0.0009772019693627954,0.001986600924283266,0.0005054392386227846,4.6067947550909594e-05,0.002608399954624474,0.0,3.0,0.0001419324689777568,0.20000001278810098,0.49999999887916996,0.17999999072245446,0.23999999271271383,0.15999998144028887,0.5199999575873553,1.278810096705385e-08,1.120830039891274e-09,9.27754553736726e-09,7.287286163393247e-09,1.855971112907362e-08,4.241264472959472e-08
72,-5.666328316439758e-05,-11.54313062451197,0.0009141885463527257,-1.4884808441272072e-05,0.0009134686460227974,1.3467357575791539e-06,-13.517827033996582,0.0017820867942646146,-6.329970359802246,0.00047763981274329126,0.0009721984970383346,0.0005833202158100903,8.117681863950565e-05,0.0021193999564275146,0.0,3.0,0.0001419324689777568,0.20000001278810098,0.49999999887916996,0.17999999072245446,0.23999999271271383,0.15999998144028887,0.5199999575873553,1.278810096705385e-08,1.120830039891274e-09,9.27754553736726e-09,7.287286163393247e-09,1.855971112907362e-08,4.241264472959472e-08
73,-0.0017705448084028767,-29.999965713836414,-0.0013232852589573933,0.0002079686496428864,-0.0013343458570684477,3.262339760112809e-06,-12.633066177368164,0.0028827828355133533,-5.8489990234375,-0.000688341329805553,-0.0013990859733894467,0.0012408823240548372,0.0003498287405818701,0.002135500079020858,0.0,3.0,0.0001419324689777568,0.20000001278810098,0.49999999887916996,0.17999999072245446,0.23999999271271383,0.15999998144028887,0.5199999575873553,1.278810096705385e-08,1.120830039891274e-09,9.27754553736726e-09,7.287286163393247e-09,1.855971112907362e-08,4.241264472959472e-08
74,3.5871140215278967e-07,-6.338870757967681,-2.2036987046230574e-05,-4.44117371845269e-06,-1.718857156993249e-05,8.382660610095627e-08,-16.29451560974121,0.00023704994237050414,-8.34723949432373,-7.070761967042927e-06,-2.3545018848381005e-05,0.0004079463833477348,4.921934305457398e-06,0.0020871999440714717,0.0,3.0,0.0001419324689777568,0.20000001278810098,0.49999999887916996,0.17999999072245446,0.23999999271271383,0.15999998144028887,0.5199999575873553,1.278810096705385e-08,1.120830039891274e-09,9.27754553736726e-09,7.287286163393247e-09,1.855971112907362e-08,4.241264472959472e-08
75,0.00035271794856957126,-29.99999999805588,-0.00010091863473439133,0.0006029441775650944,8.19179228361625e-05,8.432352842646651e-07,-13.9860200881958,0.0009442644077353179,-6.965104103088379,4.811456528841518e-05,-0.00010092616139445454,0.00124059256631881,0.0003498548176139593,0.0026285999920219183,0.0,3.0,0.0001419324689777568,0.20000001278810098,0.49999999887916996,0.17999999072245446,0.23999999271271383,0.15999998144028887,0.5199999575873553,1.278810096705385e-08,1.120830039891274e-09,9.27754553736726e-09,7.287286163393247e-09,1.855971112907362e-08,4.241264472959472e-08
76,1.0367964938567114e-06,-3.769631081237233,-8.644047080268158e-05,-2.527562224446073e-06,7.800180732131492e-05,6.331825375127664e-08,-16.575092315673828,0.00031631308957003057,-8.058777809143066,4.205562800052576e-05,-9.268243593396619e-05,0.00032296121935360134,4.018883919343352e-05,0.0053313999669626355,0.0,3.0,0.0001419324689777568,0.20000001278810098,0.49999999887916996,0.17999999072245446,0.23999999271271383,0.15999998144028887,0.5199999575873553,1.278810096705385e-08,1.120830039891274e-09,9.27754553736726e-09,7.287286163393247e-09,1.855971112907362e-08,4.241264472959472e-08
77,7.260972260959617e-05,-13.94657121278045,-0.00040132581261922474,-8.158498702103323e-05,0.0003438667982331831,4.415435341798002e-07,-14.632988929748535,0.0009976912988349795,-6.910066604614258,0.00018180829647462815,-0.0004242092836648226,0.0006657675839960575,0.00011757979518733919,0.002687899977900088,0.0,3.0,0.0001419324689777568,0.20000001278810098,0.49999999887916996,0.17999999072245446,0.23999999271271383,0.15999998144028887,0.5199999575873553,1.278810096705385e-08,1.120830039891274e-09,9.27754553736726e-09,7.287286163393247e-09,1.855971112907362e-08,4.241264472959472e-08
78,-7.036669369944006e-07,-8.484574625493812,0.0004745429358689888,-8.272954410399489e-06,-0.0004990136363912448,4.3631888502204674e-07,-14.644892692565918,0.0010187806328758597,-6.889148712158203,-0.000257305073319003,0.0005044343997724354,0.00047972649917937815,3.4355849493294954e-05,0.0025020999601110816,0.0,3.0,0.0001419324689777568,0.20000001278810098,0.49999999887916996,0.17999999072245446,0.23999999271271383,0.15999998144028887,0.5199999575873553,1.278810096705385e-08,1.120830039891274e-09,9.27754553736726e-09,7.287286163393247e-09,1.855971112907362e-08,4.241264472959472e-08
79,2.4241954885247722e-06,-5.575325030476237,-3.0596052500779226e-05,-4.5031380903016556e-06,-6.574317786858361e-06,7.434277904394548e-08,-16.414579391479492,0.00023200237774290144,-8.368762969970703,-1.6625625676169875e-06,-3.285396451246925e-05,0.00038258032873272896,1.2391352356644347e-05,0.0020936999935656786,0.0,3.0,0.0001419324689777568,0.20000001278810098,0.49999999887916996,0.17999999072245446,0.23999999271271383,0.15999998144028887,0.5199999575873553,1.278810096705385e-08,1.120830039891274e-09,9.27754553736726e-09,7.287286163393247e-09,1.855971112907362e-08,4.241264472959472e-08
80,4.905779034045907e-05,8.956636318957825,-1.301474854410948e-05,1.9854287752629982e-05,-0.003616296770885607,3.5718053368327674e-06,-12.542439460754395,0.002064790576696396,-6.1827263832092285,-0.0018807584419846535,-1.8513448594603688e-05,8.29726632218808e-05,0.00024806498549878597,0.0029115999350324273,0.0,3.0,0.0001419324689777568,0.20000001278810098,0.49999999887916996,0.17999999072245446,0.23999999271271383,0.15999998144028887,0.5199999575873553,1.278810096705385e-08,1.120830039891274e-09,9.27754553736726e-09,7.287286163393247e-09,1.855971112907362e-08,4.241264472959472e-08
81,7.708306357557146e-06,-2.6747489988696493,2.0093449752770676e-05,-8.859960598088796e-06,-9.948600455462593e-05,4.580116197416828e-08,-16.898956298828125,0.00024281730293296278,-8.323201179504395,-5.03954324813094e-05,2.0137984392931685e-05,0.00028706275043077767,5.750501077272929e-05,0.002583800000138581,0.0,3.0,0.0001419324689777568,0.20000001278810098,0.49999999887916996,0.17999999072245446,0.23999999271271383,0.15999998144028887,0.5199999575873553,1.278810096705385e-08,1.120830039891274e-09,9.27754553736726e-09,7.287286163393247e-09,1.855971112907362e-08,4.241264472959472e-08
82,1.0881805025624318e-06,-5.772241983436377,1.163845080987767e-05,-2.7880501836401137e-06,0.003564855627573425,3.5188120364182396e-06,-12.557387351989746,0.0020669351797550917,-6.18168830871582,0.0018555095884948969,1.2055686056555714e-05,0.0003891133237630129,9.626438441046048e-06,0.0020540000405162573,0.0,3.0,0.0001419324689777568,0.20000001278810098,0.49999999887916996,0.17999999072245446,0.23999999271271383,0.15999998144028887,0.5199999575873553,1.278810096705385e-08,1.120830039891274e-09,9.27754553736726e-09,7.287286163393247e-09,1.855971112907362e-08,4.241264472959472e-08
83,-0.0010083677557683993,10.833404698858656,0.00034086032882739577,-4.3203597858753104e-05,0.002732314488322539,2.193434511355008e-06,-13.030041694641113,0.0019871897529810667,-6.221034049987793,0.0014202662277966738,0.00035672064404934645,0.00014060860848985612,0.0002797970955725759,0.0021421000128611922,0.0,3.0,0.0001419324689777568,0.20000001278810098,0.49999999887916996,0.17999999072245446,0.23999999271271383,0.15999998144028887,0.5199999575873553,1.278810096705385e-08,1.120830039891274e-09,9.27754553736726e-09,7.287286163393247e-09,1.855971112907362e-08,4.241264472959472e-08
84,-8.327262724171668e-08,-5.934159962150927,-0.00019261886532422108,-5.0588141924733216e-06,-0.0002351264423040917,1.3430046408302587e-07,-15.823185920715332,0.0005262954509817064,-7.549647808074951,-0.00012045744369970635,-0.00020481903629843146,0.00039448990719392896,7.548050234618131e-06,0.0026949000312015414,0.0,3.0,0.0001419324689777568,0.20000001278810098,0.49999999887916996,0.17999999072245446,0.23999999271271383,0.15999998144028887,0.5199999575873553,1.278810096705385e-08,1.120830039891274e-09,9.27754553736726e-09,7.287286163393247e-09,1.855971112907362e-08,4.241264472959472e-08
85,-3.7815145422549486e-06,-4.371663150753502,-3.6696254139507374e-05,2.8353492240142433e-06,0.0029902829680524255,2.483578555256827e-06,-12.905810356140137,0.0017829741118475795,-6.329472541809082,0.0015565287321805954,-3.967963857576251e-05,0.00034278136445209384,3.0749990401091054e-05,0.0025818999856710434,0.0,3.0,0.0001419324689777568,0.20000001278810098,0.49999999887916996,0.17999999072245446,0.23999999271271383,0.15999998144028887,0.5199999575873553,1.278810096705385e-08,1.120830039891274e-09,9.27754553736726e-09,7.287286163393247e-09,1.855971112907362e-08,4.241264472959472e-08
86,6.674119341876216e-05,-13.790259634492966,0.00023948215896756744,0.00010016685757933556,0.0034245660038220655,3.4721224437817e-06,-12.570744514465332,0.002427831059321761,-6.02075719833374,0.0017837481573224068,0.00025628533330745995,0.000660370453260839,0.00011522458953550085,0.0026919000083580613,0.0,3.0,0.0001419324689777568,0.20000001278810098,0.49999999887916996,0.17999999072245446,0.23999999271271383,0.15999998144028887,0.5199999575873553,1.278810096705385e-08,1.120830039891274e-09,9.27754553736726e-09,7.287286163393247e-09,1.855971112907362e-08,4.241264472959472e-08
87,1.5167437500838714e-06,-3.9243109130853266,-5.5886344890808926e-05,-2.5249074661340666e-06,1.5819084478600722e-05,5.8238203592964055e-08,-16.658723831176758,0.00025283434661105275,-8.28277587890625,9.742915608512703e-06,-6.0189089708728716e-05,0.0003280480741523206,3.77566393581219e-05,0.0026178000262007117,0.0,3.0,0.0001419324689777568,0.20000001278810098,0.49999999887916996,0.17999999072245446,0.23999999271271383,0.15999998144028887,0.5199999575873553,1.278810096705385e-08,1.120830039891274e-09,9.27754553736726e-09,7.287286163393247e-09,1.855971112907362e-08,4.241264472959472e-08
88,-4.360186592475168e-06,-23.495711720681538,-8.718062994756913e-05,-0.00038772351111300254,4.94736024550628e-05,5.446087243399234e-07,-14.423198699951172,0.0007485606474801898,-7.197358131408691,3.0200593755580485e-05,-8.801495278021321e-05,0.0010026554809883237,0.0002580347063485533,0.0025260000256821513,0.0,3.0,0.0001419324689777568,0.20000001278810098,0.49999999887916996,0.17999999072245446,0.23999999271271383,0.15999998144028887,0.5199999575873553,1.278810096705385e-08,1.120830039891274e-09,9.27754553736726e-09,7.287286163393247e-09,1.855971112907362e-08,4.241264472959472e-08
89,2.5031145534948972e-05,-5.916073550492698,-0.0008750332466862298,-0.0001342807365287079,-0.0008999797439856689,1.1589866062422516e-06,-13.667964935302734,0.001596557442098856,-6.439905643463135,-0.000466183788375929,-0.000929545087274164,0.0003938909503631294,7.766217095195316e-06,0.002667900058440864,0.0,3.0,0.0001419324689777568,0.20000001278810098,0.49999999887916996,0.17999999072245446,0.23999999271271383,0.15999998144028887,0.5199999575873553,1.278810096705385e-08,1.120830039891274e-09,9.27754553736726e-09,7.287286163393247e-09,1.855971112907362e-08,4.241264472959472e-08
90,0.00029150014563388357,-14.249250842486312,-7.651330029849167e-05,-7.90596567681057e-06,-7.890540574510896e-05,2.4379110641348234e-07,-15.226954460144043,0.0005163285532034934,-7.568767070770264,-3.798751640715636e-05,-7.917588663985953e-05,0.0006761965923942626,0.0001221336715389043,0.005325400037690997,0.0,3.0,0.0001419324689777568,0.20000001278810098,0.49999999887916996,0.17999999072245446,0.23999999271271383,0.15999998144028887,0.5199999575873553,1.278810096705385e-08,1.120830039891274e-09,9.27754553736726e-09,7.287286163393247e-09,1.855971112907362e-08,4.241264472959472e-08
91,1.2425781478512035e-06,-4.234711492020359,6.690341268525255e-05,-2.5377985465587043e-06,0.005089298086338313,7.074582299537724e-06,-11.859002113342285,0.0029038789216428995,-5.841707706451416,0.002647996647283435,7.030356209725142e-05,0.0003382674476597458,3.289006053819321e-05,0.005418799933977425,0.0,3.0,0.0001419324689777568,0.20000001278810098,0.49999999887916996,0.17999999072245446,0.23999999271271383,0.15999998144028887,0.5199999575873553,1.278810096705385e-08,1.120830039891274e-09,9.27754553736726e-09,7.287286163393247e-09,1.855971112907362e-08,4.241264472959472e-08
92,-7.167308897285243e-05,-8.160234788832925,-0.001455855883795849,-0.00012855742261619086,-0.0014562198000207809,3.0698117825522786e-06,-12.693894386291504,0.00254994910210371,-5.971682071685791,-0.0007551000453531742,-0.0015457358676940203,0.0004688376793637872,2.9388693292276002e-05,0.0020384000381454825,0.0,3.0,0.0001419324689777568,0.20000001278810098,0.49999999887916996,0.17999999072245446,0.23999999271271383,0.15999998144028887,0.5199999575873553,1.278810096705385e-08,1.120830039891274e-09,9.27754553736726e-09,7.287286163393247e-09,1.855971112907362e-08,4.241264472959472e-08
93,-2.015728248314803e-05,-4.034933400150112,3.834217059316389e-05,0.0002120528082768851,0.00144187424240829,6.217121608642628e-07,-14.290788650512695,0.0009750741301104426,-6.932997226715088,0.0007513075252063572,3.991385892732069e-05,0.0003316845395602286,3.602097058319487e-05,0.0021388999884948134,0.0,3.0,0.0001419324689777568,0.20000001278810098,0.49999999887916996,0.17999999072245446,0.23999999271271383,0.15999998144028887,0.5199999575873553,1.278810096705385e-08,1.120830039891274e-09,9.27754553736726e-09,7.287286163393247e-09,1.855971112907362e-08,4.241264472959472e-08
94,7.798228258781946e-05,-11.136390558873588,-5.616391028661614e-05,0.00024017559043051364,-0.002172397528804028,1.4386449720404926e-06,-13.45180892944336,0.001507708104327321,-6.497164726257324,-0.0011270713293924928,-5.84295776207e-05,0.0005694393184967339,7.497501064790413e-05,0.0026200999272987247,0.0,3.0,0.0001419324689777568,0.20000001278810098,0.49999999887916996,0.17999999072245446,0.23999999271271383,0.15999998144028887,0.5199999575873553,1.278810096705385e-08,1.120830039891274e-09,9.27754553736726e-09,7.287286163393247e-09,1.855971112907362e-08,4.241264472959472e-08
95,1.0471000221363308e-06,-8.224439862310556,7.262810361307073e-05,3.674578177186189e-05,-0.00233796978089255,1.5902110135357361e-06,-13.351643562316895,0.0015418045222759247,-6.474802017211914,-0.0012136006262153387,7.752721285214648e-05,0.00047098370851017535,3.0369656087714247e-05,0.005374799948185682,0.0,3.0,0.0001419324689777568,0.20000001278810098,0.49999999887916996,0.17999999072245446,0.23999999271271383,0.15999998144028887,0.5199999575873553,1.278810096705385e-08,1.120830039891274e-09,9.27754553736726e-09,7.287286163393247e-09,1.855971112907362e-08,4.241264472959472e-08
96,-6.850756018480804e-06,-3.3314738747603645,-2.607173439450066e-05,-7.38050151073519e-07,-2.1653232522353606e-05,4.963794353329831e-08,-16.818510055541992,0.00021636227029375732,-8.438556671142578,-9.828078873397317e-06,-2.8698137612082064e-05,0.00030857283854857087,4.7099274524953216e-05,0.0026154000079259276,0.0,3.0,0.0001419324689777568,0.20000001278810098,0.49999999887916996,0.17999999072245446,0.23999999271271383,0.15999998144028887,0.5199999575873553,1.278810096705385e-08,1.120830039891274e-09,9.27754553736726e-09,7.287286163393247e-09,1.855971112907362e-08,4.241264472959472e-08
97,1.0141765469663674e-06,-6.410401252562444,3.749752787071471e-05,-2.9403536029851598e-06,3.810446118487715e-05,8.624439828963659e-08,-16.266080856323242,0.0002691452973522246,-8.220258712768555,2.169205436075572e-05,3.970112084061839e-05,0.0004103273677174002,5.176872491574613e-06,0.002146999933756888,0.0,3.0,0.0001419324689777568,0.20000001278810098,0.49999999887916996,0.17999999072245446,0.23999999271271383,0.15999998144028887,0.5199999575873553,1.278810096705385e-08,1.120830039891274e-09,9.27754553736726e-09,7.287286163393247e-09,1.855971112907362e-08,4.241264472959472e-08
98,7.217809086164325e-07,-5.779725410977479,-1.1025025815899522e-05,-3.4164738751541918e-06,0.004143398439622662,4.725848611997208e-06,-12.262463569641113,0.00236780708655715,-6.045791149139404,0.0021563528571277857,-1.2010773389192764e-05,0.00038936169585213065,9.525394489173777e-06,0.0021388999884948134,0.0,3.0,0.0001419324689777568,0.20000001278810098,0.49999999887916996,0.17999999072245446,0.23999999271271383,0.15999998144028887,0.5199999575873553,1.278810096705385e-08,1.120830039891274e-09,9.27754553736726e-09,7.287286163393247e-09,1.855971112907362e-08,4.241264472959472e-08
99,-7.969426482514637e-06,-10.970217055883206,-8.517511269574947e-05,-1.250287043867445e-05,0.0027570321031432097,2.232221277154167e-06,-13.012513160705566,0.0018436121754348278,-6.2960286140441895,0.0014362072106450796,-8.928555325837806e-05,0.0005637984140776098,7.244055450428277e-05,0.002665800042450428,0.0,3.0,0.0001419324689777568,0.20000001278810098,0.49999999887916996,0.17999999072245446,0.23999999271271383,0.15999998144028887,0.5199999575873553,1.278810096705385e-08,1.120830039891274e-09,9.27754553736726e-09,7.287286163393247e-09,1.855971112907362e-08,4.241264472959472e-08
100,1.0891860917122217e-05,-5.549004457953488,-1.3243483026823878e-06,6.23778579045162e-06,-0.00011537097285097482,7.63267280490254e-08,-16.388242721557617,0.00025725539308041334,-8.265440940856934,-5.8240650105290115e-05,-1.7749957805790473e-06,0.0003817067772615701,1.2772718946507666e-05,0.002508800011128187,0.0,3.0,0.0001419324689777568,0.20000001278810098,0.49999999887916996,0.17999999072245446,0.23999999271271383,0.15999998144028887,0.5199999575873553,1.278810096705385e-08,1.120830039891274e-09,9.27754553736726e-09,7.287286163393247e-09,1.855971112907362e-08,4.241264472959472e-08
0,10.0,-10.0,0.0,10.0,0.0,2.664279996622554e-08,-17.440746307373047,0.00016519649943802506,-8.708374977111816,-4.810091240869951e-07,-3.472792968750582e-06,0.00013611702888738364,0.00018636837194208056,0.003661600057967007,0.0,4.0,0.00016519649943802506,0.20000001278810098,0.49999999887916996,0.17999999072245446,0.23999999271271383,0.15999998144028887,0.5199999575873553,1.278810096705385e-08,1.120830039891274e-09,9.27754553736726e-09,7.287286163393247e-09,1.855971112907362e-08,4.241264472959472e-08
1,1.0475232973744728,-30.0,0.0009849444389584403,0.9828936396716644,-0.0009380452607769305,2.025194817178999e-06,-13.109844207763672,0.0022755255922675133,-6.085544109344482,-0.00048305242671631277,0.0010795658454298973,0.0010566454147920012,0.00036916907993145287,0.00202669994905591,0.0,4.0,0.00016519649943802506,0.20000001278810098,0.49999999887916996,0.17999999072245446,0.23999999271271383,0.15999998144028887,0.5199999575873553,1.278810096705385e-08,1.120830039891274e-09,9.27754553736726e-09,7.287286163393247e-09,1.855971112907362e-08,4.241264472959472e-08
2,3.3262045152059256e-06,-4.300426533462801,5.5276192573909283e-05,-2.0520270639686063e-06,-5.071571739790408e-05,6.2430999037133e-08,-16.589204788208008,0.0002689231187105179,-8.221084594726562,-2.4800880055408925e-05,5.7974484661826864e-05,0.00034043285995721817,3.1862626201473176e-05,0.002592200064100325,0.0,4.0,0.00016519649943802506,0.20000001278810098,0.49999999887916996,0.17999999072245446,0.23999999271271383,0.15999998144028887,0.5199999575873553,1.278810096705385e-08,1.120830039891274e-09,9.27754553736726e-09,7.287286163393247e-09,1.855971112907362e-08,4.241264472959472e-08
3,2.7705399903113905e-06,10.50748030636353,3.1481640888466577e-05,-1.7560015594120778e-07,-2.9724258241942748e-05,4.720769908317379e-08,-16.868709564208984,0.00024668662808835506,-8.307392120361328,-1.5950157830957323e-05,2.8261561965337023e-05,0.00013065234816167504,0.00027429749025031924,0.0026033000322058797,0.0,4.0,0.00016519649943802506,0.20000001278810098,0.49999999887916996,0.17999999072245446,0.23999999271271383,0.15999998144028887,0.5199999575873553,1.278810096705385e-08,1.120830039891274e-09,9.27754553736726e-09,7.287286163393247e-09,1.855971112907362e-08,4.241264472959472e-08
4,-6.805349595958808e-05,-16.41588021570634,0.0001648967550427289,-3.30886907559046e-05,-0.00012508524667022378,3.297064097296243e-07,-14.925063133239746,0.0006924726185388863,-7.275241851806641,-6.167108949739486e-05,0.00017779514018911868,0.000751464394852519,0.00015454839740414172,0.002660099999047816,0.0,4.0,0.00016519649943802506,0.20000001278810098,0.49999999887916996,0.17999999072245446,0.23999999271271383,0.15999998144028887,0.5199999575873553,1.278810096705385e-08,1.120830039891274e-09,9.27754553736726e-09,7.287286163393247e-09,1.855971112907362e-08,4.241264472959472e-08
5,8.270827901532205e-06,-5.766117841995883,7.00424752936234e-05,-2.789108824741796e-06,-6.368444980127547e-05,8.214187374733228e-08,-16.314817428588867,0.0003047206555493176,-8.096115112304688,-3.1332081562140957e-05,7.40790055715479e-05,0.00038890959694981575,9.709510777611285e-06,0.002017499995417893,0.0,4.0,0.00016519649943802506,0.20000001278810098,0.49999999887916996,0.17999999072245446,0.23999999271271383,0.15999998144028887,0.5199999575873553,1.278810096705385e-08,1.120830039891274e-09,9.27754553736726e-09,7.287286163393247e-09,1.855971112907362e-08,4.241264472959472e-08
6,9.56151699022084e-06,8.883544244229176,-0.0021281310329269287,2.5865678417722146e-06,0.002018157998968849,6.263540853979066e-06,-11.980765342712402,0.0034776863176375628,-5.661387920379639,0.0010491678258404136,-0.002264744369313121,8.071667980402708e-05,0.00024683165247552097,0.0020574000664055347,0.0,4.0,0.00016519649943802506,0.20000001278810098,0.49999999887916996,0.17999999072245446,0.23999999271271383,0.15999998144028887,0.5199999575873553,1.278810096705385e-08,1.120830039891274e-09,9.27754553736726e-09,7.287286163393247e-09,1.855971112907362e-08,4.241264472959472e-08
7,-5.451223707735665e-06,-25.143036168256195,5.824949597060934e-05,-6.85993563072119e-05,-4.654937630732211e-05,6.086963253437716e-07,-14.311945915222168,0.0007582554244436324,-7.184490203857422,-1.947007331182249e-05,6.686194683425128e-05,0.0010622638510540128,0.0002815829066094011,0.002750099985860288,0.0,4.0,0.00016519649943802506,0.20000001278810098,0.49999999887916996,0.17999999072245446,0.23999999271271383,0.15999998144028887,0.5199999575873553,1.278810096705385e-08,1.120830039891274e-09,9.27754553736726e-09,7.287286163393247e-09,1.855971112907362e-08,4.241264472959472e-08
8,-0.0023903825837711555,-29.999993903033072,-0.000196790021945815,-6.67772943769588e-05,-0.001193324803890244,1.2505407767093857e-06,-13.591934204101562,0.0016131491865962744,-6.429566860198975,-0.0006150099798105657,-0.0002027401205850765,0.0012409776682034135,0.00034982035867869854,0.0025517999893054366,0.0,4.0,0.00016519649943802506,0.20000001278810098,0.49999999887916996,0.17999999072245446,0.23999999271271383,0.15999998144028887,0.5199999575873553,1.278810096705385e-08,1.120830039891274e-09,9.27754553736726e-09,7.287286163393247e-09,1.855971112907362e-08,4.241264472959472e-08
9,1.4908103695087068e-06,-0.3237221815351735,3.8449336535663754e-05,-4.7211179165708056e-07,-3.8041797008188834e-05,2.8573209576165937e-08,-17.37079620361328,0.00021058956917840987,-8.465599060058594,-1.8779641322907992e-05,3.894208566634916e-05,0.00021062136511318386,9.511433017905802e-05,0.0033190998947247863,0.0,4.0,0.00016519649943802506,0.20000001278810098,0.49999999887916996,0.17999999072245446,0.23999999271271383,0.15999998144028887,0.5199999575873553,1.278810096705385e-08,1.120830039891274e-09,9.27754553736726e-09,7.287286163393247e-09,1.855971112907362e-08,4.241264472959472e-08
10,1.2552748489879224e-06,2.3345981483811507,-1.4454659192738342e-06,-9.625868229587978e-07,5.39665102056569e-06,1.742522037773142e-08,-17.865346908569336,0.00013938290067017078,-8.87828540802002,3.433905703786877e-06,-4.21573759012972e-06,0.00012525221973191947,0.00013821430911775678,0.0026324999053031206,0.0,4.0,0.00013938290067017078,0.20000001278810098,0.49999999887916996,0.17999999072245446,0.23999999271271383,0.15999998144028887,0.5199999575873553,1.278810096705385e-08,1.120830039891274e-09,9.27754553736726e-09,7.287286163393247e-09,1.855971112907362e-08,4.241264472959472e-08
11,0.001876827042749513,-5.404346216444999,-0.0013636551126030398,-0.0015820819658091,-0.0025726614297387532,3.95445613321499e-06,-12.440667152404785,0.0029804850928485394,-5.815669059753418,-0.0013360528973862529,-0.0014485522406175733,0.00037683913251385093,1.4920708963472862e-05,0.0024584000930190086,0.0,4.0,0.00013938290067017078,0.20000001278810098,0.49999999887916996,0.17999999072245446,0.23999999271271383,0.15999998144028887,0.5199999575873553,1.278810096705385e-08,1.120830039891274e-09,9.27754553736726e-09,7.287286163393247e-09,1.855971112907362e-08,4.241264472959472e-08
12,-7.386942045339766e-05,20.74286391068136,0.0002338991629109703,1.3694897722480031e-06,0.00019684517629628653,2.652341208886355e-07,-15.14265251159668,0.0007848829263821244,-7.149975776672363,0.0001005247249850072,0.00023997100652195513,0.0004364610940683633,0.00045231333933770657,0.0020537000382319093,0.0,4.0,0.00013938290067017078,0.20000001278810098,0.49999999887916996,0.17999999072245446,0.23999999271271383,0.15999998144028887,0.5199999575873553,1.278810096705385e-08,1.120830039891274e-09,9.27754553736726e-09,7.287286163393247e-09,1.855971112907362e-08,4.241264472959472e-08
13,-4.614443689022686e-07,-4.295393069871355,2.573896410486023e-05,-1.3304348985382451e-06,-5.671977808441277e-05,5.98885208091815e-08,-16.630781173706055,0.0002406323910690844,-8.332240104675293,-2.7923717425437644e-05,2.6604491722537205e-05,0.00034026714274659753,3.19412283715792e-05,0.0020790999988093972,0.0,4.0,0.00013938290067017078,0.20000001278810098,0.49999999887916996,0.17999999072245446,0.23999999271271383,0.15999998144028887,0.5199999575873553,1.278810096705385e-08,1.120830039891274e-09,9.27754553736726e-09,7.287286163393247e-09,1.855971112907362e-08,4.241264472959472e-08
14,-2.5073350365275284e-05,3.6017614662210207,2.951607259626435e-07,-4.2748110281692244e-05,-7.245529768925303e-05,1.763791068754017e-08,-17.85321617126465,0.00016194061026908457,-8.728281021118164,-3.722589462995529e-05,-2.7470989607536467e-06,8.497444650856778e-05,0.00015896080003585666,0.0020631999941542745,0.0,4.0,0.00013938290067017078,0.20000001278810098,0.49999999887916996,0.17999999072245446,0.23999999271271383,0.15999998144028887,0.5199999575873553,1.278810096705385e-08,1.120830039891274e-09,9.27754553736726e-09,7.287286163393247e-09,1.855971112907362e-08,4.241264472959472e-08
15,1.8557834867837925e-06,-0.26019206684288343,3.4674240128614455e-05,-4.167261000014637e-06,-3.0108764759844895e-05,2.7805514335454973e-08,-17.39803123474121,0.00020193035015836358,-8.507587432861328,-1.4663468391518109e-05,3.4914177376776934e-05,0.00020856792980339378,9.613746806280687e-05,0.002785900025628507,0.0,4.0,0.00013938290067017078,0.20000001278810098,0.49999999887916996,0.17999999072245446,0.23999999271271383,0.15999998144028887,0.5199999575873553,1.278810096705385e-08,1.120830039891274e-09,9.27754553736726e-09,7.287286163393247e-09,1.855971112907362e-08,4.241264472959472e-08
16,-1.764621266412279e-05,-4.663250022657003,-0.000191120252002073,1.1536229156129876e-05,-0.0002682353434586994,1.2289257256270503e-07,-15.911954879760742,0.0005307594547048211,-7.541201591491699,-0.00013785858754999936,-0.00020359366317279637,0.00035240218858234584,2.621226303745061e-05,0.005301700090058148,0.0,4.0,0.00013938290067017078,0.20000001278810098,0.49999999887916996,0.17999999072245446,0.23999999271271383,0.15999998144028887,0.5199999575873553,1.278810096705385e-08,1.120830039891274e-09,9.27754553736726e-09,7.287286163393247e-09,1.855971112907362e-08,4.241264472959472e-08
17,2.654020688361824e-06,1.5333372482445404,0.00019794199830506793,-1.465432158177733e-06,-6.884846607348138e-05,6.361145210576069e-08,-16.570472717285156,0.00038084661355242133,-7.873113632202148,-3.506119901430793e-05,0.0002077727986034006,0.0001508631685283035,0.00012516211427282542,0.0020666999043896794,0.0,4.0,0.00013938290067017078,0.20000001278810098,0.49999999887916996,0.17999999072245446,0.23999999271271383,0.15999998144028887,0.5199999575873553,1.278810096705385e-08,1.120830039891274e-09,9.27754553736726e-09,7.287286163393247e-09,1.855971112907362e-08,4.241264472959472e-08
18,-0.00015925657456352258,-12.692224832842742,5.7967640274834666e-05,-3.9497851217032493e-05,-4.307870958628194e-05,2.0308135617597145e-07,-15.409659385681152,0.0004434389411471784,-7.720950603485107,-1.959244218596723e-05,6.321219552773982e-05,0.0006226354744285345,9.863312152447179e-05,0.00532950006891042,0.0,4.0,0.00013938290067017078,0.20000001278810098,0.49999999887916996,0.17999999072245446,0.23999999271271383,0.15999998144028887,0.5199999575873553,1.278810096705385e-08,1.120830039891274e-09,9.27754553736726e-09,7.287286163393247e-09,1.855971112907362e-08,4.241264472959472e-08
19,1.3732023290763601e-06,-1.4766012215799613,0.0050546590932650836,7.692032951656265e-05,6.687336388395009e-06,2.8833099349867553e-05,-10.453986167907715,0.005533451680094004,-5.196943283081055,4.64339700556593e-06,0.0053665065206587315,0.00024799504899419844,7.660847040824592e-05,0.005334599991329014,0.0,4.0,0.00013938290067017078,0.20000001278810098,0.49999999887916996,0.17999999072245446,0.23999999271271383,0.15999998144028887,0.5199999575873553,1.278810096705385e-08,1.120830039891274e-09,9.27754553736726e-09,7.287286163393247e-09,1.855971112907362e-08,4.241264472959472e-08
20,-0.00019690694642026478,-8.930618463964166,-0.00012607333968735115,-0.0017560715407759638,-0.00015949879234907169,1.4754245114545483e-07,-15.72914981842041,0.0004819861496798694,-7.637595176696777,-8.069127216003835e-05,-0.00013328732165973634,0.0004948066198267043,4.120852827327326e-05,0.005886099999770522,0.0,4.0,0.00013938290067017078,0.20000001278810098,0.49999999887916996,0.17999999072245446,0.23999999271271383,0.15999998144028887,0.5199999575873553,1.278810096705385e-08,1.120830039891274e-09,9.27754553736726e-09,7.287286163393247e-09,1.855971112907362e-08,4.241264472959472e-08
21,1.2904646772525033e-06,-2.31278817646544,0.0001677224022531304,-2.261966618282659e-06,-0.0001643957596030745,7.82316647018888e-08,-16.36359214782715,0.00043026357889175415,-7.751112461090088,-8.42003573779948e-05,0.00017681422468740493,0.0002752371074166149,6.326085713226348e-05,0.002042299951426685,0.0,4.0,0.00013938290067017078,0.20000001278810098,0.49999999887916996,0.17999999072245446,0.23999999271271383,0.15999998144028887,0.5199999575873553,1.278810096705385e-08,1.120830039891274e-09,9.27754553736726e-09,7.287286163393247e-09,1.855971112907362e-08,4.241264472959472e-08
22,1.482843356388512e-05,-13.510226645031112,0.0005715539436669053,-1.0975511856352194e-06,0.0006057533399609222,6.896807462908328e-07,-14.187037467956543,0.001307656872086227,-6.6395182609558105,0.0003179233754053712,0.0006088675581850111,0.0006507305079139769,0.00011100138362962753,0.005315799964591861,0.0,4.0,0.00013938290067017078,0.20000001278810098,0.49999999887916996,0.17999999072245446,0.23999999271271383,0.15999998144028887,0.5199999575873553,1.278810096705385e-08,1.120830039891274e-09,9.27754553736726e-09,7.287286163393247e-09,1.855971112907362e-08,4.241264472959472e-08
23,4.4150456874821194e-05,-7.881102937429098,-0.0023275486729890243,3.646832764243214e-05,-0.0015496859691056404,6.860480425530113e-06,-11.88973331451416,0.0035175953526049852,-5.649977684020996,-0.0008037435472942889,-0.0024715601466596127,0.0004594602214638144,2.512303035473451e-05,0.0020703000482171774,0.0,4.0,0.00013938290067017078,0.20000001278810098,0.49999999887916996,0.17999999072245446,0.23999999271271383,0.15999998144028887,0.5199999575873553,1.278810096705385e-08,1.120830039891274e-09,9.27754553736726e-09,7.287286163393247e-09,1.855971112907362e-08,4.241264472959472e-08
24,-4.585615592244592e-06,-1.2691400344383477,-0.000659087174238241,-2.3305666292732386e-06,8.028030107045768e-05,5.263264029053971e-07,-14.457344055175781,0.0009050379157997668,-7.007533550262451,4.2882187699433416e-05,-0.000701563258189708,0.0002412557223578915,7.99292465671897e-05,0.0020389000419527292,0.0,4.0,0.00013938290067017078,0.20000001278810098,0.49999999887916996,0.17999999072245446,0.23999999271271383,0.15999998144028887,0.5199999575873553,1.278810096705385e-08,1.120830039891274e-09,9.27754553736726e-09,7.287286163393247e-09,1.855971112907362e-08,4.241264472959472e-08
25,-4.45158300945826e-06,0.9903606068795411,4.167107111843087e-05,-3.900222629542695e-06,-0.00023442665203761328,3.735068077048709e-08,-17.102914810180664,0.00030537269776687026,-8.093977928161621,-0.00012108546070521697,4.1974537452915683e-05,0.00016827855142764747,0.0001163468332379125,0.002572000026702881,0.0,4.0,0.00013938290067017078,0.20000001278810098,0.49999999887916996,0.17999999072245446,0.23999999271271383,0.15999998144028887,0.5199999575873553,1.278810096705385e-08,1.120830039891274e-09,9.27754553736726e-09,7.287286163393247e-09,1.855971112907362e-08,4.241264472959472e-08
26,1.8966252315315396e-06,0.7651495568563157,3.8157443736211994e-05,-2.824982282930685e-06,-3.493135993273498e-05,2.3520751568639753e-08,-17.56538200378418,0.00019973277812823653,-8.518529891967773,-1.7316173398285173e-05,3.8309910451062024e-05,0.00017551550990901887,0.00011269786773482338,0.005399900022894144,0.0,4.0,0.00013938290067017078,0.20000001278810098,0.49999999887916996,0.17999999072245446,0.23999999271271383,0.15999998144028887,0.5199999575873553,1.278810096705385e-08,1.120830039891274e-09,9.27754553736726e-09,7.287286163393247e-09,1.855971112907362e-08,4.241264472959472e-08
27,1.2604622037392648e-06,-4.645455417262863,0.0006447051159225051,1.867746332383057e-05,-0.00046777435682369067,5.885399332328234e-07,-14.345621109008789,0.001114820595830679,-6.7990617752075195,-0.0002416214847471565,0.0006840481073595583,0.0003518134471960366,2.6488685762160458e-05,0.002438100054860115,0.0,4.0,0.00013938290067017078,0.20000001278810098,0.49999999887916996,0.17999999072245446,0.23999999271271383,0.15999998144028887,0.5199999575873553,1.278810096705385e-08,1.120830039891274e-09,9.27754553736726e-09,7.287286163393247e-09,1.855971112907362e-08,4.241264472959472e-08
28,-0.00031859319732682897,-5.156011831378055,-1.408703741206689e-05,5.581007835151316e-05,-0.0005110680327371484,1.381123269084128e-07,-15.795198440551758,0.00047317121061496437,-7.656053066253662,-0.00026406010147184134,-1.5442063158843666e-05,0.0003687074058689177,1.8630691556609236e-05,0.0019784000469371676,0.0,4.0,0.00013938290067017078,0.20000001278810098,0.49999999887916996,0.17999999072245446,0.23999999271271383,0.15999998144028887,0.5199999575873553,1.278810096705385e-08,1.120830039891274e-09,9.27754553736726e-09,7.287286163393247e-09,1.855971112907362e-08,4.241264472959472e-08
29,4.18398370653924e-06,-6.77006268309673,4.273146014945957e-05,-8.585658590698582e-06,-3.6480710539345416e-05,9.156065772231159e-08,-16.20626449584961,0.0002779643691610545,-8.188017845153809,-1.703969064692501e-05,4.5362488890532404e-05,0.0004223120049573481,8.812377018330153e-06,0.005337100010365248,0.0,4.0,0.00013938290067017078,0.20000001278810098,0.49999999887916996,0.17999999072245446,0.23999999271271383,0.15999998144028887,0.5199999575873553,1.278810096705385e-08,1.120830039891274e-09,9.27754553736726e-09,7.287286163393247e-09,1.855971112907362e-08,4.241264472959472e-08
30,0.005992954968192942,-21.168362005780274,0.005463690936113072,0.009732008839325432,0.005454054175571454,4.2244832002324983e-05,-10.072028160095215,0.009219365194439888,-4.68644905090332,0.0028402116149663925,0.005807872861623764,0.000918095582164824,0.00022446671209763736,0.005351300002075732,0.0,4.0,0.00013938290067017078,0.20000001278810098,0.49999999887916996,0.17999999072245446,0.23999999271271383,0.15999998144028887,0.5199999575873553,1.278810096705385e-08,1.120830039891274e-09,9.27754553736726e-09,7.287286163393247e-09,1.855971112907362e-08,4.241264472959472e-08
31,2.411110201611012e-06,5.19108151639338,5.2658471599677776e-05,-8.615729662119669e-05,-1.637573995251767e-05,2.0566634617580348e-08,-17.699596405029297,0.00017072618356905878,-8.67544937133789,-8.284727300633676e-06,5.238281300989911e-05,3.495116834528744e-05,0.00018516612180974334,0.002439300063997507,0.0,4.0,0.00013938290067017078,0.20000001278810098,0.49999999887916996,0.17999999072245446,0.23999999271271383,0.15999998144028887,0.5199999575873553,1.278810096705385e-08,1.120830039891274e-09,9.27754553736726e-09,7.287286163393247e-09,1.855971112907362e-08,4.241264472959472e-08
32,7.020760908697584e-05,-8.137164708869566,8.799405015453215e-05,0.0002987325690123157,-2.9691980708247038e-06,1.1875554406515221e-07,-15.946198463439941,0.00034294507349841297,-7.977940082550049,5.867760819455725e-07,9.382168354932219e-05,0.0004680411657318473,2.9032053134869784e-05,0.002480700029991567,0.0,4.0,0.00013938290067017078,0.20000001278810098,0.49999999887916996,0.17999999072245446,0.23999999271271383,0.15999998144028887,0.5199999575873553,1.278810096705385e-08,1.120830039891274e-09,9.27754553736726e-09,7.287286163393247e-09,1.855971112907362e-08,4.241264472959472e-08
33,1.007750413945078e-06,-3.8001386036240965,3.2386352327396314e-05,-6.94283268607461e-06,-4.8382591491169614e-05,5.494824151242028e-08,-16.716875076293945,0.0002390168810961768,-8.33897590637207,-2.3659860744373873e-05,3.352048224769533e-05,0.0003239643119741231,3.970876059611328e-05,0.0024518000427633524,0.0,4.0,0.00013938290067017078,0.20000001278810098,0.49999999887916996,0.17999999072245446,0.23999999271271383,0.15999998144028887,0.5199999575873553,1.278810096705385e-08,1.120830039891274e-09,9.27754553736726e-09,7.287286163393247e-09,1.855971112907362e-08,4.241264472959472e-08
34,-3.438916819058545e-08,-5.894802528827331,-0.00021598357312296537,1.2835607814524457e-05,-0.00030873676083956783,1.5526318009051465e-07,-15.678144454956055,0.0005889898166060448,-7.4371018409729,-0.0001587405422469601,-0.0002296437742188573,0.000393182213883847,8.028718184505124e-06,0.002731399959884584,0.0,4.0,0.00013938290067017078,0.20000001278810098,0.49999999887916996,0.17999999072245446,0.23999999271271383,0.15999998144028887,0.5199999575873553,1.278810096705385e-08,1.120830039891274e-09,9.27754553736726e-09,7.287286163393247e-09,1.855971112907362e-08,4.241264472959472e-08
35,-4.294908384959468e-05,-3.896823164129474,4.0645534902900546e-05,-2.0993949843643442e-06,-6.809747156848643e-05,5.718152706890578e-08,-16.677034378051758,0.00025888445088639855,-8.25912857055664,-3.3897642424562946e-05,4.231980346958153e-05,0.0003271463210694492,3.818771074293181e-05,0.004683100036345422,0.0,4.0,0.00013938290067017078,0.20000001278810098,0.49999999887916996,0.17999999072245446,0.23999999271271383,0.15999998144028887,0.5199999575873553,1.278810096705385e-08,1.120830039891274e-09,9.27754553736726e-09,7.287286163393247e-09,1.855971112907362e-08,4.241264472959472e-08
36,0.002050640167620243,11.983867140665783,-0.0009277348891281415,5.421020903000005e-08,0.0009330240942054967,1.2768880424118834e-06,-13.571084976196289,0.0017130188643932343,-6.369498252868652,0.0004844810755457729,-0.0009908882202580571,0.00017576772370375693,0.000299531442578882,0.0057338000042364,0.0,4.0,0.00013938290067017078,0.20000001278810098,0.49999999887916996,0.17999999072245446,0.23999999271271383,0.15999998144028887,0.5199999575873553,1.278810096705385e-08,1.120830039891274e-09,9.27754553736726e-09,7.287286163393247e-09,1.855971112907362e-08,4.241264472959472e-08
37,-0.006009688805191727,-28.921832560706385,-0.0006516020065370488,0.0005021854413785269,0.0006499532082286994,1.3662837545780349e-06,-13.503416061401367,0.0017974708462134004,-6.321374893188477,0.0003433211531955749,-0.0006860350258648396,0.0012014391832053661,0.0003347901802044362,0.002007200033403933,0.0,4.0,0.00013938290067017078,0.20000001278810098,0.49999999887916996,0.17999999072245446,0.23999999271271383,0.15999998144028887,0.5199999575873553,1.278810096705385e-08,1.120830039891274e-09,9.27754553736726e-09,7.287286163393247e-09,1.855971112907362e-08,4.241264472959472e-08
38,2.0711270324281656e-06,-6.030063711681869,7.594418811608754e-05,-6.182607415688932e-06,-8.20645714154885e-06,8.556791186720147e-08,-16.273956298828125,0.00028494326397776604,-8.163220405578613,-2.4450898763461737e-06,8.042240369832143e-05,0.0003976762527599931,6.475287591456436e-06,0.0020670000230893493,0.0,4.0,0.00013938290067017078,0.20000001278810098,0.49999999887916996,0.17999999072245446,0.23999999271271383,0.15999998144028887,0.5199999575873553,1.278810096705385e-08,1.120830039891274e-09,9.27754553736726e-09,7.287286163393247e-09,1.855971112907362e-08,4.241264472959472e-08
39,1.0772873434844982e-06,-5.164173287732622,1.680715407245031e-05,-3.2602422635775505e-06,-8.133319670242617e-05,7.018681458248466e-08,-16.472105026245117,0.0002517024695407599,-8.287262916564941,-4.059689672430977e-05,1.7369849956594408e-05,0.00036895976518280804,1.851170600275509e-05,0.0026039999211207032,0.0,4.0,0.00013938290067017078,0.20000001278810098,0.49999999887916996,0.17999999072245446,0.23999999271271383,0.15999998144028887,0.5199999575873553,1.278810096705385e-08,1.120830039891274e-09,9.27754553736726e-09,7.287286163393247e-09,1.855971112907362e-08,4.241264472959472e-08
40,1.6249805751862503e-06,-2.3743701717799692,0.0006515508032188504,-2.182703474370572e-06,0.0005891507940902731,6.120311581980786e-07,-14.306482315063477,0.0011680747848004103,-6.752398490905762,0.0003076526627410203,0.000690657994709909,0.0002772475709207356,6.228062557056546e-05,0.002087000058963895,0.0,4.0,0.00013938290067017078,0.20000001278810098,0.49999999887916996,0.17999999072245446,0.23999999271271383,0.15999998144028887,0.5199999575873553,1.278810096705385e-08,1.120830039891274e-09,9.27754553736726e-09,7.287286163393247e-09,1.855971112907362e-08,4.241264472959472e-08
41,-0.0014367332245524204,6.952656798691726,0.0007667078127319011,-7.273681983837735e-07,-0.000764489061256234,8.37622110338998e-07,-13.992698669433594,0.0013254777295514941,-6.625982284545898,-0.00039754551835358143,0.0008101680432446301,2.112584661517758e-05,0.0002144026948371902,0.005416899919509888,0.0,4.0,0.00013938290067017078,0.20000001278810098,0.49999999887916996,0.17999999072245446,0.23999999271271383,0.15999998144028887,0.5199999575873553,1.278810096705385e-08,1.120830039891274e-09,9.27754553736726e-09,7.287286163393247e-09,1.855971112907362e-08,4.241264472959472e-08
42,1.1152848613046218e-06,-4.314887451274526,-3.668482936527383e-05,-2.3373854741594564e-06,-0.00016291397377103396,6.709749555966482e-08,-16.517118453979492,0.0003090989193879068,-8.081849098205566,-8.314188016811386e-05,-3.968393139075488e-05,0.00034090958070009947,3.163663495797664e-05,0.0025680999970063567,0.0,4.0,0.00013938290067017078,0.20000001278810098,0.49999999887916996,0.17999999072245446,0.23999999271271383,0.15999998144028887,0.5199999575873553,1.278810096705385e-08,1.120830039891274e-09,9.27754553736726e-09,7.287286163393247e-09,1.855971112907362e-08,4.241264472959472e-08
43,-8.350515208335505e-07,-7.832177784065983,4.643613878586045e-05,1.545931620919334e-05,-6.812200786311688e-05,1.0866995125979884e-07,-16.034950256347656,0.00032403835211880505,-8.034648895263672,-3.333747372380458e-05,4.959982106811367e-05,0.0004578236839734018,2.4378443413297646e-05,0.0025707000168040395,0.0,4.0,0.00013938290067017078,0.20000001278810098,0.49999999887916996,0.17999999072245446,0.23999999271271383,0.15999998144028887,0.5199999575873553,1.278810096705385e-08,1.120830039891274e-09,9.27754553736726e-09,7.287286163393247e-09,1.855971112907362e-08,4.241264472959472e-08
44,5.046937480897961e-07,-8.170344734715764,5.75092281774008e-05,-4.041268827845128e-06,1.3290311235067408e-05,1.1435449920327301e-07,-15.983963012695312,0.0003198573540430516,-8.047635078430176,9.04666285350686e-06,6.145552470115945e-05,0.00046916844439692795,2.9541868570959195e-05,0.002574299927800894,0.0,4.0,0.00013938290067017078,0.20000001278810098,0.49999999887916996,0.17999999072245446,0.23999999271271383,0.15999998144028887,0.5199999575873553,1.278810096705385e-08,1.120830039891274e-09,9.27754553736726e-09,7.287286163393247e-09,1.855971112907362e-08,4.241264472959472e-08
45,0.00011027880896109226,-20.47729748891814,9.791719312969899e-05,-0.0020423151090654826,-0.0006361363896193253,5.415581085799204e-07,-14.428815841674805,0.0009890389628708363,-6.918776988983154,-0.00032679009018465877,0.00010775282135000452,0.0008946281159296632,0.00021436388487927616,0.0025866000214591622,0.0,4.0,0.00013938290067017078,0.20000001278810098,0.49999999887916996,0.17999999072245446,0.23999999271271383,0.15999998144028887,0.5199999575873553,1.278810096705385e-08,1.120830039891274e-09,9.27754553736726e-09,7.287286163393247e-09,1.855971112907362e-08,4.241264472959472e-08
46,-0.00010852473621295734,-2.296293659131408,0.001477035694514262,-4.283175027455528e-06,0.0012469848233418437,2.9183072456362424e-06,-12.7445068359375,0.002386127831414342,-6.038083553314209,0.0006497151334770024,0.0015672998270019889,0.0002747045655269176,6.352118361974135e-05,0.0026043999241665006,0.0,4.0,0.00013938290067017078,0.20000001278810098,0.49999999887916996,0.17999999072245446,0.23999999271271383,0.15999998144028887,0.5199999575873553,1.278810096705385e-08,1.120830039891274e-09,9.27754553736726e-09,7.287286163393247e-09,1.855971112907362e-08,4.241264472959472e-08
47,1.5846895543707913e-06,-3.6752430959561955,1.8441928983439062e-05,-2.9102632886729915e-06,-5.15525830558894e-05,5.301348338093703e-08,-16.75271987915039,0.0002247685333713889,-8.400439262390137,-2.5326255126856267e-05,1.8675264072953723e-05,0.00031985901296138763,4.167503720964305e-05,0.002550999983213842,0.0,4.0,0.00013938290067017078,0.20000001278810098,0.49999999887916996,0.17999999072245446,0.23999999271271383,0.15999998144028887,0.5199999575873553,1.278810096705385e-08,1.120830039891274e-09,9.27754553736726e-09,7.287286163393247e-09,1.855971112907362e-08,4.241264472959472e-08
48,1.0408484319121805e-06,-4.967263731322874,4.327258330633951e-05,2.3225929522422043e-06,-3.999016408933437e-05,6.834380883447011e-08,-16.498714447021484,0.00025652916519902647,-8.268268585205078,-1.912707921292167e-05,4.541935777524486e-05,0.00036244586226530373,2.151957232854329e-05,0.002636800054460764,0.0,4.0,0.00013938290067017078,0.20000001278810098,0.49999999887916996,0.17999999072245446,0.23999999271271383,0.15999998144028887,0.5199999575873553,1.278810096705385e-08,1.120830039891274e-09,9.27754553736726e-09,7.287286163393247e-09,1.855971112907362e-08,4.241264472959472e-08
49,-2.8246882670074125e-06,-4.249528064075548,-0.00045205116279489104,1.775660188902438e-06,0.000454429291298065,3.4568148521429976e-07,-14.877748489379883,0.000904396059922874,-7.008243083953857,0.000237867163377814,-0.0004808219091501087,0.0003387557517271489,3.265827399445698e-05,0.005404100054875016,0.0,4.0,0.00013938290067017078,0.20000001278810098,0.49999999887916996,0.17999999072245446,0.23999999271271383,0.15999998144028887,0.5199999575873553,1.278810096705385e-08,1.120830039891274e-09,9.27754553736726e-09,7.287286163393247e-09,1.855971112907362e-08,4.241264472959472e-08
50,0.00032032805241329667,23.856131091277465,-0.003511816578745328,-0.0012188543472905215,0.003543335456051539,1.7633607058087364e-05,-10.945703506469727,0.006096451543271542,-5.100048542022705,0.001840305281803012,-0.0037388817872852087,0.0005263815401121974,0.0005081471754238009,0.0026279999874532223,0.0,4.0,0.00013938290067017078,0.20000001278810098,0.49999999887916996,0.17999999072245446,0.23999999271271383,0.15999998144028887,0.5199999575873553,1.278810096705385e-08,1.120830039891274e-09,9.27754553736726e-09,7.287286163393247e-09,1.855971112907362e-08,4.241264472959472e-08
51,7.685804348119824e-06,-0.5949503837645637,-4.844404085187187e-05,-2.398902484640735e-06,-0.0001251295137035916,3.51207951609922e-08,-17.164472579956055,0.00027235804009251297,-8.208393096923828,-6.402677536243573e-05,-5.325869278749451e-05,0.0002193950058426708,9.075013804249465e-05,0.002040299936197698,0.0,4.0,0.00013938290067017078,0.20000001278810098,0.49999999887916996,0.17999999072245446,0.23999999271271383,0.15999998144028887,0.5199999575873553,1.278810096705385e-08,1.120830039891274e-09,9.27754553736726e-09,7.287286163393247e-09,1.855971112907362e-08,4.241264472959472e-08
52,7.195466244744923e-05,-19.403459277666812,-9.20102795398743e-05,-0.000369487461732929,-1.6576493033487373e-06,3.9538591067866946e-07,-14.743403434753418,0.0006247685523703694,-7.378129482269287,2.971517460537143e-06,-9.42310070968233e-05,0.0008564606541767716,0.00019867134687956423,0.0025915999431163073,0.0,4.0,0.00013938290067017078,0.20000001278810098,0.49999999887916996,0.17999999072245446,0.23999999271271383,0.15999998144028887,0.5199999575873553,1.278810096705385e-08,1.120830039891274e-09,9.27754553736726e-09,7.287286163393247e-09,1.855971112907362e-08,4.241264472959472e-08
53,-6.514977214750008e-06,-6.10883725672668,-0.0001745765895219678,-9.949004524418757e-06,-0.00023154648063162308,1.2864387599620386e-07,-15.866217613220215,0.0005071965279057622,-7.586612224578857,-0.00011857041681651026,-0.0001856079907156527,0.0004002951900474727,5.74102659811615e-06,0.002058700076304376,0.0,4.0,0.00013938290067017078,0.20000001278810098,0.49999999887916996,0.17999999072245446,0.23999999271271383,0.15999998144028887,0.5199999575873553,1.278810096705385e-08,1.120830039891274e-09,9.27754553736726e-09,7.287286163393247e-09,1.855971112907362e-08,4.241264472959472e-08
54,-0.00024252666703344748,-18.119412005004264,-2.3249239945612052e-05,-0.00016419869439220961,2.2102909955326597e-05,3.4585937669362465e-07,-14.877233505249023,0.0005321649950928986,-7.538557052612305,1.5128500308492221e-05,-2.1553387341555208e-05,0.0008111767238005996,0.00017978946561925113,0.002504300093278289,0.0,4.0,0.00013938290067017078,0.20000001278810098,0.49999999887916996,0.17999999072245446,0.23999999271271383,0.15999998144028887,0.5199999575873553,1.278810096705385e-08,1.120830039891274e-09,9.27754553736726e-09,7.287286163393247e-09,1.855971112907362e-08,4.241264472959472e-08
55,6.0153351331394944e-05,4.912389250790645,0.004162539190023547,0.00013280015035480546,0.005652071842774581,2.8168455173727125e-05,-10.47730827331543,0.007468631491065025,-4.897043704986572,0.0029393464792519808,0.004417175892740488,4.365657514426857e-05,0.0001805607753340155,0.0019784000469371676,0.0,4.0,0.00013938290067017078,0.20000001278810098,0.49999999887916996,0.17999999072245446,0.23999999271271383,0.15999998144028887,0.5199999575873553,1.278810096705385e-08,1.120830039891274e-09,9.27754553736726e-09,7.287286163393247e-09,1.855971112907362e-08,4.241264472959472e-08
56,1.7151631829966326e-05,-5.247530616744876,-0.0001717608057037258,3.925258489021348e-05,0.00010150142179013955,1.0564441765836818e-07,-16.063186645507812,0.00043183815432712436,-7.747459888458252,5.448918818728998e-05,-0.000182865493115969,0.00037171703297644854,1.7249871234525926e-05,0.001954499981366098,0.0,4.0,0.00013938290067017078,0.20000001278810098,0.49999999887916996,0.17999999072245446,0.23999999271271383,0.15999998144028887,0.5199999575873553,1.278810096705385e-08,1.120830039891274e-09,9.27754553736726e-09,7.287286163393247e-09,1.855971112907362e-08,4.241264472959472e-08
57,-0.0016071951121221105,-10.429172431736049,-0.0007535627684365676,-3.5766320576051736e-06,0.0007550006248707696,9.457675105295493e-07,-13.871269226074219,0.0014991965144872665,-6.502825736999512,0.00039507076144218445,-0.0007992646424099803,0.0005455318605527282,6.419026613002643e-05,0.002624999964609742,0.0,4.0,0.00013938290067017078,0.20000001278810098,0.49999999887916996,0.17999999072245446,0.23999999271271383,0.15999998144028887,0.5199999575873553,1.278810096705385e-08,1.120830039891274e-09,9.27754553736726e-09,7.287286163393247e-09,1.855971112907362e-08,4.241264472959472e-08
58,2.4155297091126635e-06,-7.904971230235746,1.820264930456486e-05,7.098120231984839e-05,-4.8418233418368045e-05,1.0716384224451758e-07,-16.048906326293945,0.0002855922211892903,-8.160945892333984,-2.3080825485521927e-05,1.9636563592939638e-05,0.0004602623521350324,2.5487332095508464e-05,0.0026270999806001782,0.0,4.0,0.00013938290067017078,0.20000001278810098,0.49999999887916996,0.17999999072245446,0.23999999271271383,0.15999998144028887,0.5199999575873553,1.278810096705385e-08,1.120830039891274e-09,9.27754553736726e-09,7.287286163393247e-09,1.855971112907362e-08,4.241264472959472e-08
59,3.1098308637805694e-05,-2.0568009046750677,1.635121213534506e-05,5.589416419411843e-06,-6.418179833209036e-05,3.916849777851894e-08,-17.05539321899414,0.00021522122551687062,-8.443843841552734,-3.212572482880205e-05,1.5983165212674066e-05,0.00026688427897170186,6.73403701512143e-05,0.002682300051674247,0.0,4.0,0.00013938290067017078,0.20000001278810098,0.49999999887916996,0.17999999072245446,0.23999999271271383,0.15999998144028887,0.5199999575873553,1.278810096705385e-08,1.120830039891274e-09,9.27754553736726e-09,7.287286163393247e-09,1.855971112907362e-08,4.241264472959472e-08
60,1.71212273429324e-07,10.722377995511673,5.113629114067731e-05,5.960788859865014e-07,-8.407542294603839e-05,5.2408967832207054e-08,-16.764188766479492,0.00030090013751760125,-8.108732223510742,-4.424163489602506e-05,4.9067981308326125e-05,0.00013723316078539938,0.0002779478672891855,0.0020502000115811825,0.0,4.0,0.00013938290067017078,0.20000001278810098,0.49999999887916996,0.17999999072245446,0.23999999271271383,0.15999998144028887,0.5199999575873553,1.278810096705385e-08,1.120830039891274e-09,9.27754553736726e-09,7.287286163393247e-09,1.855971112907362e-08,4.241264472959472e-08
61,-0.001625008197619442,7.272350768374622,-0.0038368679181442376,0.0005993823821779478,-0.0038294653358480753,2.062836938421242e-05,-10.788843154907227,0.006195696536451578,-5.083900451660156,-0.0019913767464458942,-0.004078990779817104,3.091254620812833e-05,0.0002197451249230653,0.0026141999987885356,0.0,4.0,0.00013938290067017078,0.20000001278810098,0.49999999887916996,0.17999999072245446,0.23999999271271383,0.15999998144028887,0.5199999575873553,1.278810096705385e-08,1.120830039891274e-09,9.27754553736726e-09,7.287286163393247e-09,1.855971112907362e-08,4.241264472959472e-08
62,-6.9323568428689565e-06,-5.2226144298015065,0.0008004204039207306,-1.1972666519121323e-05,0.0006580632541798535,9.089948207474663e-07,-13.910926818847656,0.0013877416495233774,-6.580077648162842,0.00034389772918075323,0.0008495836518704891,0.0003708947915583849,1.7625665350351483e-05,0.0026706999633461237,0.0,4.0,0.00013938290067017078,0.20000001278810098,0.49999999887916996,0.17999999072245446,0.23999999271271383,0.15999998144028887,0.5199999575873553,1.278810096705385e-08,1.120830039891274e-09,9.27754553736726e-09,7.287286163393247e-09,1.855971112907362e-08,4.241264472959472e-08
63,1.1084792339304778e-06,-5.874572859170061,5.28090578085337e-06,2.856268760461924e-06,-8.968110398595756e-05,7.910515620324077e-08,-16.352487564086914,0.000250564597081393,-8.291793823242188,-4.483455268200487e-05,5.333373337634839e-06,0.0003925105556845665,8.282808266812935e-06,0.002608200069516897,0.0,4.0,0.00013938290067017078,0.20000001278810098,0.49999999887916996,0.17999999072245446,0.23999999271271383,0.15999998144028887,0.5199999575873553,1.278810096705385e-08,1.120830039891274e-09,9.27754553736726e-09,7.287286163393247e-09,1.855971112907362e-08,4.241264472959472e-08
64,-1.5899040175359684e-06,-4.870189669726495,4.264790729231121e-05,-6.8470625469694524e-06,-4.084432698360835e-05,6.717471734418723e-08,-16.515968322753906,0.0002554382663220167,-8.272529602050781,-1.9585309928515926e-05,4.472792352316901e-05,0.0003592373977880925,2.3012622477835976e-05,0.001927900011651218,0.0,4.0,0.00013938290067017078,0.20000001278810098,0.49999999887916996,0.17999999072245446,0.23999999271271383,0.15999998144028887,0.5199999575873553,1.278810096705385e-08,1.120830039891274e-09,9.27754553736726e-09,7.287286163393247e-09,1.855971112907362e-08,4.241264472959472e-08
65,-0.001015205711134785,5.663292771966364,0.00012660658901818747,-2.1236641902691413e-05,-0.00012702490794127405,4.0267437384500226e-08,-17.02772331237793,0.00030333406175486743,-8.100675582885742,-6.588724500034004e-05,0.0001307730417465791,2.0386885807965882e-05,0.00019296066602692008,0.0026717999717220664,0.0,4.0,0.00013938290067017078,0.20000001278810098,0.49999999887916996,0.17999999072245446,0.23999999271271383,0.15999998144028887,0.5199999575873553,1.278810096705385e-08,1.120830039891274e-09,9.27754553736726e-09,7.287286163393247e-09,1.855971112907362e-08,4.241264472959472e-08
66,5.298300204747825e-05,-8.10647592239227,0.0030054847152163034,0.0003470846145948933,-0.0025261388976569924,1.2019645510008559e-05,-11.328968048095703,0.004751469008624554,-5.349301338195801,-0.0013114659814164042,0.0031922163907438517,0.000467010831926018,2.8562713850988075e-05,0.00539869989734143,0.0,4.0,0.00013938290067017078,0.20000001278810098,0.49999999887916996,0.17999999072245446,0.23999999271271383,0.15999998144028887,0.5199999575873553,1.278810096705385e-08,1.120830039891274e-09,9.27754553736726e-09,7.287286163393247e-09,1.855971112907362e-08,4.241264472959472e-08
67,-1.579675961038544e-05,-8.63085468079945,6.44225383142e-05,-4.183970762368026e-06,-2.7313151522635263e-05,1.2300655782837566e-07,-15.911027908325195,0.0003415510873310268,-7.98201322555542,-1.199927555717295e-05,6.892808596603572e-05,0.0004846477531827986,3.6599689337890595e-05,0.0021442000288516283,0.0,4.0,0.00013938290067017078,0.20000001278810098,0.49999999887916996,0.17999999072245446,0.23999999271271383,0.15999998144028887,0.5199999575873553,1.278810096705385e-08,1.120830039891274e-09,9.27754553736726e-09,7.287286163393247e-09,1.855971112907362e-08,4.241264472959472e-08
68,0.0001659310027949712,-18.357047490738335,-0.001334275120168379,3.244555230956422e-05,-0.0013826612557537904,2.8630859105760464e-06,-12.76361083984375,0.002630505943670869,-5.940578937530518,-0.0007153123733587563,-0.0014138001715764403,0.0008194940164685249,0.00018329273734707385,0.0020863000536337495,0.0,4.0,0.00013938290067017078,0.20000001278810098,0.49999999887916996,0.17999999072245446,0.23999999271271383,0.15999998144028887,0.5199999575873553,1.278810096705385e-08,1.120830039891274e-09,9.27754553736726e-09,7.287286163393247e-09,1.855971112907362e-08,4.241264472959472e-08
69,-7.056932711542949e-06,-24.6601797944492,9.379533368325042e-05,-7.506946793455501e-06,-8.591752776127164e-05,5.959878421890608e-07,-14.333045959472656,0.0008042239933274686,-7.1256327629089355,-4.001833440270275e-05,0.00010448573448229581,0.0010447377571836114,0.00027470209170132875,0.002607799950055778,0.0,4.0,0.00013938290067017078,0.20000001278810098,0.49999999887916996,0.17999999072245446,0.23999999271271383,0.15999998144028887,0.5199999575873553,1.278810096705385e-08,1.120830039891274e-09,9.27754553736726e-09,7.287286163393247e-09,1.855971112907362e-08,4.241264472959472e-08
70,3.5264539832360245e-06,-5.615212784146728,8.255511231556984e-06,-1.8952209161925227e-06,-7.494130984922736e-05,7.521587974679278e-08,-16.402902603149414,0.00024348597798962146,-8.320450782775879,-3.720759923453443e-05,8.417861863563303e-06,0.00038390306872315705,1.1817960512416903e-05,0.0022259000688791275,0.0,4.0,0.00013938290067017078,0.20000001278810098,0.49999999887916996,0.17999999072245446,0.23999999271271383,0.15999998144028887,0.5199999575873553,1.278810096705385e-08,1.120830039891274e-09,9.27754553736726e-09,7.287286163393247e-09,1.855971112907362e-08,4.241264472959472e-08
71,2.856724333751776e-06,10.47815126020025,7.871896906098238e-05,-1.987598674553283e-07,-7.755727899873045e-05,5.3719638515303814e-08,-16.739486694335938,0.0003210327122360468,-8.043967247009277,-4.081938459421508e-05,7.843672210583463e-05,0.00012975365098100156,0.00027379952371120453,0.002872300101444125,0.0,4.0,0.00013938290067017078,0.20000001278810098,0.49999999887916996,0.17999999072245446,0.23999999271271383,0.15999998144028887,0.5199999575873553,1.278810096705385e-08,1.120830039891274e-09,9.27754553736726e-09,7.287286163393247e-09,1.855971112907362e-08,4.241264472959472e-08
72,0.00021577391655892066,-0.5966591165646807,-3.756880343927907e-05,-2.1802642379739373e-05,3.893721991957079e-05,3.038559626133974e-08,-17.309297561645508,0.0002180807787226513,-8.430644989013672,2.1288124116836116e-05,-4.1708743083290756e-05,0.00021944053878542036,9.072726970771328e-05,0.002674599993042648,0.0,4.0,0.00013938290067017078,0.20000001278810098,0.49999999887916996,0.17999999072245446,0.23999999271271383,0.15999998144028887,0.5199999575873553,1.278810096705385e-08,1.120830039891274e-09,9.27754553736726e-09,7.287286163393247e-09,1.855971112907362e-08,4.241264472959472e-08
73,0.00022194549875217344,-11.783390541877546,0.0038336799695968724,0.0002584362236760101,-0.003825634053272959,2.071297785732895e-05,-10.784749984741211,0.006397610995918512,-5.051830768585205,-0.0019866577349603176,0.004072792828083038,0.0005914903013035655,8.483067358611152e-05,0.0027750000590458512,0.0,4.0,0.00013938290067017078,0.20000001278810098,0.49999999887916996,0.17999999072245446,0.23999999271271383,0.15999998144028887,0.5199999575873553,1.278810096705385e-08,1.120830039891274e-09,9.27754553736726e-09,7.287286163393247e-09,1.855971112907362e-08,4.241264472959472e-08
74,0.0001027103216155152,-5.319747225166287,2.2672749760783934e-05,1.4000172725924953e-05,-2.0112269452144103e-05,7.074287822206315e-08,-16.464214324951172,0.0002275174338137731,-8.388283729553223,-8.73945919011021e-06,2.3643911845283583e-05,0.0003741038090083748,1.6164327462320216e-05,0.005437999963760376,0.0,4.0,0.00013938290067017078,0.20000001278810098,0.49999999887916996,0.17999999072245446,0.23999999271271383,0.15999998144028887,0.5199999575873553,1.278810096705385e-08,1.120830039891274e-09,9.27754553736726e-09,7.287286163393247e-09,1.855971112907362e-08,4.241264472959472e-08
75,-1.823756442089973e-06,-4.605924958542634,2.6403611121872743e-05,-2.2073333827960257e-06,-1.9804974693172475e-05,6.262177976168459e-08,-16.586153030395508,0.00022488896502181888,-8.399903297424316,-8.683115083840676e-06,2.7400166800362058e-05,0.00035050921724177897,2.7102169042336755e-05,0.002446400001645088,0.0,4.0,0.00013938290067017078,0.20000001278810098,0.49999999887916996,0.17999999072245446,0.23999999271271383,0.15999998144028887,0.5199999575873553,1.278810096705385e-08,1.120830039891274e-09,9.27754553736726e-09,7.287286163393247e-09,1.855971112907362e-08,4.241264472959472e-08
76,1.6692202411346298e-06,-1.6452833811631409,6.117133328842605e-05,-2.569178251822017e-06,-1.1649939108193053e-05,3.890921362881272e-08,-17.062034606933594,0.00023202599550131708,-8.368660926818848,-4.867922143603209e-06,6.34616008028388e-05,0.00025348292547278106,7.391003600787371e-05,0.002608700073324144,0.0,4.0,0.00013938290067017078,0.20000001278810098,0.49999999887916996,0.17999999072245446,0.23999999271271383,0.15999998144028887,0.5199999575873553,1.278810096705385e-08,1.120830039891274e-09,9.27754553736726e-09,7.287286163393247e-09,1.855971112907362e-08,4.241264472959472e-08
77,0.00028306592205652715,-9.015031744266164,0.004812294496496599,-7.840416225529786e-05,0.004836716490220949,3.2586798624834046e-05,-10.331603050231934,0.007898649200797081,-4.841063499450684,0.0025173528119921684,0.005111266393214464,0.00049756740918383,4.2491734348004684e-05,0.0026482000248506665,0.0,4.0,0.00013938290067017078,0.20000001278810098,0.49999999887916996,0.17999999072245446,0.23999999271271383,0.15999998144028887,0.5199999575873553,1.278810096705385e-08,1.120830039891274e-09,9.27754553736726e-09,7.287286163393247e-09,1.855971112907362e-08,4.241264472959472e-08
78,1.5847237161633118e-05,-7.077372971628411,4.566937865491287e-05,-3.1008190905060225e-05,-3.8714580202111835e-05,9.633195929836802e-08,-16.155466079711914,0.00028954996378161013,-8.14718246459961,-1.8156339137931354e-05,4.857033854932524e-05,0.00043256839853711426,1.307815546169877e-05,0.004081699997186661,0.0,4.0,0.00013938290067017078,0.20000001278810098,0.49999999887916996,0.17999999072245446,0.23999999271271383,0.15999998144028887,0.5199999575873553,1.278810096705385e-08,1.120830039891274e-09,9.27754553736726e-09,7.287286163393247e-09,1.855971112907362e-08,4.241264472959472e-08
79,7.612971383048504e-05,-12.473223365488517,5.987146720866997e-05,-0.0002596044974566351,-3.80921098636617e-05,1.9826411801204813e-07,-15.433666229248047,0.0004374194541014731,-7.734618186950684,-1.7032363757607527e-05,6.517281872220337e-05,0.0006151168490760028,9.531167597742751e-05,0.002094399998895824,0.0,4.0,0.00013938290067017078,0.20000001278810098,0.49999999887916996,0.17999999072245446,0.23999999271271383,0.15999998144028887,0.5199999575873553,1.278810096705385e-08,1.120830039891274e-09,9.27754553736726e-09,7.287286163393247e-09,1.855971112907362e-08,4.241264472959472e-08
80,5.721674172726253e-07,-6.269098768093336,5.5759165776549734e-05,-3.3501384361630804e-05,-5.644075684890957e-05,8.652128968833495e-08,-16.262874603271484,0.00029181534773670137,-8.139389038085938,-2.7492073058965616e-05,5.905444413656369e-05,0.0004056254110764712,4.912246367894113e-06,0.0054602999007329345,0.0,4.0,0.00013938290067017078,0.20000001278810098,0.49999999887916996,0.17999999072245446,0.23999999271271383,0.15999998144028887,0.5199999575873553,1.278810096705385e-08,1.120830039891274e-09,9.27754553736726e-09,7.287286163393247e-09,1.855971112907362e-08,4.241264472959472e-08
81,5.133663703452059e-05,7.871830193752953,0.0013565530612501039,1.621930623533482e-05,-0.0014073767173855827,2.626380819492624e-06,-12.84990406036377,0.0023079197853803635,-6.071408748626709,-0.0007319727446883917,0.001436301856301725,4.946174885844812e-05,0.00022982893278822303,0.002094399998895824,0.0,4.0,0.00013938290067017078,0.20000001278810098,0.49999999887916996,0.17999999072245446,0.23999999271271383,0.15999998144028887,0.5199999575873553,1.278810096705385e-08,1.120830039891274e-09,9.27754553736726e-09,7.287286163393247e-09,1.855971112907362e-08,4.241264472959472e-08
82,0.00014114628826445645,-3.526045534462274,-0.00031461823948261827,0.00013079093893606582,0.0003116382040693656,1.8957929626139958e-07,-15.478458404541016,0.0006780796684324741,-7.296245574951172,0.00016351141675841063,-0.0003350791521370411,0.0003149473632220179,4.403075945447199e-05,0.0021268000127747655,0.0,4.0,0.00013938290067017078,0.20000001278810098,0.49999999887916996,0.17999999072245446,0.23999999271271383,0.15999998144028887,0.5199999575873553,1.278810096705385e-08,1.120830039891274e-09,9.27754553736726e-09,7.287286163393247e-09,1.855971112907362e-08,4.241264472959472e-08
83,-6.338546487242916e-05,-7.407015220610816,2.5973912403782522e-05,6.080016504225398e-06,-5.797137811427104e-05,1.0010834472495844e-07,-16.11701202392578,0.00028663896955549717,-8.157286643981934,-2.8121548893977888e-05,2.7747861167881638e-05,0.00044359106686897576,1.794807758415118e-05,0.002073999959975481,0.0,4.0,0.00013938290067017078,0.20000001278810098,0.49999999887916996,0.17999999072245446,0.23999999271271383,0.15999998144028887,0.5199999575873553,1.278810096705385e-08,1.120830039891274e-09,9.27754553736726e-09,7.287286163393247e-09,1.855971112907362e-08,4.241264472959472e-08
84,4.8086716346137404e-05,4.245943567661971,1.4058598334691926e-05,-5.352653712628815e-06,-1.740221235518019e-05,1.6674464475840978e-08,-17.909387588500977,0.0001374491985188797,-8.892255783081055,-8.687761692272034e-06,1.1675594578264281e-05,6.461136945290491e-05,0.0001695603277767077,0.002648599911481142,0.0,4.0,0.0001374491985188797,0.20000001278810098,0.49999999887916996,0.17999999072245446,0.23999999271271383,0.15999998144028887,0.5199999575873553,1.278810096705385e-08,1.120830039891274e-09,9.27754553736726e-09,7.287286163393247e-09,1.855971112907362e-08,4.241264472959472e-08
85,-0.0003510111437957258,-12.198006734432168,0.005634137494549939,-0.0023395466661862373,0.005336267881597304,4.371811883174814e-05,-10.037748336791992,0.009110664017498493,-4.698309898376465,0.0027775936760008335,0.005984600633382797,0.0006057983264327049,9.114261774811894e-05,0.0026538000674918294,0.0,4.0,0.0001374491985188797,0.20000001278810098,0.49999999887916996,0.17999999072245446,0.23999999271271383,0.15999998144028887,0.5199999575873553,1.278810096705385e-08,1.120830039891274e-09,9.27754553736726e-09,7.287286163393247e-09,1.855971112907362e-08,4.241264472959472e-08
86,1.650036293808119e-05,-8.888352246744887,1.336315966772887e-06,-1.5813303874058016e-05,-4.451222689251173e-06,1.2250616521214397e-07,-15.915104866027832,0.000269009469775483,-8.22076416015625,-7.307357918762136e-08,2.0034458430018276e-06,0.0004933152231387794,4.055066528962925e-05,0.001968099968507886,0.0,4.0,0.0001374491985188797,0.20000001278810098,0.49999999887916996,0.17999999072245446,0.23999999271271383,0.15999998144028887,0.5199999575873553,1.278810096705385e-08,1.120830039891274e-09,9.27754553736726e-09,7.287286163393247e-09,1.855971112907362e-08,4.241264472959472e-08
87,-1.7729711716012777e-07,-6.219587622093178,0.0009312969661024858,-1.751298274838624e-05,-0.0008301609856974989,1.2442148999980418e-06,-13.597005844116211,0.001623209216631949,-6.4233503341674805,-0.00042983380262739956,0.0009888609638437629,0.0004039779887534678,5.050883373769466e-06,0.002081100014038384,0.0,4.0,0.0001374491985188797,0.20000001278810098,0.49999999887916996,0.17999999072245446,0.23999999271271383,0.15999998144028887,0.5199999575873553,1.278810096705385e-08,1.120830039891274e-09,9.27754553736726e-09,7.287286163393247e-09,1.855971112907362e-08,4.241264472959472e-08
88,1.935310987562474e-05,-8.254141654324451,-0.0019585060254618263,3.131308335929679e-06,-0.0017730493461867692,5.2824002523266245e-06,-12.151129722595215,0.0032507693395018578,-5.728863716125488,-0.0009198376210406423,-0.0020795289892703295,0.00047198106767609715,3.0824317946098745e-05,0.002473600092343986,0.0,4.0,0.0001374491985188797,0.20000001278810098,0.49999999887916996,0.17999999072245446,0.23999999271271383,0.15999998144028887,0.5199999575873553,1.278810096705385e-08,1.120830039891274e-09,9.27754553736726e-09,7.287286163393247e-09,1.855971112907362e-08,4.241264472959472e-08
89,0.00015512288282317093,-24.64650386945423,0.00102743027693812,0.0002517686780131525,0.0009109411458111268,2.0129177755734418e-06,-13.115924835205078,0.0022337157279253006,-6.10408878326416,0.00047834584256634116,0.0010960097424685955,0.0010442107450217009,0.00027450916240923107,0.0026464000111445785,0.0,4.0,0.0001374491985188797,0.20000001278810098,0.49999999887916996,0.17999999072245446,0.23999999271271383,0.15999998144028887,0.5199999575873553,1.278810096705385e-08,1.120830039891274e-09,9.27754553736726e-09,7.287286163393247e-09,1.855971112907362e-08,4.241264472959472e-08
90,3.980611383226851e-05,-0.8441223724883263,-0.00029983387591737726,-0.00022812824016595385,-0.0003751918083939612,1.697806055744877e-07,-15.58875846862793,0.0006712899776175618,-7.306309223175049,-0.00019402375619392842,-0.0003201593935955316,0.0002274686557939276,8.674507989780977e-05,0.0053394000278785825,0.0,4.0,0.0001374491985188797,0.20000001278810098,0.49999999887916996,0.17999999072245446,0.23999999271271383,0.15999998144028887,0.5199999575873553,1.278810096705385e-08,1.120830039891274e-09,9.27754553736726e-09,7.287286163393247e-09,1.855971112907362e-08,4.241264472959472e-08
91,2.3002060223991203e-06,-2.5286844026626256,0.0006145258268153379,-6.147878212605122e-06,-0.0005843596468253294,5.57468808892736e-07,-14.399859428405762,0.0011249901726841927,-6.789980888366699,-0.0003025506157428026,0.0006513823755085468,0.0002822883252520114,5.982598304399289e-05,0.002583800000138581,0.0,4.0,0.0001374491985188797,0.20000001278810098,0.49999999887916996,0.17999999072245446,0.23999999271271383,0.15999998144028887,0.5199999575873553,1.278810096705385e-08,1.120830039891274e-09,9.27754553736726e-09,7.287286163393247e-09,1.855971112907362e-08,4.241264472959472e-08
92,-3.085521203809104e-06,1.1291609654681931,0.0010908225237831835,6.775695258625385e-05,-0.0011275607162304125,1.69994802945439e-06,-13.284913063049316,0.0018828784814104438,-6.274953365325928,-0.0005855347262695432,0.0011561339488252997,0.00016382097965106368,0.00011859866208396852,0.0020715000573545694,0.0,4.0,0.0001374491985188797,0.20000001278810098,0.49999999887916996,0.17999999072245446,0.23999999271271383,0.15999998144028887,0.5199999575873553,1.278810096705385e-08,1.120830039891274e-09,9.27754553736726e-09,7.287286163393247e-09,1.855971112907362e-08,4.241264472959472e-08
93,8.51136499140185e-06,-8.206390475879015,2.092241021249507e-05,4.069411037541608e-06,-2.2751630553643892e-05,1.116857291094675e-07,-16.00757598876953,0.00028253617347218096,-8.171704292297363,-9.689842954685446e-06,2.261056943098083e-05,0.00047037811600603163,3.0093389796093106e-05,0.0020285999635234475,0.0,4.0,0.0001374491985188797,0.20000001278810098,0.49999999887916996,0.17999999072245446,0.23999999271271383,0.15999998144028887,0.5199999575873553,1.278810096705385e-08,1.120830039891274e-09,9.27754553736726e-09,7.287286163393247e-09,1.855971112907362e-08,4.241264472959472e-08
94,1.3858566484687385e-06,-3.507085089492462,5.128407388997544e-05,-2.4661668344029488e-06,-5.42800062858208e-05,5.396520563749618e-08,-16.734926223754883,0.0002596045087557286,-8.256351470947266,-2.676873373275157e-05,5.3504776587942615e-05,0.00031433571712113917,4.432625792105682e-05,0.005912000080570579,0.0,4.0,0.0001374491985188797,0.20000001278810098,0.49999999887916996,0.17999999072245446,0.23999999271271383,0.15999998144028887,0.5199999575873553,1.278810096705385e-08,1.120830039891274e-09,9.27754553736726e-09,7.287286163393247e-09,1.855971112907362e-08,4.241264472959472e-08
95,-4.7173507813603626e-06,-3.8181666643333223,-0.0006425352278386569,-2.3760279356749345e-06,-0.0005419137324054981,5.988284783597919e-07,-14.328290939331055,0.0011455256026238203,-6.7718915939331055,-0.00028029343229718506,-0.0006832409417256713,0.00032455730251967907,3.942509647458792e-05,0.0025736000388860703,0.0,4.0,0.0001374491985188797,0.20000001278810098,0.49999999887916996,0.17999999072245446,0.23999999271271383,0.15999998144028887,0.5199999575873553,1.278810096705385e-08,1.120830039891274e-09,9.27754553736726e-09,7.287286163393247e-09,1.855971112907362e-08,4.241264472959472e-08
96,0.002710927282553536,-17.15606109387111,0.0006205368779299442,-0.001276386970143474,0.005893828421102715,1.016805981635116e-05,-11.496258735656738,0.0042014759965240955,-5.472319602966309,0.0030682766810059547,0.0006618642364628613,0.0007771400269120932,0.00016553055320400745,0.0024877000832930207,0.0,4.0,0.0001374491985188797,0.20000001278810098,0.49999999887916996,0.17999999072245446,0.23999999271271383,0.15999998144028887,0.5199999575873553,1.278810096705385e-08,1.120830039891274e-09,9.27754553736726e-09,7.287286163393247e-09,1.855971112907362e-08,4.241264472959472e-08
97,1.192564795616789e-06,-5.100437722821825,2.9975054994223978e-05,-2.6831767537957936e-06,-3.2462212977851204e-05,6.869225899208686e-08,-16.493629455566406,0.00023969523317646235,-8.336142539978027,-1.5193229955912102e-05,3.133578866254538e-05,0.0003668506979010999,1.9481733033899218e-05,0.002570200012996793,0.0,4.0,0.0001374491985188797,0.20000001278810098,0.49999999887916996,0.17999999072245446,0.23999999271271383,0.15999998144028887,0.5199999575873553,1.278810096705385e-08,1.120830039891274e-09,9.27754553736726e-09,7.287286163393247e-09,1.855971112907362e-08,4.241264472959472e-08
98,0.00010868255535136909,-4.4589317814106275,0.0013131586521313396,-4.12091885519645e-05,0.0012843794216301422,2.451291493343888e-06,-12.918895721435547,0.0022508837282657623,-6.096432209014893,0.0006694714538753033,0.0013938900083303452,0.00034565365058369935,2.9390770578174852e-05,0.0024722000816836953,0.0,4.0,0.0001374491985188797,0.20000001278810098,0.49999999887916996,0.17999999072245446,0.23999999271271383,0.15999998144028887,0.5199999575873553,1.278810096705385e-08,1.120830039891274e-09,9.27754553736726e-09,7.287286163393247e-09,1.855971112907362e-08,4.241264472959472e-08
99,-5.031685383769053e-06,1.9287475399840615,-0.0008034148568698517,-1.069585769037123e-05,5.105082364770876e-05,7.513208402087912e-07,-14.101432800292969,0.001017920789308846,-6.889993190765381,2.723093166423496e-05,-0.00085578573634848,0.00013821179163642228,0.00013159636000636965,0.0025004000635817647,0.0,4.0,0.0001374491985188797,0.20000001278810098,0.49999999887916996,0.17999999072245446,0.23999999271271383,0.15999998144028887,0.5199999575873553,1.278810096705385e-08,1.120830039891274e-09,9.27754553736726e-09,7.287286163393247e-09,1.855971112907362e-08,4.241264472959472e-08
100,2.198029352769854e-05,-6.728962480826034,0.0002900224400477869,-2.950536909443237e-06,-0.000334466179353695,2.1306081521288434e-07,-15.361688613891602,0.0006945846835151315,-7.272196292877197,-0.00017199813737533987,0.000307973736198619,0.0004209401668049395,8.285383955808356e-06,0.0026911000022664666,0.0,4.0,0.0001374491985188797,0.20000001278810098,0.49999999887916996,0.17999999072245446,0.23999999271271383,0.15999998144028887,0.5199999575873553,1.278810096705385e-08,1.120830039891274e-09,9.27754553736726e-09,7.287286163393247e-09,1.855971112907362e-08,4.241264472959472e-08
